date,block,S_raw,O_raw,R_raw,L_raw,S_z,O_z,R_z,L_z,N,G,q95,qualifies
2021-01-01,,,4.070000000000007,,,,,,,,,,False
2021-01-02,,,7.0,,,,,,,,,,False
2021-01-03,,,2.924999999999997,,,,,,,,,,False
2021-01-04,,,5.804999999999993,,,,,,,,,,False
2021-01-05,,,2.6300000000000097,,,,,,,,,,False
2021-01-06,,,11.059999999999988,,,,,,,,,,False
2021-01-07,,,19.055000000000007,,,,,,,,,,False
2021-01-08,,0.3433305850276316,11.889999999999986,,,,,,,,,,False
2021-01-09,,0.2080004165683981,4.289999999999992,,,,,,,,,,False
2021-01-10,,0.18284829622538934,4.150000000000006,,,,,,,,,,False
2021-01-11,,0.014311710045459955,-1.3499999999999943,,,,,,,,,,False
2021-01-12,,0.07500341180324768,13.340000000000003,-0.030000000000000013,,,,,,,,,False
2021-01-13,,0.004870259260057566,15.794999999999987,-0.010000000000000009,,,,,,,,,False
2021-01-14,,0.004245065836821351,31.14500000000001,-0.0,,,,,,,,,False
2021-01-15,,-0.13328277578137562,11.904999999999973,-0.01999999999999999,,,,,,,,,False
2021-01-16,,-0.0716036681383623,19.51000000000002,0.010000000000000009,,,,,,,,,False
2021-01-17,,-0.08835763341116357,11.600000000000023,0.010000000000000009,,,,,,,,,False
2021-01-18,,0.13004743979516664,0.539999999999992,0.010000000000000009,,,,,,,,,False
2021-01-19,,0.06544669049417773,9.5,0.010000000000000009,,,,,,,,,False
2021-01-20,,-0.0026001880232596336,-1.6899999999999977,-0.0,,,,,,,,,False
2021-01-21,,-0.23415442230317016,-13.769999999999996,0.010000000000000009,,,,,,,,,False
2021-01-22,,-0.11019669711049304,1.0250000000000057,0.010000000000000009,,,,,,,,,False
2021-01-23,,-0.14766448810159208,,0.03,,,,,,,,,False
2021-01-24,,-0.12392118329210774,-17.459999999999994,0.03,,,,,,,,,False
2021-01-25,,-0.06488762838158169,4.349999999999994,0.03,,,,,,,,,False
2021-01-26,,-0.1554874990304624,-5.840000000000003,-0.0,,,,,,,,,False
2021-01-27,,-0.12789010180249413,-10.834999999999994,0.030000000000000013,,,,,,,,,False
2021-01-28,,0.042226882323478626,-7.070000000000007,0.010000000000000009,,,,,,,,,False
2021-01-29,,0.10712860324284897,1.710000000000008,0.010000000000000009,,,,,,,,,False
2021-01-30,,0.05559764323707043,,0.020000000000000004,,,,,,,,,False
2021-01-31,,0.03599191538134825,2.1099999999999994,0.020000000000000004,,,,,,,,,False
2021-02-01,,-0.013362470090618936,2.9000000000000057,0.020000000000000004,0.29119848258956954,,,,,,,,False
2021-02-02,,0.08905772343683467,1.990000000000009,0.020000000000000004,0.2735079315481608,,,,,,,,False
2021-02-03,,0.19617873594860857,4.474999999999994,-0.0,0.23726551180108416,,,,,,,,False
2021-02-04,,0.1300598753556548,6.070000000000007,0.009999999999999995,0.19238195191786114,,,,,,,,False
2021-02-05,,0.04806379006296214,5.290000000000006,0.009999999999999995,0.2671142477635835,,,,,,,,False
2021-02-06,,0.17889786955648043,6.799999999999997,0.020000000000000004,0.2535769516841989,,,,,,,,False
2021-02-07,,0.1490808453563866,3.359999999999985,0.020000000000000004,0.25043178584546705,,,,,,,,False
2021-02-08,,0.2551116911159016,3.9950000000000045,0.020000000000000004,0.2503183620249079,,,,,,,,False
2021-02-09,,0.2844914012525067,-1.5600000000000023,-0.0,0.25807969058720465,,,,,,,,False
2021-02-10,,0.18614245104567145,0.06499999999999773,-0.0,0.2572707807495301,,,,,,,,False
2021-02-11,,0.25362207973549905,-8.800000000000011,-0.0,0.28869094820728186,,,,,,,,False
2021-02-12,,0.23043776830393903,-4.180000000000007,-0.0,0.29634436306438733,,,,,,,,False
2021-02-13,,0.14907208065115748,-5.839999999999989,-0.020000000000000004,0.2927574776957969,,,,,,,,False
2021-02-14,,0.2496164816800838,1.0100000000000051,-0.020000000000000004,0.31685362417103974,,,,,,,,False
2021-02-15,,0.11597288911972131,-5.040000000000006,-0.020000000000000004,0.32707450757972556,,,,,,,,False
2021-02-16,,0.03580883524563783,-7.400000000000006,-0.020000000000000004,0.3236930832001335,,,,,,,,False
2021-02-17,,0.13553024170218905,-5.179999999999993,-0.020000000000000004,0.3268921821393837,,,,,,,,False
2021-02-18,,0.09035918329201435,0.25499999999999545,-0.0,0.34717929151905486,,,,,,,,False
2021-02-19,,0.1326912133993847,-0.7999999999999972,-0.0,0.33391603610589066,,,,,,,,False
2021-02-20,,0.18507374561421397,0.4550000000000125,-0.0,0.3459438118755969,,,,,,,,False
2021-02-21,,0.16392285091455042,,-0.0,0.3745607582436718,,,,,,,,False
2021-02-22,,0.09218131089534867,0.8599999999999994,-0.0,0.38235713291756623,,,,,,,,False
2021-02-23,,-0.01682630745398276,1.295000000000016,-0.0,0.3746775951665571,,,,,,,,False
2021-02-24,,-0.03845460221514959,-19.200000000000003,0.020000000000000004,0.38208753627181136,,,,,,,,False
2021-02-25,,-0.028392189896332562,-8.810000000000002,-0.009999999999999995,0.37747083324091396,,,,,,,,False
2021-02-26,,-0.12193821271750255,-9.590000000000003,-0.06000000000000001,0.39032911428612727,,,,,,,,False
2021-02-27,,-0.19047069036969266,-7.400000000000006,-0.030000000000000013,0.37105542500700256,,,,,,,,False
2021-02-28,,-0.2827449680026985,-5.390000000000001,-0.030000000000000013,0.36598631740445087,,,,,,,,False
2021-03-01,,-0.0804016936717343,-6.480000000000004,-0.030000000000000013,0.34235848821585924,,,,,,,,False
2021-03-02,,0.0033340745394585705,-7.799999999999997,-0.020000000000000004,0.3545442943197049,,,,,,,,False
2021-03-03,,0.03524207696732578,1.2149999999999892,-0.020000000000000004,0.36028140145338905,,,,,,,,False
2021-03-04,,-0.01870429984620338,-3.6599999999999966,-0.020000000000000018,0.3740820712118675,,,,,,,,False
2021-03-05,,-0.00982657289509061,-3.8100000000000023,0.03,0.36539150962798606,,,,,,,,False
2021-03-06,,0.018426259673739034,0.9399999999999977,-0.0,0.41287687260090994,,,,,,,,False
2021-03-07,,0.15976173348006253,-0.950000000000017,-0.0,0.3460303825713522,,,,,,,,False
2021-03-08,,0.0319938620760274,-0.9899999999999949,-0.0,0.3380599242274164,,,,,,,,False
2021-03-09,,0.12965722845634234,-1.7049999999999983,-0.04000000000000001,0.3070907720383387,,,,,,,,False
2021-03-10,,0.10988414880395773,-0.3299999999999983,-0.04000000000000001,0.2999345777435077,,,,,,,,False
2021-03-11,,0.13490861167207388,0.8199999999999932,-0.01999999999999999,0.2895085840696758,,,,,,,,False
2021-03-12,,0.185450706093001,0.7399999999999949,-0.0,0.2862927466593883,,,,,,,,False
2021-03-13,,0.22526112403667317,0.3450000000000131,-0.0,0.2630955139803924,,,,,,,,False
2021-03-14,,0.1542519981873859,3.105000000000004,-0.0,0.26213432212907756,,,,,,,,False
2021-03-15,,0.10476837248308457,3.055000000000007,-0.0,0.2574713546874107,,,,,,,,False
2021-03-16,,0.028424961228801265,0.1699999999999875,0.03,0.24945040504385466,,,,,,,,False
2021-03-17,,-0.030896272790444584,4.969999999999999,0.020000000000000018,0.25133060951677927,,,,,,,,False
2021-03-18,,0.037996334313636526,-1.0799999999999983,0.03,0.25269818703685515,,,,,,,,False
2021-03-19,,0.02564655239665073,-4.910000000000011,-0.01999999999999999,0.24807826251291745,,,,,,,,False
2021-03-20,,-0.013266564183922386,-5.4950000000000045,-0.01999999999999999,0.2335542130972315,,,,,,,,False
2021-03-21,,-0.04020612088381092,-2.950000000000003,-0.01999999999999999,0.23429923876063097,,,,,,,,False
2021-03-22,,0.008717333665570115,-1.9450000000000074,-0.01999999999999999,0.23887799422701114,,,,,,,,False
2021-03-23,,-0.0019671532501854875,-6.685000000000002,-0.009999999999999981,0.20829067302825102,,,,,,,,False
2021-03-24,,0.008786420326098315,-2.0400000000000063,-0.0,0.2028463300817245,,,,,,,,False
2021-03-25,,-0.1410332790938231,-0.4299999999999926,-0.010000000000000009,0.20016918741064957,,,,,,,,False
2021-03-26,,-0.09028956376762666,-1.6149999999999949,0.01999999999999999,0.19237519530258423,,,,,,,,False
2021-03-27,,-0.04981257273925743,-1.549999999999983,0.01999999999999999,0.1953911257859451,,,,,,,,False
2021-03-28,,-0.016647160510353882,-0.5849999999999937,0.01999999999999999,0.20775397016742125,,,,,,,,False
2021-03-29,,0.015196105815252473,0.4300000000000068,0.01999999999999999,0.21456065033339364,,,,,,,,False
2021-03-30,,0.05515321107953787,2.789999999999992,0.009999999999999981,0.20767091206186405,,,,,,,,False
2021-03-31,,0.05642868003670869,0.4000000000000057,-0.010000000000000009,0.2077775575230716,,,,,,,,False
2021-04-01,,0.1356061010258486,-5.420000000000002,-0.01999999999999999,0.18599190196566845,,,,,,,,False
2021-04-02,,0.09728116249172274,2.3299999999999983,-0.03,0.195230262099287,,,,,,,,False
2021-04-03,,0.04604005162921205,7.650000000000006,-0.04999999999999999,0.1689972145760741,,,,,,,,False
2021-04-04,,0.030714584012549298,1.509999999999991,-0.04999999999999999,0.21647131009241086,,,,,,,,False
2021-04-05,,0.02334254082687288,-1.2999999999999972,-0.04999999999999999,0.21324141996724452,,,,,,,,False
2021-04-06,,-0.010631586449300267,-2.9799999999999898,-0.03,0.21710627412492234,,,,,,,,False
2021-04-07,,-0.0417502219575024,-1.4650000000000034,-0.0,0.22767205801278365,,,,,,,,False
2021-04-08,,-0.017725438511970677,-11.160000000000004,-0.0,0.22838503739391955,,,,,,,,False
2021-04-09,,-0.018095793654195662,-10.700000000000003,0.03,0.23933957464057928,,,,,,,,False
2021-04-10,,0.024444016595049026,-1.490000000000009,0.03,0.22372417168024594,,,,,,,,False
2021-04-11,,0.02616673229767846,7.1000000000000085,0.03,0.22267922037682963,,,,,,,,False
2021-04-12,,0.01662821050667982,-7.110000000000014,0.03,0.22043254427887804,,,,,,,,False
2021-04-13,,0.08374686091863441,1.7199999999999847,-0.009999999999999981,0.22729009352313445,,,,,,,,False
2021-04-14,,0.11501329719160626,-4.525000000000006,-0.0,0.22448031970744012,,,,,,,,False
2021-04-15,,0.08216356931487967,-5.334999999999994,-0.0,0.24206600467112102,,,,,,,,False
2021-04-16,,0.05863150680286212,-8.489999999999995,-0.01999999999999999,0.23522716364648336,,,,,,,,False
2021-04-17,,0.0018568993037319558,0.7900000000000063,-0.0,0.24115257294346937,,,,,,,,False
2021-04-18,,-0.07197125215534655,-4.165000000000006,-0.0,0.26395009301320504,,,,,,,,False
2021-04-19,,-0.08970353286709813,-8.969999999999999,-0.0,0.2666053811285537,,,,,,,,False
2021-04-20,,-0.12402285220853514,-8.810000000000002,0.01999999999999999,0.3010096379994475,,,,,,,,False
2021-04-21,,-0.1300337974705315,-17.85,0.010000000000000009,0.28579123282300023,,,,,,,,False
2021-04-22,,-0.13235146804457854,-13.429999999999993,0.010000000000000009,0.29355903999724736,,,,,,,,False
2021-04-23,,-0.2138910765037587,-9.320000000000007,-0.0,0.2940347682330566,,,,,,,,False
2021-04-24,,-0.1906930173862685,-7.454999999999998,-0.0,0.30147739816307034,,,,,,,,False
2021-04-25,,-0.0952692481755539,-7.400000000000006,-0.0,0.3019826158529421,,,,,,,,False
2021-04-26,,-0.028535232113138992,-4.730000000000004,-0.0,0.2982226083920341,,,,,,,,False
2021-04-27,,-0.020310320389266848,-14.649999999999991,-0.01999999999999999,0.28379438772664606,,,,,,,,False
2021-04-28,,-0.01881600922562327,0.730000000000004,-0.020000000000000018,0.28586238398214403,,,,,,,,False
2021-04-29,,-0.035697233899416335,-4.905000000000001,-0.020000000000000018,0.27901262452036046,,,,,,,,False
2021-04-30,,0.1291467477014382,-6.429999999999993,-0.0,0.29480148347813,,,,,,,,False
2021-05-01,,0.14179303717846625,-3.499999999999993,-0.0,0.28626605377864306,,,,,,,,False
2021-05-02,,0.11536161394886262,-6.584999999999994,-0.0,0.2852413545246236,,,,,,,,False
2021-05-03,,0.07950547647367781,-6.85499999999999,-0.0,0.28869078023784595,,,,,,,,False
2021-05-04,,-0.015003895792339244,-7.950000000000003,0.01999999999999999,0.266540887136987,,,,,,,,False
2021-05-05,,0.048351044346202715,-12.64,0.010000000000000009,0.2628415898224477,,,,,,,,False
2021-05-06,,0.06832885384982104,-8.969999999999999,0.010000000000000009,0.2820636650755031,,,,,,,,False
2021-05-07,,0.027699672147169355,-8.0,-0.0,0.27208767398003475,,,,,,,,False
2021-05-08,,0.015284469334432595,-12.27000000000001,0.01999999999999999,0.277621284266747,,,,,,,,False
2021-05-09,,0.018259266806587526,-3.9000000000000057,0.01999999999999999,0.27322370126246964,,,,,,,,False
2021-05-10,,-0.0021109386729172776,1.980000000000004,0.01999999999999999,0.2681348703998514,,,,,,,,False
2021-05-11,,0.039157686207927034,-4.349999999999994,-0.0,0.27892397730968443,,,,,,,,False
2021-05-12,,-0.04273188458378,-2.144999999999982,-0.0,0.2928485922393566,,,,,,,,False
2021-05-13,,-0.1537355248217471,-9.36,-0.0,0.2882530969308536,,,,,,,,False
2021-05-14,,-0.13752858910960788,-7.739999999999995,-0.0,0.29088074950336973,,,,,,,,False
2021-05-15,,-0.19838983666092777,-11.010000000000005,-0.01999999999999999,0.2500715930009784,,,,,,,,False
2021-05-16,,-0.19751430094771702,-8.97999999999999,-0.01999999999999999,0.2514001794103954,,,,,,,,False
2021-05-17,,-0.30198373481174823,-13.995000000000005,-0.01999999999999999,0.24327429063523381,,,,,,,,False
2021-05-18,,-0.25026153287260094,-15.684999999999988,-0.0,0.2201468060459024,,,,,,,,False
2021-05-19,,-0.3297817828787756,-29.625000000000014,-0.0,0.22920373650053055,,,,,,,,False
2021-05-20,,-0.21283207283199726,-23.004999999999995,-0.0,0.1860351389886012,,,,,,,,False
2021-05-21,,-0.3162992016524334,-9.599999999999994,0.010000000000000009,0.17107915228620055,,,,,,,,False
2021-05-22,,-0.22697035753287503,-18.980000000000004,-0.010000000000000009,0.17888997069194365,,,,,,,,False
2021-05-23,,-0.3828934055544982,-13.600000000000023,-0.010000000000000009,0.1959327359473965,,,,,,,,False
2021-05-24,,-0.1305319623736228,-13.275000000000006,-0.010000000000000009,0.1984742220867549,,,,,,,,False
2021-05-25,,-0.1428134368987027,-14.179999999999993,0.010000000000000009,0.20829587969174146,,,,,,,,False
2021-05-26,,-0.02576904618066086,-16.810000000000002,0.010000000000000009,0.21517468841298593,,,,,,,,False
2021-05-27,,-0.012530419632566991,-15.39,0.01999999999999999,0.20885072733620913,,,,,,,,False
2021-05-28,,-0.03343765794566526,-13.08999999999999,0.009999999999999981,0.21477323525172784,,,,,,,,False
2021-05-29,,-0.0909985871565331,-20.14,0.03,0.22496606532371,,,,,,,,False
2021-05-30,,0.10301434028286217,-34.25500000000001,0.03,0.22232119772574746,,,,,,,,False
2021-05-31,,-0.006445456001801047,-12.929999999999993,0.03,0.22207705978703293,,,,,,,,False
2021-06-01,,-0.05232260164704107,-18.330000000000013,0.03,0.18679518241786647,,,,,,,,False
2021-06-02,,-0.017237432952194123,-19.209999999999994,-0.010000000000000009,0.21346505904254612,,,,,,,,False
2021-06-03,,0.0013395697567697023,-13.86999999999999,0.01999999999999999,0.2050354474342758,,,,,,,,False
2021-06-04,,0.02966621253597134,-14.585000000000008,-0.01999999999999999,0.20349436690871425,,,,,,,,False
2021-06-05,,0.0349898324792907,-12.719999999999999,-0.0,0.18337275410155202,,,,,,,,False
2021-06-06,,0.013610624841828844,,-0.0,0.17915974812890578,,,,,,,,False
2021-06-07,,-0.036318342111560896,-15.279999999999987,-0.0,0.1758386821104838,,,,,,,,False
2021-06-08,,-0.1087844482911033,-16.385000000000005,-0.01999999999999999,0.1783209865267781,,,,,,,,False
2021-06-09,,-0.03779745316826062,-14.390000000000015,0.01999999999999999,0.1697846391096215,,,,,,,,False
2021-06-10,,-0.05478059996395407,-9.85499999999999,-0.03,0.1616979014936584,,,,,,,,False
2021-06-11,,-0.006489570263733781,-11.004999999999995,0.01999999999999999,0.14698656480236524,,,,,,,,False
2021-06-12,,-0.015461586241348118,,-0.01999999999999999,0.13419739378265005,,,,,,,,False
2021-06-13,,0.0219769563274584,-5.859999999999999,-0.01999999999999999,0.13185100476025013,,,,,,,,False
2021-06-14,,0.11510832702751218,-6.39500000000001,-0.01999999999999999,0.13961974582670594,,,,,,,,False
2021-06-15,,0.22226164797033066,-6.969999999999999,-0.0,0.13386272052680837,,,,,,,,False
2021-06-16,,0.058029431514251946,-5.1299999999999955,-0.01999999999999999,0.13449473233818296,,,,,,,,False
2021-06-17,,0.045325717725328965,-6.8999999999999915,-0.04999999999999999,0.13065718012140812,,,,,,,,False
2021-06-18,,-0.001690481758338198,-7.820000000000007,-0.09,0.10768906899228044,,,,,,,,False
2021-06-19,,0.010276286301597638,-7.095000000000013,-0.1,0.11523177410736189,,,,,,,,False
2021-06-20,,-0.06849914096919558,-9.325000000000003,-0.1,0.12902218452114927,,,,,,,,False
2021-06-21,,-0.22159177917790832,-6.635000000000005,-0.1,0.11300610465128029,,,,,,,,False
2021-06-22,,-0.2118157375806832,-5.890000000000001,-0.11000000000000001,0.09461047094517948,,,,,,,,False
2021-06-23,,-0.1378545115243844,-5.814999999999998,-0.09,0.0856952602416796,,,,,,,,False
2021-06-24,,-0.10936591241878277,-6.900000000000006,-0.05000000000000002,0.08140411939419742,,,,,,,,False
2021-06-25,,-0.13588539367929844,-9.385000000000005,-0.03,0.07685989184995472,,,,,,,,False
2021-06-26,,-0.13847814921095827,-8.564999999999998,-0.020000000000000018,0.07541484245564901,,,,,,,,False
2021-06-27,,-0.04645980850637813,-6.160000000000011,-0.020000000000000018,0.06639790548838388,,,,,,,,False
2021-06-28,,0.07377690015101901,-10.950000000000003,-0.020000000000000018,0.058726223550160564,,,,,,,,False
2021-06-29,,0.11136120330802998,-5.570000000000007,0.020000000000000018,0.05305648697029264,,,,,,,,False
2021-06-30,,0.012638644915129157,-13.36,-0.020000000000000018,0.05292074719127853,,,,,,,,False
2021-07-01,A_DISCOVERY,-0.040423007734535575,-19.144999999999996,0.010000000000000009,0.0686273765778307,,,,,,,,False
2021-07-02,A_DISCOVERY,0.050501449302516294,-14.924999999999983,0.010000000000000009,0.040871460313857584,,,,,,,,False
2021-07-03,A_DISCOVERY,0.09992854219919924,-17.194999999999993,0.040000000000000036,0.03676923702999825,,,,,,,,False
2021-07-04,A_DISCOVERY,0.07186458997714812,-14.840000000000003,0.040000000000000036,0.043429315296817636,,,,,,,,False
2021-07-05,A_DISCOVERY,-0.029153646351531882,-10.879999999999995,0.040000000000000036,0.037355068488606494,,-0.6898543274682458,,,,,,False
2021-07-06,A_DISCOVERY,-0.06481979721178047,-14.760000000000005,0.040000000000000036,0.030686569208336505,,-1.1364092982138925,,,,,,False
2021-07-07,A_DISCOVERY,0.013228330445405192,,0.03,0.03385780089680127,0.07902841784312659,,,,,,,False
2021-07-08,A_DISCOVERY,-0.007560276997175737,-11.519999999999996,0.05000000000000002,0.03271504889755105,-0.11391348919589397,-0.7376868297472714,,,,,,False
2021-07-09,A_DISCOVERY,-0.002080618041094398,-12.63000000000001,0.06,0.03644385608994796,-0.05608151366959508,-0.8698252096775381,,,,,,False
2021-07-10,A_DISCOVERY,-0.014994830935634433,-8.579999999999998,0.01999999999999999,0.03430422031809669,-0.16905374017869293,-0.37676160938562914,,,,,,False
2021-07-11,A_DISCOVERY,-0.0420210451917476,-6.135000000000005,0.01999999999999999,0.03135406306504244,-0.4192080234567054,-0.07338703071506057,0.6744907594765952,,0.3005518643807673,-0.7197598878374727,,False
2021-07-12,A_DISCOVERY,-0.014819668149180641,-8.14,0.01999999999999999,0.035786629991682584,-0.14437667945032961,-0.30914159809343905,0.6744907594765952,,0.18267458069157808,-0.32705126014190766,,False
2021-07-13,A_DISCOVERY,-0.03718113623023411,-9.579999999999998,0.009999999999999981,0.03585183087517388,-0.34797154191580776,-0.4786811489240519,0.33724537973829716,,-0.07071788459287737,-0.2772536573229304,,False
2021-07-14,A_DISCOVERY,-0.05143158387019651,-8.400000000000006,-0.04000000000000001,0.03608445842293612,-0.48631811302037964,-0.3312606895462999,-1.3489815189531913,,-0.8401211042497456,0.353802991229366,,False
2021-07-15,A_DISCOVERY,-0.040409071470294614,-11.36,-0.010000000000000009,0.033211217383440704,-0.3865809462924743,-0.7205902248601143,-0.33724537973829805,,-0.5289178022992062,0.14233685600673185,,False
2021-07-16,A_DISCOVERY,-0.04466269879660011,-11.670000000000002,-0.04000000000000001,0.03205066449057031,-0.4447148330643798,-0.761553619321358,-1.3489815189531913,,-1.0552675691372746,0.6105527360728948,,False
2021-07-17,A_DISCOVERY,-0.07111268377412287,-0.9399999999999977,-0.01999999999999999,0.03760765964349131,-0.7416820646184673,0.6604931230588862,-0.6744907594765952,,-0.006998818208854507,-0.7346832464096128,,False
2021-07-18,A_DISCOVERY,-0.07777069151005507,-11.079999999999998,-0.01999999999999999,0.03680167786817254,-0.8133159591953851,-0.6688810026707713,-0.6744907594765952,,-0.6716858810736832,-0.14163007812170192,,False
2021-07-19,A_DISCOVERY,-0.0766378121353409,-14.405000000000001,-0.01999999999999999,0.03802113788389321,-0.8016667828117837,-1.0757329688803434,-0.6744907594765952,,-0.8751118641784693,0.0734450813666856,,False
2021-07-20,A_DISCOVERY,-0.10120586494363486,-12.949999999999989,0.020000000000000018,0.03980855988916459,-1.0284981203788246,-0.8621723357485762,0.6744907594765961,,-0.09384078813599006,-0.9346573322428345,,False
2021-07-21,A_DISCOVERY,-0.02244952552254161,-9.269999999999996,0.06,0.03470968812560173,-0.19281570829871958,-0.37171790650035996,2.0234722784297867,,0.8258771859647134,-1.018692894263433,,False
2021-07-22,A_DISCOVERY,0.0234889657458104,-8.834999999999994,0.010000000000000009,0.03262928416840189,0.29913901644429913,-0.3141463811260849,0.33724537973829805,,0.011549499306106575,0.2875895171381926,,False
2021-07-23,A_DISCOVERY,0.0035517059385754566,-6.039999999999992,0.03,0.03860507402290353,0.06171139303975216,0.06571448052269599,1.0117361392148934,,0.5387253098687946,-0.4770139168290425,,False
2021-07-24,A_DISCOVERY,0.0829576582430167,-6.034999999999997,0.03,0.03049599607783547,0.9497121834026749,0.06691109727609335,1.0117361392148934,,0.5393236182454934,0.4103885651571816,,False
2021-07-25,A_DISCOVERY,0.08381212205381136,-7.400000000000006,0.03,0.0316941230698074,0.9601846293253129,-0.11737627559597796,1.0117361392148934,,0.4471799318094577,0.5130046975158552,,False
2021-07-26,A_DISCOVERY,0.240291361703771,-0.6800000000000068,0.03,0.03237229653002446,2.7722430858196447,0.7912423746184382,1.0117361392148934,,0.9014892569166657,1.870753828902979,,False
2021-07-27,A_DISCOVERY,0.23784996449915322,-3.1699999999999875,-0.010000000000000009,0.03545379657666351,2.808801906330655,0.4549599154944947,-0.33724537973829805,,0.058857267878098335,2.7499446384525563,,False
2021-07-28,A_DISCOVERY,0.22272670006391684,2.135000000000005,-0.0,0.02986016416271621,2.4163229031911384,1.1745150492744116,0.0,,0.5872575246372058,1.8290653785539326,,False
2021-07-29,A_DISCOVERY,0.20556835650728286,-2.010000000000005,0.01999999999999999,0.03354540402171139,2.2288296357971915,0.6112357647040685,0.6744907594765952,,0.6428632620903318,1.5859663737068597,,False
2021-07-30,A_DISCOVERY,0.18998321962241685,,-0.0,0.0344805190599973,1.9086026130300895,,0.0,,,,,False
2021-07-31,A_DISCOVERY,0.1817261464917488,-5.969999999999999,0.03,0.039925909802556905,1.7758736039733074,0.06676082007064253,1.0117361392148934,-1.8939384841342897,0.06676082007064253,1.709112783902665,,False
2021-08-01,A_DISCOVERY,0.18715835362342098,-2.8049999999999926,0.03,0.04046153277075103,1.7737623144326193,0.5024267902223627,1.0117361392148934,-1.8611518280272128,0.5024267902223627,1.2713355242102566,,False
2021-08-02,A_DISCOVERY,0.019431034068214614,3.6100000000000136,0.03,0.03349916234820656,0.16179993085917765,1.391679595852635,1.0117361392148934,-1.9141684716683778,1.0117361392148934,-0.8499362083557157,,False
2021-08-03,A_DISCOVERY,0.020404159795880193,-1.5549999999999926,0.04999999999999999,0.026565248363606013,0.1757594344062675,0.662565285830106,1.6862268986914886,-1.935535034145715,0.662565285830106,-0.4868058514238385,,False
2021-08-04,A_DISCOVERY,-0.015932132744167337,-1.259999999999991,0.03,0.02812748970194356,-0.1877106250798153,0.7057888187015294,1.0117361392148934,-1.8895103440578986,0.7057888187015294,-0.8934994437813447,,False
2021-08-05,A_DISCOVERY,0.00017314152248765864,3.200000000000003,0.03,0.03598773235834153,-0.014438179545450435,1.33315665754733,1.0117361392148934,-1.7378852692107465,1.0117361392148934,-1.0261743187603438,,False
2021-08-06,A_DISCOVERY,0.0886996333059328,0.37000000000000455,-0.009999999999999981,0.013231453728796522,0.9609769393277687,0.9350734772931557,-0.33724537973829716,-1.8927751975084233,-0.33724537973829716,1.298222319066066,,False
2021-08-07,A_DISCOVERY,0.05699718535932865,0.1599999999999966,-0.01999999999999999,0.01489078699512268,0.6145568125669203,0.9055337360022089,-0.6744907594765952,-1.7914845124301766,-0.6744907594765952,1.2890475720435155,,False
2021-08-08,A_DISCOVERY,0.058004501179553705,-0.09000000000000341,-0.01999999999999999,0.01968505203003084,0.6706719878744806,0.8703673773225115,-0.6744907594765952,-1.718539511651958,-0.6744907594765952,1.3451627473510759,,False
2021-08-09,A_DISCOVERY,0.1420792382764799,1.3299999999999983,-0.01999999999999999,0.026341373609300053,1.6646867238012595,1.070112294623193,-0.6744907594765952,-1.626373190311106,-0.6744907594765952,2.3391774832778545,,False
2021-08-10,A_DISCOVERY,0.15405357310522033,-3.3999999999999915,-0.06,0.026914295881693796,1.8057361833355456,0.40476478840331964,-2.0234722784297867,-1.6003726438382229,-1.6003726438382229,3.4061088271737683,,False
2021-08-11,A_DISCOVERY,0.16023405361259027,3.6799999999999926,-0.06999999999999998,0.02659221962319908,1.878538008881159,1.4109751549344962,-2.3607176581680838,-1.5864982508550887,-1.5864982508550887,3.4650362597362476,,False
2021-08-12,A_DISCOVERY,0.10182480616048467,1.1350000000000051,-0.06,0.024335125981946024,1.1905170955900204,1.0503493181975367,-2.0234722784297867,-1.6038025212131464,-1.6038025212131464,2.7943196168031665,,False
2021-08-13,A_DISCOVERY,0.09023163549563541,-0.7700000000000102,-0.020000000000000018,0.021883393561302228,1.0539574887347865,0.7804113146675105,-0.6744907594765961,-1.592630600491203,-0.6744907594765961,1.7284482482113825,,False
2021-08-14,A_DISCOVERY,0.06965689229120822,8.899999999999991,-0.020000000000000018,0.025389768423621388,0.8116011114873626,2.134949635444429,-0.6744907594765961,-1.534349411878996,-0.6744907594765961,1.4860918709639588,,False
2021-08-15,A_DISCOVERY,0.04845158901852855,-5.800000000000011,-0.020000000000000018,0.024134964227867765,0.5618171686922103,0.0671677450782219,-0.6744907594765961,-1.5371687255951683,-0.6744907594765961,1.2363079281688063,,False
2021-08-16,A_DISCOVERY,0.011876685651489645,-5.954999999999998,-0.020000000000000018,0.026160333702875165,0.1309898679508432,0.026757232601597344,-0.6744907594765961,-1.513246496460998,-0.6744907594765961,0.8054806274274393,,False
2021-08-17,A_DISCOVERY,0.019040722564145678,-3.625,0.020000000000000018,0.0346042973660051,0.21733629200991975,0.3506239960390968,0.6744907594765961,-1.4360037173499571,0.3506239960390968,-0.13328770402917703,,False
2021-08-18,A_DISCOVERY,-0.010178540419953587,-6.960000000000008,0.009999999999999981,0.02923572143757675,-0.13180731802678075,-0.11293637137037274,0.33724537973829716,-1.4791126553364222,-0.11293637137037274,-0.01887094665640801,,False
2021-08-19,A_DISCOVERY,0.03580167275222579,-8.329999999999984,-0.0,0.025298684415291546,0.4360703982583816,-0.2908387150894316,0.0,-1.4758277451405433,-0.2908387150894316,0.7269091133478132,,False
2021-08-20,A_DISCOVERY,0.04670918898892516,1.6599999999999966,0.010000000000000009,0.02935778348358022,0.582471071198308,1.1278770908078313,0.33724537973829805,-1.3906235823551132,0.33724537973829805,0.24522569146000994,,False
2021-08-21,A_DISCOVERY,0.05445156841999889,-1.2000000000000028,-0.0,0.03385051268859794,0.7053746635644654,0.7142287447846551,0.0,-1.3290533021177267,0.0,0.7053746635644654,,False
2021-08-22,A_DISCOVERY,0.058005169095770776,-2.484999999999985,-0.0,0.030687878529590075,0.7507760229408289,0.5320865741684879,0.0,-1.3248722744859691,0.0,0.7507760229408289,,False
2021-08-23,A_DISCOVERY,0.06784305694231965,-0.10000000000000853,-0.0,0.03174087855343655,0.837237382121664,0.8689607229753228,0.0,-1.2851637820373125,0.0,0.837237382121664,,False
2021-08-24,A_DISCOVERY,0.04905361712182233,-3.75,-0.020000000000000018,0.04241266639355261,0.5886499276122887,0.3555318862517421,-0.6744907594765961,-1.169124557009801,-0.6744907594765961,1.2631406870888848,,False
2021-08-25,A_DISCOVERY,0.06006829121387531,-2.219999999999999,-0.009999999999999981,0.019959647695188803,0.7150293356976336,0.574946692558045,-0.33724537973829716,-1.3078004414061475,-0.33724537973829716,1.0522747154359307,,False
2021-08-26,A_DISCOVERY,0.027991389984162125,-4.9550000000000125,-0.0,0.03273147861305157,0.3062960269286395,0.18858647556190142,0.0,-1.2054494662105133,0.0,0.3062960269286395,,False
2021-08-27,A_DISCOVERY,-0.01194913874475521,-0.9499999999999886,-0.03,0.034162559423987084,-0.23514915050066426,0.7600950864329077,-1.0117361392148934,-1.164356558805532,-1.0117361392148934,0.7765869887142292,,False
2021-08-28,A_DISCOVERY,-0.010640866654772185,-2.0900000000000034,0.010000000000000009,0.028582610976750956,-0.2202774578363344,0.581358737456461,0.33724537973829805,-1.1255788020631365,0.33724537973829805,-0.5575228375746324,,False
2021-08-29,A_DISCOVERY,0.0005949159327393393,,0.010000000000000009,0.03597570255048088,-0.0735080833909901,,0.33724537973829805,-1.018273792455727,-0.3405142063587145,0.2670061229677244,,False
2021-08-30,A_DISCOVERY,-0.03128220240458514,-1.3799999999999955,0.010000000000000009,0.0345464260950248,-0.4965032881521667,0.6748491498907705,0.33724537973829805,-1.0211138668290893,0.33724537973829805,-0.8337486678904648,,False
2021-08-31,A_DISCOVERY,-0.012247281195097418,-7.564999999999998,0.03,0.029790447544541455,-0.19215223774274165,-0.2192094968298938,1.0117361392148934,-1.0329099692511703,-0.2192094968298938,0.027057259087152147,,False
2021-09-01,A_DISCOVERY,-0.005043206479964279,-0.8200000000000074,0.03999999999999998,0.03409842323291297,-0.09956812796608101,0.7487564973551328,1.3489815189531904,-0.9527079685954299,0.7487564973551328,-0.8483246253212139,,False
2021-09-02,A_DISCOVERY,0.05591289663822921,-0.7650000000000148,0.03,0.038029463284322176,0.6838172151644105,0.747504472798809,1.0117361392148934,-0.9127584158235962,0.747504472798809,-0.06368725763439853,,False
2021-09-03,A_DISCOVERY,0.04673169459866448,-2.0649999999999977,0.04999999999999999,0.03741899293613535,0.5617580934383354,0.5564813756813186,1.6862268986914886,-0.9128234417381388,0.5564813756813186,0.005276717757016769,,False
2021-09-04,A_DISCOVERY,0.017375598730545762,,0.010000000000000009,0.04322486893232974,0.18855008356652572,,0.33724537973829805,-0.8529487612224708,-0.25785169074208636,0.44640177430861205,,False
2021-09-05,A_DISCOVERY,0.03449077385783649,-5.560000000000002,0.010000000000000009,0.061225761590301846,0.4085079984259043,0.05715421698722675,0.33724537973829805,-0.7120882948196725,0.05715421698722675,0.35135378143867757,,False
2021-09-06,A_DISCOVERY,0.06787587895877847,-7.954999999999998,0.010000000000000009,0.05700407825730795,0.8437474088392753,-0.2847294148849818,0.33724537973829805,-0.7048880472708275,-0.2847294148849818,1.1284768237242573,,False
2021-09-07,A_DISCOVERY,0.0012302770349914866,-8.200000000000003,0.010000000000000009,0.06293563656353326,-0.019083553579310193,-0.3138577964954622,0.33724537973829805,-0.65945982648126,-0.3138577964954622,0.294774242916152,,False
2021-09-08,A_DISCOVERY,-0.043160937803209724,-6.1000000000000085,-0.01999999999999999,0.06891708959579386,-0.6019028551794634,-0.008860887539105997,-0.6744907594765952,-0.606118661697422,-0.606118661697422,0.004215806517958609,,False
2021-09-09,A_DISCOVERY,-0.049429591378056255,-6.609999999999999,-0.01999999999999999,0.0728400286223001,-0.7053955585386885,-0.07700317338633415,-0.6744907594765952,-0.49856965315317736,-0.49856965315317736,-0.20682590538551116,,False
2021-09-10,A_DISCOVERY,-0.10452572362671625,-7.3799999999999955,-0.03,0.07542355490619058,-1.4553824760839111,-0.18137264831505695,-1.0117361392148934,-0.4348888315555662,-0.4348888315555662,-1.020493644528345,,False
2021-09-11,A_DISCOVERY,-0.08284959335994938,-3.9200000000000017,-0.03,0.08216178113268119,-1.1400991058470116,0.3217190935190834,-1.0117361392148934,-0.3692612071034859,-0.3692612071034859,-0.7708378987435256,,False
2021-09-12,A_DISCOVERY,-0.0932928820608571,-14.569999999999993,-0.03,0.07468260828585756,-1.2695990164624493,-1.2164664714543063,-1.0117361392148934,-0.4102943207926437,-1.0117361392148934,-0.25786287724755597,,False
2021-09-13,A_DISCOVERY,-0.14853300385802526,-8.08999999999999,-0.03,0.0771822450138563,-1.9699453261362976,-0.25873322784154795,-1.0117361392148934,-0.393573622541416,-0.393573622541416,-1.5763717035948817,,False
2021-09-14,A_DISCOVERY,-0.017810386033140863,-5.079999999999998,-0.0,0.08330464139032558,-0.21393216305638355,0.19559498084930696,0.0,-0.34736510801114073,0.0,-0.21393216305638355,,False
2021-09-15,A_DISCOVERY,0.03451840108637303,-6.989999999999995,0.010000000000000009,0.06973120268045048,0.48879198482061503,-0.08532714427113462,0.33724537973829805,-0.43580648538321365,-0.08532714427113462,0.5741191290917497,,False
2021-09-16,A_DISCOVERY,0.015706644421789467,-11.515,0.010000000000000009,0.07075583161878299,0.2371647140513532,-0.7509755370937319,0.33724537973829805,-0.42452022663986827,-0.42452022663986827,0.6616849406912215,,False
2021-09-17,A_DISCOVERY,0.046107231729561333,-4.420000000000002,-0.0,0.07121414696336971,0.641680613666799,0.3249344311416557,0.0,-0.3890238691650285,0.0,0.641680613666799,,False
2021-09-18,A_DISCOVERY,0.04986888412194642,,-0.0,0.07381332695580868,0.6796586397315523,,0.0,-0.3299185500550331,-0.16495927502751656,0.8446179147590689,,False
2021-09-19,A_DISCOVERY,0.03561950889373285,-1.615000000000009,-0.0,0.07590984357622614,0.48443498981370836,0.7476418707657685,0.0,-0.2915871675115489,0.0,0.48443498981370836,,False
2021-09-20,A_DISCOVERY,-0.013241791023510606,-10.280000000000001,-0.0,0.06988584987632042,-0.18323439386369528,-0.5525722406613052,0.0,-0.2896806981976931,-0.2896806981976931,0.10644630433399782,,False
2021-09-21,A_DISCOVERY,-0.0930991713363928,-8.155000000000001,-0.020000000000000018,0.07082341505619573,-1.2296648975427125,-0.23137259964138324,-0.6744907594765961,-0.2050761126419944,-0.23137259964138324,-0.9982922979013292,,False
2021-09-22,A_DISCOVERY,-0.10332447955309272,-8.100000000000009,-0.010000000000000009,0.06307371801499864,-1.3658316111160227,-0.21924756064250575,-0.33724537973829805,-0.24950781125566066,-0.24950781125566066,-1.1163237998603621,,False
2021-09-23,A_DISCOVERY,-0.09077111314456106,-10.14,-0.04000000000000001,0.04782162611781205,-1.1986629926347097,-0.5225365194106038,-1.3489815189531913,-0.41933506861218034,-0.5225365194106038,-0.6761264732241059,,False
2021-09-24,A_DISCOVERY,-0.12108708216948837,-7.204999999999998,-0.04000000000000001,0.07809441212032099,-1.592425919353451,-0.05092696800659127,-1.3489815189531913,-0.04520986362068579,-0.05092696800659127,-1.5414989513468595,,False
2021-09-25,A_DISCOVERY,-0.12277591333313882,-10.995000000000005,-0.05999999999999997,0.06613042055189501,-1.600783129733795,-0.6367814778228601,-2.0234722784297854,-0.17235426750984803,-0.6367814778228601,-0.964001651910935,,False
2021-09-26,A_DISCOVERY,-0.0953639830151192,,-0.05999999999999997,0.07288865617570366,-1.197741491279466,,-2.0234722784297854,-0.062289568251889464,-1.0428809233408374,-0.15486056793862857,,False
2021-09-27,A_DISCOVERY,-0.018047443117927203,-9.989999999999995,-0.05999999999999997,0.07865214762275108,-0.2043890778052406,-0.49258752362729746,-2.0234722784297854,0.021669158719492043,-0.49258752362729746,0.2881984458220569,,False
2021-09-28,A_DISCOVERY,-0.028297768026516366,-11.794999999999987,-0.07999999999999999,0.07847616519277253,-0.31437420422517476,-0.7798420989280527,-2.6979630379063817,0.019408598856847162,-0.7798420989280527,0.4654678947028779,,False
2021-09-29,A_DISCOVERY,-0.04342431661000738,-8.659999999999997,-0.09,0.06715867697745138,-0.4663528741566468,-0.2712494257141061,-3.0352084176446796,-0.13187517937894366,-0.2712494257141061,-0.19510344844254068,,False
2021-09-30,A_DISCOVERY,-0.01933588171776863,-13.470000000000013,-0.04999999999999999,0.06693143696923973,-0.15818809567045586,-1.0599729478082676,-1.6862268986914886,-0.12847158669918995,-1.0599729478082676,0.9017848521378117,,False
2021-10-01,A_DISCOVERY,0.11997031121259107,-10.969999999999999,-0.010000000000000009,0.07599293911460561,1.5454252699759896,-0.6377978025124005,-0.33724537973829805,0.004570403867065111,-0.33724537973829805,1.8826706497142878,,False
2021-10-02,A_DISCOVERY,0.11874963221978568,-6.960000000000008,0.019999999999999962,0.07058768367461145,1.5209311118002948,0.03334466207675243,0.6744907594765943,-0.07240815203911956,0.03334466207675243,1.4875864497235425,,False
2021-10-03,A_DISCOVERY,0.10561894864917624,-4.5800000000000125,0.019999999999999962,0.07044006228135188,1.3450592462654989,0.43957014729479577,0.6744907594765943,-0.07220767892555537,0.43957014729479577,0.9054890989707032,,False
2021-10-04,A_DISCOVERY,0.12068000470882223,-3.9150000000000063,0.019999999999999962,0.06210355888018529,1.5137823331425073,0.5625816816984854,0.6744907594765943,-0.1908419380059652,0.5625816816984854,0.9512006514440219,,False
2021-10-05,A_DISCOVERY,0.19415607146536518,-5.345000000000013,0.03999999999999998,0.06376870642819624,2.3383544405982275,0.31753623416917554,1.3489815189531904,-0.15821704436147718,0.31753623416917554,2.020818206429052,,False
2021-10-06,A_DISCOVERY,0.2797266245101554,0.0799999999999983,0.02999999999999997,0.06283314078215348,3.2520079239739204,1.270429895045379,1.0117361392148922,-0.16298865938640603,1.0117361392148922,2.2402717847590283,,False
2021-10-07,A_DISCOVERY,0.2317929352561547,2.279999999999987,-0.0,0.05527400869002085,2.6943393416809354,1.653378322742954,0.0,-0.2779469766021281,0.0,2.6943393416809354,,False
2021-10-08,A_DISCOVERY,0.1323774611132592,-2.799999999999997,-0.03999999999999998,0.04161233537840369,1.5219144130030189,0.7634009050439673,-1.3489815189531904,-0.4902020524791062,-0.4902020524791062,2.012116465482125,,False
2021-10-09,A_DISCOVERY,0.1324124646671633,-7.0800000000000125,-0.04999999999999999,0.03878473284503097,1.5095447736366794,0.013577411392060208,-1.6862268986914886,-0.5323505021735456,-0.5323505021735456,2.041895275810225,,False
2021-10-10,A_DISCOVERY,0.14393191990710086,-8.11,-0.04999999999999999,0.037172872761378144,1.6384842583184918,-0.16719647323395018,-1.6862268986914886,-0.5640578002856059,-0.5640578002856059,2.202542058604098,,False
2021-10-11,A_DISCOVERY,0.16453398003826303,-6.019999999999982,-0.04999999999999999,0.036357429953412436,1.8696469186570024,0.23103351048020906,-1.6862268986914886,-0.5788412358495708,-0.5788412358495708,2.448488154506573,,False
2021-10-12,A_DISCOVERY,0.10947688363595254,-6.844999999999999,-0.04999999999999999,0.04363686125249639,1.251886131927661,0.08141189881747127,-1.6862268986914886,-0.4590266870804702,-0.4590266870804702,1.7109128190081313,,False
2021-10-13,A_DISCOVERY,0.03667323387865243,-9.530000000000001,-0.07999999999999996,0.044285373085920086,0.43500251674032403,-0.40898999304305766,-2.697963037906381,-0.4517262995330848,-0.4517262995330848,0.8867288162734088,,False
2021-10-14,A_DISCOVERY,0.0531952155841302,-7.459999999999994,-0.08999999999999997,0.036160918657661204,0.6205138737707095,-0.030763023066665104,-3.0352084176446787,-0.595809646513072,-0.595809646513072,1.2163235202837814,,False
2021-10-15,A_DISCOVERY,0.1238336006263072,-11.760000000000005,-0.06,0.04183371626399783,1.4132668126325572,-0.8205003316437562,-2.0234722784297867,-0.49305224550487164,-0.8205003316437562,2.2337671442763134,,False
2021-10-16,A_DISCOVERY,0.10129583655814235,-4.200000000000003,-0.08999999999999997,0.041475047756490885,1.1620378074439475,0.5960181503408137,-3.0352084176446787,-0.49928052974019904,-0.49928052974019904,1.6613183371841465,,False
2021-10-17,A_DISCOVERY,0.09454311417003036,-1.25,-0.08999999999999997,0.04390089779977404,1.0938791446200493,1.1527830934408612,-3.0352084176446787,-0.45352488859353074,-0.45352488859353074,1.54740403321358,,False
2021-10-18,A_DISCOVERY,0.07628803124794531,-1.2999999999999972,-0.08999999999999997,0.04192148677599324,0.8885080146730402,1.1378528324688277,-3.0352084176446787,-0.4905478563941383,-0.4905478563941383,1.3790558710671785,,False
2021-10-19,A_DISCOVERY,0.1222385815135335,-1.9699999999999989,-0.12,0.037023935258457596,1.4333516729504645,1.0126703369427001,-4.046944556859573,-0.5881414945730333,-0.5881414945730333,2.0214931675234977,,False
2021-10-20,A_DISCOVERY,0.1544064223809154,0.8600000000000136,-0.06,0.03618612352745486,1.8208603111512298,1.5382304811836685,-2.0234722784297867,-0.604854376169206,-0.604854376169206,2.425714687320436,,False
2021-10-21,A_DISCOVERY,0.09489086274113581,0.5600000000000023,-0.030000000000000027,0.03381519546513575,1.1220367934150632,1.477190506291716,-1.0117361392148942,-0.6566921640868452,-0.6566921640868452,1.7787289575019085,,False
2021-10-22,A_DISCOVERY,-0.004922399159881307,0.539999999999992,-0.09000000000000002,0.04524882378712508,-0.13922045850854017,1.422058916177771,-3.0352084176446805,-0.4025340798489099,-0.4025340798489099,0.26331362134036973,,False
2021-10-23,A_DISCOVERY,0.008148015131531806,,-0.07,0.04464456883101952,0.015172333285008758,,-2.3607176581680847,-0.4176707449007744,-1.3891942015344294,1.404366534819438,,False
2021-10-24,A_DISCOVERY,-0.010045135547544212,2.069999999999993,-0.07,0.03943577229834543,-0.22727097149750447,1.6998438050066245,-2.3607176581680847,-0.5386492148404174,-0.5386492148404174,0.3113782433429129,,False
2021-10-25,A_DISCOVERY,0.02861209562599775,3.914999999999992,-0.07,0.03598698235756783,0.22895460274599205,2.0144850597825243,-2.3607176581680847,-0.6204462478287608,-0.6204462478287608,0.8494008505747528,,False
2021-10-26,A_DISCOVERY,-0.01749338280011063,0.6049999999999898,-0.02999999999999997,0.02961700274155293,-0.3393642218038819,1.3559755903411537,-1.0117361392148922,-0.7766599378912148,-0.7766599378912148,0.43729571608733286,,False
2021-10-27,A_DISCOVERY,-0.12118972902152567,-1.1999999999999886,-0.06,0.02470519555842934,-1.5711105106805199,1.0130266189843014,-2.0234722784297867,-0.9099835763740987,-0.9099835763740987,-0.6611269343064212,,False
2021-10-28,A_DISCOVERY,-0.026289849435399276,-4.950000000000003,-0.09999999999999998,0.01693502219454203,-0.41898811462751845,0.35401214185241103,-3.372453797382977,-1.134089619903123,-1.134089619903123,0.7151015052756045,,False
2021-10-29,A_DISCOVERY,0.023389225422533324,1.5849999999999937,-0.04999999999999999,0.032966571771670276,0.2221036435411815,1.4370679987355788,-1.6862268986914872,-0.6746298117484969,-0.6746298117484969,0.8967334552896784,,False
2021-10-30,A_DISCOVERY,0.001913792681787889,,-0.0,0.03662272894385573,-0.05081559393438898,,0.0,-0.5385368412531718,-0.2692684206265859,0.21845282669219693,,False
2021-10-31,A_DISCOVERY,0.0050908935265673375,-0.5,-0.0,0.031875518166349176,0.029338089784979343,1.078684665433814,0.0,-0.6573306373028875,0.0,0.029338089784979343,,False
2021-11-01,A_DISCOVERY,-0.04140712853646876,-1.2199999999999989,-0.0,0.03661831572480428,-0.5745411899591657,0.9477544576243987,0.0,-0.45290274360823135,0.0,-0.5745411899591657,,False
2021-11-02,A_DISCOVERY,0.025174552354810583,-0.9899999999999949,-0.030000000000000027,0.03430513551508017,0.27920244575595854,0.9706784037046571,-1.0117361392148927,-0.4133533460371856,-0.4133533460371856,0.6925557917931442,,False
2021-11-03,A_DISCOVERY,0.05408874221498598,-6.090000000000003,0.009999999999999953,0.045134233913796576,0.6453828365272528,0.1368531975749619,0.3372453797382957,0.006765802632635122,0.1368531975749619,0.5085296389522909,,False
2021-11-04,A_DISCOVERY,-4.9209110692653356e-05,-4.450000000000003,0.030000000000000027,0.05053802245187703,-0.03496044210639317,0.4023134170949859,1.0117361392148927,0.20665676084930856,0.4023134170949859,-0.43727385920137907,,False
2021-11-05,A_DISCOVERY,-0.027727150681241333,-3.230000000000004,0.09000000000000002,0.05030241278302833,-0.3700465761594509,0.6033835678925292,3.0352084176446765,0.1993933974023752,0.6033835678925292,-0.9734301440519801,,False
2021-11-06,A_DISCOVERY,-0.010360484558822203,-5.4199999999999875,0.08999999999999997,0.05835421198481459,-0.14712771920119924,0.2433263434553001,3.0352084176446747,0.49789020388548877,0.49789020388548877,-0.645017923086688,,False
2021-11-07,A_DISCOVERY,0.02236188522406052,-6.200000000000003,0.08999999999999997,0.06549892311850747,0.2662856753093449,0.11508678406669443,3.0352084176446747,0.7673596603648707,0.7673596603648707,-0.5010739850555258,,False
2021-11-08,A_DISCOVERY,0.07718621206981005,-0.9799999999999898,0.08999999999999997,0.06282807853283207,0.9589345028069525,0.9733053738211945,3.0352084176446747,0.6679154122449878,0.9733053738211945,-0.01437087101424206,,False
2021-11-09,A_DISCOVERY,0.046605164211874404,-0.07499999999998863,0.04999999999999999,0.07057576969808492,0.5605844964804779,1.1207302333360358,1.6862268986914861,0.9619418795767389,1.1207302333360358,-0.5601457368555579,,False
2021-11-10,A_DISCOVERY,0.09786036439315195,-5.640000000000001,0.050000000000000044,0.06093823965522548,1.1954540567080867,0.20503217296514065,1.686226898691488,0.6010211123292266,0.6010211123292266,0.5944329443788601,,False
2021-11-11,A_DISCOVERY,0.061322699204681266,-4.8799999999999955,-0.040000000000000036,0.07863492353128121,0.7229644081942268,0.3220905544055395,-1.3489815189531904,1.267359400501286,0.3220905544055395,0.4008738537886873,,False
2021-11-12,A_DISCOVERY,0.03537839895847064,-1.5699999999999932,-0.040000000000000036,0.07503079192236345,0.3774934057040663,0.8185721188953049,-1.3489815189531904,1.1320012912475317,0.8185721188953049,-0.4410787131912386,,False
2021-11-13,A_DISCOVERY,0.06376377856952581,-2.0,-0.12000000000000005,0.07671024168574998,0.7208307977443513,0.711022471078806,-4.046944556859569,1.195075332161073,0.711022471078806,0.00980832666554532,,False
2021-11-14,A_DISCOVERY,0.026459775897435846,-4.0249999999999915,-0.12000000000000005,0.08361865954752305,0.19956870070916513,0.37488521740959624,-4.046944556859569,1.4545304467830558,0.37488521740959624,-0.1753165167004311,,False
2021-11-15,A_DISCOVERY,-0.02548876289682115,-1.1899999999999977,-0.12000000000000005,0.08446569397713401,-0.4887956315107628,0.802553652656194,-3.2375556454876593,1.4863419873442505,0.802553652656194,-1.291349284166957,,False
2021-11-16,A_DISCOVERY,-0.09501500493971025,-5.460000000000008,-0.14,0.0914183747033997,-1.4248433889934204,0.13098806053603398,-3.6422501011736133,1.7474594545931605,0.13098806053603398,-1.5558314495294545,,False
2021-11-17,A_DISCOVERY,-0.1263872950652645,-8.689999999999998,-0.09000000000000002,0.09015732568711458,-1.841544120783233,-0.37593922936464685,-1.7986420252709232,1.7000990279932242,-0.37593922936464685,-1.4656048914185862,,False
2021-11-18,A_DISCOVERY,-0.12701726818156717,-6.310000000000002,-0.11000000000000004,0.09805041377303544,-1.8499117043265652,0.02922666768694344,-2.248302531588653,1.9965347843457506,0.02922666768694344,-1.8791383720135086,,False
2021-11-19,A_DISCOVERY,-0.081402045300939,-6.260000000000005,-0.010000000000000009,0.10892439919096131,-1.2440299953712375,0.03681800994329185,-3.120146546115937e-16,2.4049222312917613,0.03681800994329185,-1.2808480053145292,,False
2021-11-20,A_DISCOVERY,-0.11197342730926504,-3.6899999999999977,0.010000000000000009,0.10719136572292637,-1.6500927087948503,0.413072259253925,0.44966050631773047,2.3398357808063626,0.44966050631773047,-2.099753215112581,,False
2021-11-21,A_DISCOVERY,-0.06230241228421897,-4.280000000000001,0.010000000000000009,0.1166488056010039,-0.9903401619822095,0.3159705543809754,0.44966050631773036,2.695022915790601,0.44966050631773036,-1.4400006682999398,,False
2021-11-22,A_DISCOVERY,-0.10759783609281631,-5.439999999999998,0.010000000000000009,0.12343161012720216,-1.5919741572128576,0.12709545616851856,0.44966050631773036,2.949760449190413,0.44966050631773036,-2.041634663530588,,False
2021-11-23,A_DISCOVERY,-0.05401684980544434,-12.629999999999995,-0.09999999999999998,0.11798877298302379,-0.8582187777154846,-1.050202872329276,-2.0234722784297876,2.745347229931388,-1.050202872329276,0.1919840946137914,,False
2021-11-24,A_DISCOVERY,-0.0646423423431523,-12.700000000000003,-0.05999999999999994,0.11348996650122953,-0.9847103912712499,-1.061600422881688,-1.1241512657943247,2.5763883778829575,-1.061600422881688,0.07689003161043806,,False
2021-11-25,A_DISCOVERY,0.029400353089367177,-10.584999999999994,-0.12,0.11721334173207514,0.2174532655055766,-0.7172315740481325,-2.4731327847475155,2.7162248450204216,-0.7172315740481325,0.9346848395537091,,False
2021-11-26,A_DISCOVERY,-0.06900002037247889,-7.775000000000006,-0.12,0.11955263264173839,-1.0358741096290351,-0.25970133044421656,-2.4731327847475155,2.8040801258162285,-0.25970133044421656,-0.7761727791848185,,False
2021-11-27,A_DISCOVERY,-0.05094854819832351,-3.0849999999999937,0.020000000000000018,0.1291622478590986,-0.8093603255619944,0.5082285820036689,0.6744907594765959,3.1649824145283127,0.6744907594765959,-1.4838510850385904,,False
2021-11-28,A_DISCOVERY,-0.09950232755033521,-7.589999999999989,0.020000000000000018,0.1283813802016648,-1.4176642350079995,-0.23687228741204516,0.6744907594765959,3.1356558579103138,0.6744907594765959,-2.0921549944845954,,False
2021-11-29,A_DISCOVERY,-0.004319517135800132,-10.300000000000011,0.020000000000000018,0.12715285934092144,-0.21027988671899944,-0.6881628694659849,0.6744907594765959,3.0895170708367328,0.6744907594765959,-0.8847706461955953,,False
2021-11-30,A_DISCOVERY,-0.011929988229922799,-5.904999999999987,0.010000000000000009,0.12468056989891105,-0.3068179448214147,0.04018771724154502,0.4496605063177305,2.9966668476177665,0.4496605063177305,-0.7564784511391452,,False
2021-12-01,A_DISCOVERY,0.03167253125327639,-2.375,0.10999999999999999,0.11799858515333687,0.24627561630274414,0.6271507248052579,2.697963037906381,2.7457157394547274,2.697963037906381,-2.4516874216036366,,False
2021-12-02,A_DISCOVERY,-0.046088253946170415,-12.129999999999995,0.039999999999999925,0.12429447237578017,-0.7401120996260323,-1.030519426187658,1.1241512657943238,2.9821664252166418,1.1241512657943238,-1.864263365420356,,False
2021-12-03,A_DISCOVERY,0.013236438457650344,-4.650000000000006,0.010000000000000009,0.11763402975018628,0.027543988591459158,0.24674408796042566,0.4496605063177305,2.7320243609360824,0.4496605063177305,-0.42211651772627135,,False
2021-12-04,A_DISCOVERY,-0.13762574333754218,-11.070000000000007,-0.09999999999999998,0.10845019648549847,-1.896269729810499,-0.8689385459923725,-2.023472278429785,2.3871128978435476,-0.8689385459923725,-1.0273311838181263,,False
2021-12-05,A_DISCOVERY,-0.11114921624662934,-8.5,-0.09999999999999998,0.12062778712984899,-1.5361278487511023,-0.4227503215767083,-2.023472278429785,2.8444590282698043,-0.4227503215767083,-1.113377527174394,,False
2021-12-06,A_DISCOVERY,-0.15674215125260202,-15.61,-0.09999999999999998,0.11859297737434352,-2.109138074056196,-1.6864477535570688,-2.023472278429785,2.7680389551196396,-1.6864477535570688,-0.42269032049912725,,False
2021-12-07,A_DISCOVERY,-0.10041036565019146,-6.930000000000007,-0.14,0.11345780344847935,-1.383080334087055,-0.1528315669802912,-2.9227932910652448,2.5751804502930433,-0.1528315669802912,-1.230248767106764,,False
2021-12-08,A_DISCOVERY,-0.14706057720872046,-3.1000000000000085,-0.17999999999999994,0.11949568514834066,-1.9618121687936476,0.534723289264198,-3.822114303700701,2.8019413845410805,0.534723289264198,-2.4965354580578456,,False
2021-12-09,A_DISCOVERY,-0.14954323329919242,-6.239999999999995,-0.12,0.11548897545883466,-1.9654667790866966,-0.03786122766292747,-2.4731327847475133,2.651463902931278,-0.03786122766292747,-1.927605551423769,,False
2021-12-10,A_DISCOVERY,-0.14579483137678206,-4.290000000000006,-0.06999999999999995,0.1107694813920196,-1.8809393934880396,0.3322544333151064,-1.348981518953188,2.474216825733056,0.3322544333151064,-2.213193826803146,,False
2021-12-11,A_DISCOVERY,0.02356727401836219,-0.7999999999999972,-0.07000000000000006,0.10791746339800416,0.17450106817917654,1.0009653499400675,-1.3489815189531904,2.367105375565026,1.0009653499400675,-0.8264642817608909,,False
2021-12-12,A_DISCOVERY,0.028127686733986416,-10.780000000000001,-0.07000000000000006,0.1073948846037589,0.23228253428036788,-0.9162351409781427,-1.3489815189531904,2.3474792117062693,-0.9162351409781427,1.1485176752585107,,False
2021-12-13,A_DISCOVERY,-0.04133065771728086,-4.929999999999993,-0.07000000000000006,0.11375562385968106,-0.6288253215404194,0.2039269436032848,-1.0599140506060798,2.5863655045950824,0.2039269436032848,-0.8327522651437042,,False
2021-12-14,A_DISCOVERY,-0.09413629813090463,-5.060000000000002,-0.010000000000000009,0.10644334067703275,-1.2758854082033306,0.1764428725877168,0.09635582278237059,2.3117426735413322,0.1764428725877168,-1.4523282807910474,,False
2021-12-15,A_DISCOVERY,-0.07053706847139815,-7.189999999999998,0.029999999999999916,0.10275465048493677,-0.9262692230300051,-0.2484965955966407,0.8993210126354577,2.173208850639425,0.8993210126354577,-1.8255902356654627,,False
2021-12-16,A_DISCOVERY,3.2985766438505086e-05,-4.189999999999998,-0.009999999999999898,0.10624686965508887,-0.05210791730706102,0.3485119291727602,2.496117236892746e-15,2.3043639346551954,0.3485119291727602,-0.4006198464798212,,False
2021-12-17,A_DISCOVERY,-0.009696178848341229,-5.75,0.05999999999999994,0.10783349069559678,-0.15167144622130643,0.03075344266546943,1.573811772112053,2.363951665473345,1.573811772112053,-1.7254832183333595,,False
2021-12-18,A_DISCOVERY,-0.0457153130814165,-5.740000000000009,0.010000000000000009,0.1000045884538215,-0.5966570686572847,0.029635883654787327,0.44966050631773014,2.069926496592959,0.44966050631773014,-1.0463175749750149,,False
2021-12-19,A_DISCOVERY,-0.05585676781448609,-4.97999999999999,0.010000000000000009,0.0935478656815634,-0.7289225577970199,0.19294858611256877,0.44966050631773014,1.827435411010501,0.44966050631773014,-1.1785830641147501,,False
2021-12-20,A_DISCOVERY,-0.015582988461155625,-3.625,0.010000000000000009,0.09948041185092543,-0.22786933703199347,0.48784625768274165,0.44966050631773,2.0502403248373238,0.48784625768274165,-0.7157155947147351,,False
2021-12-21,A_DISCOVERY,0.04078332847022075,6.614999999999995,0.010000000000000009,0.08440550107041529,0.4759537103587928,2.7694914697315727,0.4496605063177297,1.484081360117494,1.484081360117494,-1.0081276497587013,,False
2021-12-22,A_DISCOVERY,0.04153996857132652,-0.5200000000000102,-0.029999999999999916,0.08973700373596381,0.4720546011147177,1.116361871196693,-0.44966050631772964,1.6843132602246877,1.116361871196693,-0.6443072700819752,,False
2021-12-23,A_DISCOVERY,0.011945706248159497,-6.469999999999999,0.009999999999999898,0.09291321237078297,0.06927286928626095,-0.14751306202730796,0.44966050631772647,1.8036001348606745,0.44966050631772647,-0.3803876370314655,,False
2021-12-24,A_DISCOVERY,0.07860173020667255,-0.7449999999999903,-0.06999999999999995,0.08690845548922865,0.8794669924429387,1.0173314622573073,-1.4613966455326244,1.5780832486280636,1.0173314622573073,-0.13786446981436862,,False
2021-12-25,A_DISCOVERY,0.07817561194103897,-2.1400000000000006,-0.06999999999999995,0.08761231208800101,0.8334638797760299,0.7058046267183233,-1.2526256961708235,1.604517549240136,0.7058046267183233,0.12765925305770653,,False
2021-12-26,A_DISCOVERY,0.0632329517712433,-2.260000000000005,-0.06999999999999995,0.08700208699310774,0.6455173426641072,0.6821380469990045,-1.252625696170822,1.5770993955383403,0.6821380469990045,-0.03662070433489728,,False
2021-12-27,A_DISCOVERY,0.1033914358195452,0.010000000000005116,-0.06999999999999995,0.08073683000136,1.1580794539965014,1.130913077919405,-1.3489815189531875,1.334716593453833,1.130913077919405,0.027166376077096377,,False
2021-12-28,A_DISCOVERY,-0.0011757918963881376,-3.355000000000004,-0.09999999999999998,0.08393239921948749,-0.16460616911393824,0.4342128712986004,-2.023472278429782,1.4436984461164108,0.4342128712986004,-0.5988190404125386,,False
2021-12-29,A_DISCOVERY,-0.026272986402070767,-1.8599999999999994,-0.08999999999999997,0.08111468555453086,-0.48027491517175064,0.7260635161981944,-1.7986420252709179,1.3395074499323625,0.7260635161981944,-1.206338431369945,,False
2021-12-30,A_DISCOVERY,-0.03125998701564453,-1.7749999999999915,-0.050000000000000044,0.08018622032617712,-0.5232971614153822,0.7353508503764241,-0.8993210126354602,1.2698131566284678,0.7353508503764241,-1.2586480117918062,,False
2021-12-31,A_DISCOVERY,-0.07025933728655807,1.8449999999999989,-0.04999999999999993,0.08325135382028814,-1.0091203709784102,1.4716624797334614,-0.8993210126354577,1.2629850528761644,1.2629850528761644,-2.2721054238545744,,False
2022-01-01,A_DISCOVERY,-0.06810553272009258,2.480000000000004,-0.020000000000000018,0.08641751010176722,-0.9370367067660693,1.5628072792993117,-0.22483025315886507,1.2493496444083099,1.2493496444083099,-2.186386351174379,,False
2022-01-02,A_DISCOVERY,-0.049957742050847395,,-0.020000000000000018,0.0776685401769891,-0.688435997777557,,-0.22483025315886507,0.9022718694029659,0.3387208081220504,-1.0271568058996075,,False
2022-01-03,A_DISCOVERY,-0.10188779981223726,0.6400000000000006,-0.020000000000000018,0.10945429453130663,-1.3470791859211197,1.139450365861348,-0.22483025315886507,1.8000927415772083,1.139450365861348,-2.4865295517824677,,False
2022-01-04,A_DISCOVERY,-0.03901506665643242,2.4499999999999886,-0.020000000000000018,0.09236246538017027,-0.5270098329828842,1.4851719891791182,-0.22483025315886507,1.08331311028168,1.08331311028168,-1.6103229432645643,,False
2022-01-05,A_DISCOVERY,-0.03032954486807181,-2.5300000000000153,-0.030000000000000027,0.08598240968531172,-0.4173668425396557,0.48284030138742645,-0.28906746834711283,0.8106743841806431,0.48284030138742645,-0.9002071439270822,,False
2022-01-06,A_DISCOVERY,-0.10392745091175311,-10.310000000000002,-0.07999999999999996,0.0806059550803594,-1.3464410772969535,-1.0691077644662308,-1.3489815189531897,0.565729394945559,-1.0691077644662308,-0.2773333128307227,,False
2022-01-07,A_DISCOVERY,-0.11919787932169107,-4.820000000000007,-0.15000000000000002,0.08143472980768784,-1.5251629905456685,0.026440835985399168,-2.9227932910652465,0.5422670013048693,0.026440835985399168,-1.5516038265310677,,False
2022-01-08,A_DISCOVERY,-0.1338702735044271,-9.064999999999998,-0.14,0.07500148035622042,-1.6995023970065517,-0.8311499276597335,-2.6979630379063813,0.3503312624145126,-0.8311499276597335,-0.8683524693468182,2.4268533606797424,False
2022-01-09,A_DISCOVERY,-0.12579454587128708,-3.269999999999996,-0.14,0.0863704236415176,-1.5828645233647909,0.3364897888949713,-2.6979630379063813,0.6120546433120334,0.3364897888949713,-1.9193543122597623,2.425714687320436,False
2022-01-10,A_DISCOVERY,-0.10368162216260728,-5.410000000000011,-0.14,0.06770431747846103,-1.2985851566727031,-0.10345264496148587,-2.697963037906379,0.12331695119759074,-0.10345264496148587,-1.1951325117112173,2.421387827118306,False
2022-01-11,A_DISCOVERY,-0.09086218377526215,-1.2399999999999949,-0.14,0.0665262359106844,-1.127080517190667,0.7559659429607718,-2.312539746776898,0.09230181222301065,0.09230181222301065,-1.2193823294136776,2.417060966916178,False
2022-01-12,A_DISCOVERY,-0.05986684966904188,-3.289999999999992,-0.13,0.0695382465920715,-0.7401989545908804,0.32030611408934356,-1.8548495885606393,0.16619016553919985,0.16619016553919985,-0.9063891201300802,2.412734106714048,False
2022-01-13,A_DISCOVERY,0.008560983820632506,-1.3400000000000034,-0.09000000000000008,0.0702462973056368,0.0678212347582231,0.682532378069462,-1.1803588290840445,0.1725574333741591,0.1725574333741591,-0.104736198615936,2.408407246511918,False
2022-01-14,A_DISCOVERY,0.02492979924958753,-3.9949999999999974,-0.030000000000000027,0.07638769393504383,0.24657101309141807,0.12691480147966488,-0.16862268986914963,0.28791591128517624,0.12691480147966488,0.11965621161175319,2.4040803863097904,False
2022-01-15,A_DISCOVERY,0.047058528591294675,-6.419999999999995,-0.12,0.06569179957888716,0.4843592648789939,-0.4021611570588113,-1.6862268986914892,-0.002985539853502809,-0.4021611570588113,0.8865204219378051,2.3997535261076606,False
2022-01-16,A_DISCOVERY,0.02896237734985553,-6.75,-0.12,0.06697996142343335,0.25429326555750253,-0.4718268693052211,-1.686226898691489,0.02624294625334685,-0.4718268693052211,0.7261201348627236,2.395426665905533,False
2022-01-17,A_DISCOVERY,0.007432623918956465,-2.450000000000003,-0.12,0.06869145999879847,-0.03506496587971139,0.4414654257746969,-1.686226898691489,0.05768052828416335,0.05768052828416335,-0.09274549416387473,2.3910998057034027,False
2022-01-18,A_DISCOVERY,-0.023560582271695912,-3.8500000000000014,-0.12,0.06802463568350331,-0.42512005823178495,0.12677175720283027,-1.686226898691489,0.0316455260730917,0.0316455260730917,-0.4567655843048766,2.3867729455012725,False
2022-01-19,A_DISCOVERY,-0.03971954624805968,-3.5549999999999997,-0.14,0.06766451269499452,-0.5976358464814054,0.17691560904304204,-2.0234722784297867,0.017528529478684236,0.017528529478684236,-0.6151643759600897,2.3824460852991454,False
2022-01-20,A_DISCOVERY,0.0005512813732897639,-6.484999999999999,-0.14,0.06670762942804477,-0.09700624912871539,-0.49380355103111545,-2.0234722784297867,-0.009077245836983409,-0.49380355103111545,0.39679730190240003,2.378119225097015,False
2022-01-21,A_DISCOVERY,-0.10949017470926051,-5.714999999999989,-0.16000000000000003,0.06035602987098302,-1.4780657439076095,-0.32530245735295793,-2.3607176581680847,-0.17059199120121968,-0.32530245735295793,-1.1527632865546515,2.373792364894885,False
2022-01-22,A_DISCOVERY,-0.210969470116004,-8.570000000000007,-0.09999999999999998,0.06226037684835089,-2.7604601543992104,-0.949241586375241,-1.3489815189531904,-0.12398455427338775,-0.949241586375241,-1.8112185680239694,2.3694655046927577,False
2022-01-23,A_DISCOVERY,-0.20817844996514334,-21.58,-0.09999999999999998,0.06640919117449565,-2.645342880692536,-3.8791663879747347,-1.3489815189531904,-0.017312058348554708,-1.3489815189531904,-1.2963613617393457,2.3651386444906275,False
2022-01-24,A_DISCOVERY,-0.20425103759163493,-18.629999999999995,-0.09999999999999998,0.07520146493478896,-2.5294853583550228,-3.2148098803099754,-1.3489815189531904,0.21488432062856153,-1.3489815189531904,-1.1805038394018323,2.3608117842885,False
2022-01-25,A_DISCOVERY,-0.12423926976228855,-6.360000000000014,-0.0,0.06947127126077307,-1.5357768037340844,-0.4515372196162197,0.4817791139118527,0.05439492640908473,0.05439492640908473,-1.5901717301431693,2.3564849240863697,False
2022-01-26,A_DISCOVERY,-0.09105883354100235,-7.6299999999999955,0.040000000000000036,0.07707030988134407,-1.1244434475161513,-0.7584402531453536,1.2526256961708186,0.24809402861129815,0.24809402861129815,-1.3725374761274494,2.35215806388424,False
2022-01-27,A_DISCOVERY,-0.16946742686412644,-9.319999999999993,-0.08999999999999986,0.06866546951965335,-2.084031400643676,-1.1498185822493685,-1.2526256961708164,0.02139629681561498,-1.1498185822493685,-0.9342128183943075,2.3478312036821123,False
2022-01-28,A_DISCOVERY,-0.0426600487840347,-8.434999999999995,-0.09999999999999987,0.07549404051966294,-0.5236702870351104,-0.9188388309397323,-1.1803588290840417,0.1935413823382372,-0.9188388309397323,0.39516854390462186,2.343504343479982,False
2022-01-29,A_DISCOVERY,0.06729359095786086,,-0.1399999999999999,0.07675644246555793,0.8363269322812021,,-1.8548495885606358,0.21949059733726142,-0.8176794956116872,1.6540064278928894,2.3391774832778545,False
2022-01-30,A_DISCOVERY,0.07131348903322307,,-0.1399999999999999,0.06927016168084606,0.8722053521789787,,-1.8548495885606349,0.012757632891013572,-0.9210459778348107,1.7932513300137893,2.3358238803066897,False
2022-01-31,A_DISCOVERY,0.10797322061200335,-7.22999999999999,-0.1399999999999999,0.06614668621827717,1.3032590046368049,-0.6421062693692728,-1.8548495885606349,-0.08129036427261124,-0.6421062693692728,1.9453652740060776,2.332470277335525,False
2022-02-01,A_DISCOVERY,0.05987916753764663,-9.134999999999991,-0.18999999999999995,0.06754272980859836,0.7145240123111652,-1.076482748012725,-2.6979630379063795,-0.04321827853542203,-1.076482748012725,1.7910067603238904,2.329116674364362,False
2022-02-02,A_DISCOVERY,-0.024554695257316128,-10.61,-0.15999999999999992,0.039285393508111534,-0.29294414319492473,-1.3953033299055222,-2.1920949682989326,-0.8411553725433529,-1.3953033299055222,1.1023591867105975,2.3257630713931974,False
2022-02-03,A_DISCOVERY,0.004310569328630658,-18.370000000000005,-0.030000000000000027,0.047740195819548865,0.05158958170678224,-3.109840090698242,-2.34010990958695e-16,-0.6025701938923121,-0.6025701938923121,0.6541597755990944,2.3224094684220344,False
2022-02-04,A_DISCOVERY,0.0818549654377346,-10.819999999999993,-0.010000000000000009,0.049801469240369364,0.988029969013301,-1.3915927390032492,0.3372453797382976,-0.5460001316478168,-0.5460001316478168,1.5340301006611177,2.3190558654508697,False
2022-02-05,A_DISCOVERY,0.09511159866698365,-9.569999999999993,-0.16000000000000014,0.055221690789205725,1.1480282415084573,-1.058819098074458,-2.1920949682989344,-0.3974009145067891,-1.058819098074458,2.2068473395829153,2.3157022624797046,False
2022-02-06,A_DISCOVERY,0.09591421649080323,,-0.16000000000000014,0.05801457801741762,1.1577152761472083,,-2.1920949682989344,-0.3277967556247276,-1.259945861961831,2.417661138109039,2.312348659508542,True
2022-02-07,A_DISCOVERY,0.13303566430087835,-2.964999999999989,-0.16000000000000014,0.05281096278171963,1.6057451355708419,0.37990410318968443,-2.1920949682989344,-0.5028829459971039,-0.5028829459971039,2.1086280815679457,2.3823434934350045,False
2022-02-08,A_DISCOVERY,0.09519444156420566,-4.600000000000001,-0.1200000000000001,0.05675903634810347,1.1490280972195415,0.028975736683959794,-1.5176042088223392,-0.39035695954966404,-0.39035695954966404,1.5393850567692056,2.378419310693447,False
2022-02-09,A_DISCOVERY,0.1659687932307257,-5.219999999999992,-0.17000000000000015,0.061480572139333584,2.0032249213893047,-0.10621039556692821,-2.3607176581680833,-0.24258175906891558,-0.24258175906891558,2.2458066804582204,2.374495127951887,False
2022-02-10,A_DISCOVERY,0.21272157205837083,-4.864999999999995,-0.20000000000000018,0.06632531571622587,2.5674981963160697,-0.0033363104343427864,-2.8665857277755293,-0.08953873274286347,-0.08953873274286347,2.657036929058933,2.3705709452103267,True
2022-02-11,A_DISCOVERY,0.07898059665715235,-6.119999999999997,-0.42000000000000015,0.06203068029671929,0.953338352261585,-0.2845062459668819,-5.0,-0.23857907138433063,-0.2845062459668819,1.237844598228467,2.420479880333028,False
2022-02-12,A_DISCOVERY,0.03444230351745748,-13.980000000000011,-0.18999999999999995,0.06611836569121146,0.4078927756252075,-2.096234124058262,-2.323245949308271,-0.10538906513344572,-2.096234124058262,2.5041268996834694,2.420077202872458,False
2022-02-13,A_DISCOVERY,0.015969464588547866,-2.3000000000000043,-0.18999999999999995,0.06410227076124862,0.18917443789474156,0.6025907292785814,-2.023472278429785,-0.18028967921072028,-0.18028967921072028,0.36946411710546184,2.43140805411697,False
2022-02-14,A_DISCOVERY,-0.026530584266432004,-4.57,-0.18999999999999995,0.06260373411303385,-0.3140259675652691,0.08583373379409755,-2.023472278429784,-0.23614056570059133,-0.23614056570059133,-0.0778854018646778,2.4302693807576627,False
2022-02-15,A_DISCOVERY,0.025317807984289786,-10.07,-0.28,0.06206399112251794,0.2998587856508631,-1.2087816929659174,-3.237555645487655,-0.2603236217590728,-1.2087816929659174,1.5086404786167806,2.4291307073983557,False
2022-02-16,A_DISCOVERY,-0.009802789730446005,-3.729999999999997,-0.22999999999999998,0.06023421904587851,-0.11596894834436987,0.286805201203528,-2.563064886011059,-0.3345485636606133,-0.3345485636606133,0.21857961531624343,2.427992034039049,False
2022-02-17,A_DISCOVERY,-0.07794880903814623,-5.104999999999997,-0.15999999999999992,0.06138635763647846,-0.9060489173163908,-0.03577733593745156,-1.4102988607237892,-0.2958833952514811,-0.2958833952514811,-0.6101655220649097,2.4268533606797424,False
2022-02-18,A_DISCOVERY,-0.08733680329297476,-6.79999999999999,0.1200000000000001,0.05761658478684043,-0.9652658310003822,-0.433305632512131,2.293268582220424,-0.44745695452225936,-0.433305632512131,-0.5319601984882512,2.425714687320436,False
2022-02-19,A_DISCOVERY,-0.06737391109681864,-12.789999999999992,0.030000000000000027,0.06210327032989521,-0.7129773479535517,-1.8453497187088552,1.0791852151625518,-0.27600466774219745,-0.27600466774219745,-0.43697268021135427,2.425312009859866,False
2022-02-20,A_DISCOVERY,-0.10034251298365358,-4.6299999999999955,0.030000000000000027,0.06099079096059504,-1.0834440462018686,0.10349640250033311,1.0791852151625518,-0.3295175595792384,0.10349640250033311,-1.1869404487022017,2.424909332399296,False
2022-02-21,A_DISCOVERY,-0.09731164213395185,-15.58999999999999,0.030000000000000027,0.06222497650581548,-1.0002413778114911,-2.5072942719766003,1.0791852151625518,-0.29271076992322287,-0.29271076992322287,-0.7075306078882683,2.4245066549387264,False
2022-02-22,A_DISCOVERY,-0.15698814829672064,-10.070000000000007,0.030000000000000027,0.06448602111935647,-1.6709351992939196,-1.1760954829583197,0.981077468329594,-0.20256761611653593,-0.20256761611653593,-1.4683675831773837,2.4241039774781563,False
2022-02-23,A_DISCOVERY,-0.12190056881310302,-10.745000000000005,0.020000000000000018,0.053591374722929845,-1.2574428432624523,-1.3165038899500197,0.786905886056029,-0.6935920343816621,-0.6935920343816621,-0.5638508088807902,2.4237013000175867,False
2022-02-24,A_DISCOVERY,-0.1493156773489051,-12.579999999999998,-0.0,0.05886913254886672,-1.5546854850318745,-1.6975628778423588,0.5620756328971628,-0.45745788796353354,-0.45745788796353354,-1.097227597068341,2.4232986225570166,False
2022-02-25,A_DISCOVERY,-0.014107867296795012,-7.049999999999997,-0.020000000000000018,0.0540879258609801,-0.04561469226496565,-0.44010522055847934,0.3372453797382976,-0.6893660396469237,-0.44010522055847934,0.39449052829351366,2.422895945096447,False
2022-02-26,A_DISCOVERY,-0.020170312399630047,,-0.06000000000000005,0.05761940548639393,-0.10866991228776708,,-0.1226346835412004,-0.5271288791286485,-0.32488178133492446,0.2162118690471574,2.4224932676358772,False
2022-02-27,A_DISCOVERY,0.021234031570415805,-19.185000000000002,-0.06000000000000005,0.04819185506925599,0.3427376992851907,-3.1950457236719125,-0.13489815189531995,-0.9812101017186579,-0.9812101017186579,1.3239478010038486,2.422090590175307,False
2022-02-28,A_DISCOVERY,0.05807905580052696,-8.14,-0.06000000000000005,0.050893286934158226,0.741397573060073,-0.6830939579393073,-0.13489815189531995,-0.8543944223393272,-0.6830939579393073,1.4244915309993802,2.4216879127147375,False
2022-03-01,A_DISCOVERY,0.14020115977757996,-20.159999999999997,0.030000000000000027,0.0630274381732665,1.5929600881292518,-3.4722270844681793,1.079185215162553,-0.28477034517062455,-0.28477034517062455,1.8777304332998763,2.4212852352541674,False
2022-03-02,A_DISCOVERY,0.13545900165259311,-9.754999999999995,0.25,0.054859687458164295,1.5426416037669843,-0.9958122427011041,4.0469445568595726,-0.6768477163332249,-0.6768477163332249,2.2194893201002093,2.4208825577935977,False
2022-03-03,A_DISCOVERY,0.1596752031056679,-9.629999999999995,0.08000000000000007,0.05807359817294072,1.7330219046013333,-0.9500346035735505,1.7536759746391488,-0.5240208528002602,-0.5240208528002602,2.2570427574015937,2.420479880333028,False
2022-03-04,A_DISCOVERY,0.03445835469241728,-5.72999999999999,0.010000000000000009,0.05659359575824219,0.44013721688124063,-0.0667812633145138,0.8093889113719145,-0.601588013237575,-0.0667812633145138,0.5069184801957545,2.420077202872458,False
2022-03-05,A_DISCOVERY,0.0047225709888493814,-12.549999999999997,0.050000000000000044,0.052391260176368235,0.14524894001770292,-1.6002955362686142,1.3489815189531913,-0.8038335068812584,-0.8038335068812584,0.9490824468989614,2.4196745254118883,False
2022-03-06,A_DISCOVERY,0.003016450229478187,-8.045000000000002,0.050000000000000044,0.04854346119562055,0.13222953578328495,-0.5652344050489809,1.3489815189531913,-0.9771949053920383,-0.5652344050489809,0.6974639408322658,2.419271847951318,False
2022-03-07,A_DISCOVERY,-0.0546679991530576,-5.759999999999991,0.050000000000000044,0.04437139831729823,-0.4572097689200591,-0.03676951329344056,1.3489815189531913,-1.1724338820500244,-0.03676951329344056,-0.4204402556266185,2.4188691704907486,False
2022-03-08,A_DISCOVERY,-0.12442203391638823,-7.3799999999999955,-0.1100000000000001,0.03693044167728873,-1.1699801982343843,-0.4029194800031239,-0.8093889113719159,-1.492846988961717,-0.8093889113719159,-0.36059128686246833,2.418466493030179,False
2022-03-09,A_DISCOVERY,-0.0464955300571042,-11.570000000000007,-0.31999999999999984,0.03762904405355733,-0.36267840140466484,-1.4251435288308563,-3.6422501011736133,-1.4166464363182232,-1.4251435288308563,1.0624651274261914,2.418063815569609,False
2022-03-10,A_DISCOVERY,-0.08036729740780675,-5.914999999999992,-0.17999999999999994,0.03806347561790796,-0.7198139309913257,-0.046165145315287336,-1.5942508860355897,-1.35114025239667,-1.35114025239667,0.6313263214053443,2.417661138109039,False
2022-03-11,A_DISCOVERY,-0.051086931817261684,-4.200000000000003,-0.18999999999999995,0.03869860654690792,-0.42061720605256187,0.37410779251908555,-1.5738117721120561,-1.272724565062879,-1.272724565062879,0.852107359010317,2.413736955367479,False
2022-03-12,A_DISCOVERY,-0.0047493921282513105,-5.929999999999993,-0.25,0.036783103529786323,0.05490676153423994,-0.04813383278972792,-2.1920949682989344,-1.321058385449693,-1.321058385449693,1.375965146983933,2.409812772625919,False
2022-03-13,A_DISCOVERY,-0.0073999771723862575,-7.884999999999991,-0.25,0.03348260402087551,0.02561531700222669,-0.5395926075812726,-2.1358874050092176,-1.4231042273281838,-1.4231042273281838,1.4487195443304104,2.405888589884361,False
2022-03-14,A_DISCOVERY,0.00021451106945217163,-5.5,-0.25,0.029452087205581796,0.0955334399351094,0.06429724996879577,-2.1358874050092176,-1.547394263781789,-1.547394263781789,1.6429277037168983,2.401964407142801,False
2022-03-15,A_DISCOVERY,0.02223276043510972,-9.015,-0.32000000000000006,0.02737880839223198,0.3355856761053003,-0.8245176760704535,-2.922793291065246,-1.6070767495679428,-1.6070767495679428,1.9426624256732432,2.398040224401243,False
2022-03-16,A_DISCOVERY,-0.04682940057486107,-6.3799999999999955,-0.2200000000000002,0.026317309031870004,-0.417359115729387,-0.1573192405023445,-1.7986420252709225,-1.6296370617848175,-1.6296370617848175,1.2122779460554305,2.394116041659683,False
2022-03-17,A_DISCOVERY,0.04150538686463649,-2.6400000000000006,-0.27,0.02475470046909749,0.558802211329779,0.769253924031161,-2.3607176581680833,-1.6625589160544563,-1.6625589160544563,2.2213611273842355,2.3901918589181226,False
2022-03-18,A_DISCOVERY,0.06703682258398722,-2.8999999999999915,-0.21999999999999997,0.02695194874419733,0.8371566860785755,0.6909417536101712,-1.7986420252709203,-1.5242501421574361,-1.5242501421574361,2.361406828236012,2.3862676761765647,False
2022-03-19,A_DISCOVERY,0.06977684176490184,-1.9549999999999983,-0.21999999999999997,0.027488735530884056,0.8461671234636181,0.907551405831451,-1.7986420252709192,-1.466227831686473,-1.466227831686473,2.312394955150091,2.392346698666176,False
2022-03-20,A_DISCOVERY,0.059231227565397504,-2.799999999999997,-0.21999999999999997,0.031124315515189366,0.7073358638213149,0.6953083755098196,-1.798642025270918,-1.3156178489597665,-1.3156178489597665,2.0229537127810815,2.3895339831725257,False
2022-03-21,A_DISCOVERY,0.04904092669220181,-1.0349999999999966,-0.21999999999999997,0.0305451966611274,0.5789836474436584,1.0987099476737159,-1.798642025270918,-1.3227280960873753,-1.3227280960873753,1.9017117435310338,2.3867212676788734,False
2022-03-22,A_DISCOVERY,0.08192002245287305,-0.6599999999999966,-0.27,0.029657422136286093,0.9126646745985492,1.1429679478964927,-2.1272400875800312,-1.346570665188638,-1.346570665188638,2.259235339787187,2.3839085521852215,False
2022-03-23,A_DISCOVERY,0.05501987132522096,-3.135000000000005,-0.33000000000000007,0.023947103180079338,0.6267601894605322,0.5605409554011966,-2.505251392341642,-1.5533333632947193,-1.5533333632947193,2.1800935527552516,2.3810958366915713,False
2022-03-24,A_DISCOVERY,0.07555609850735166,-6.274999999999999,-0.17999999999999994,0.025087565981989544,0.8337227333409105,-0.1816156321029268,-1.059914050606079,-1.4480600818755136,-1.059914050606079,1.8936367839469894,2.378283121197919,False
2022-03-25,A_DISCOVERY,0.06407898159293063,-3.25,-0.18999999999999995,0.019937915693533047,0.6938079299638359,0.5195559218075344,-1.1562698733884498,-1.554480525346898,-1.1562698733884498,1.8500778033522858,2.375470405704269,False
2022-03-26,A_DISCOVERY,0.05370068653428508,-6.064999999999998,-0.32999999999999985,0.019758696144866632,0.5771455456458187,-0.13629606020511384,-2.5052513923416404,-1.5191315891801498,-1.5191315891801498,2.0962771348259683,2.3726576902106165,False
2022-03-27,A_DISCOVERY,0.08476066066586935,-2.164999999999992,-0.32999999999999985,0.015397362795304698,0.9094937614015268,0.8151343517365796,-2.505251392341639,-1.6421539619467662,-1.6421539619467662,2.5516477233482933,2.3698449747169645,True
2022-03-28,A_DISCOVERY,0.1516194691700372,-8.045000000000002,-0.32999999999999985,0.013862755555561525,1.6162071303183692,-0.6268365210353124,-2.505251392341639,-1.668911011122202,-1.668911011122202,3.285118141440571,2.418466493030179,False
2022-03-29,A_DISCOVERY,0.1106940033854014,-6.950000000000003,-0.20999999999999996,0.016274911591998016,1.1683800172184284,-0.35923964363427263,-1.3489815189531909,-1.5968787173716519,-1.3489815189531909,2.5173615361716193,2.4268533606797424,False
2022-03-30,A_DISCOVERY,0.10402789175069536,-6.160000000000004,-0.16999999999999993,0.011233309945350519,1.0592787276137323,-0.16617888276959555,-0.9635582278237066,-1.7339972497858085,-0.9635582278237066,2.022836955437439,2.448488154506573,False
2022-03-31,A_DISCOVERY,0.03761378587063884,-4.04999999999999,-0.18000000000000016,0.011932765056398138,0.366593313777101,0.35989618882520075,-1.0599140506060796,-1.6318496196584837,-1.0599140506060796,1.4265073643831805,2.4473494811472656,False
2022-04-01,A_DISCOVERY,0.04159810097273296,-4.575000000000003,-0.1499999999999999,0.01973038043844748,0.41598217934061005,0.22062781852038185,-0.7708465822589651,-1.3624392051262018,-0.7708465822589651,1.1868287615995752,2.446210807787959,False
2022-04-02,A_DISCOVERY,0.04447523266234325,-6.140000000000001,-0.14000000000000012,0.016524457365336073,0.45722282911831524,-0.18037229349468464,-0.6744907594765963,-1.4550543689621493,-0.6744907594765963,1.1317135885949114,2.4450721344286523,False
2022-04-03,A_DISCOVERY,0.029450585537164436,-6.519999999999996,-0.14000000000000012,0.019403853526082322,0.29616912207538765,-0.2795417976537994,-0.6744907594765963,-1.3557492328145773,-0.6744907594765963,0.970659881551984,2.4439334610693453,False
2022-04-04,A_DISCOVERY,-0.03792652504836345,-6.82,-0.14000000000000012,0.018804494915950525,-0.44637628067613294,-0.35749939205813985,-0.6744907594765958,-1.315872123657471,-0.6744907594765958,0.22811447880046282,2.4427947877100387,False
2022-04-05,A_DISCOVERY,-0.03345488556691106,-5.940000000000005,-0.08000000000000007,0.01884129010265507,-0.38611161156139945,-0.13154504295719716,-1.1520541093351136e-15,-1.274368957043417,-0.13154504295719716,-0.2545665686042023,2.4416561143507316,False
2022-04-06,A_DISCOVERY,-0.07621750817121825,-7.475000000000001,-0.1599999999999997,0.016434818338091305,-0.8629308287689081,-0.5361841022855746,-0.899321012635455,-1.3287663304400104,-0.899321012635455,0.03639018386654691,2.4405174409914245,False
2022-04-07,A_DISCOVERY,-0.04923019373075592,-9.64,-0.18999999999999995,0.015843938389411217,-0.5559897305909242,-1.1369794183769644,-1.0895619960775775,-1.3315593725437211,-1.1369794183769644,0.5809896877860402,2.439378767632118,False
2022-04-08,A_DISCOVERY,-0.05795516030291185,-5.204999999999998,-0.1900000000000004,0.01668689370796729,-0.6563455892485751,0.058993360887164156,-0.9635582278237136,-1.3050849068189672,-0.9635582278237136,0.3072126385751385,2.4382400942728113,False
2022-04-09,A_DISCOVERY,-0.08706999926065556,-8.130000000000003,-0.08999999999999986,0.014005049610427353,-0.9888394814041114,-0.7079203306459904,1.0697645300968929e-15,-1.3815964791581374,-0.7079203306459904,-0.280919150758121,2.4371014209135042,False
2022-04-10,A_DISCOVERY,-0.07882709509960373,-7.060000000000002,-0.08999999999999986,0.013726216388162715,-0.8747678289411853,-0.41847018218008414,1.0697645300968929e-15,-1.389551441296106,-0.41847018218008414,-0.4562976467611012,2.435962747554197,False
2022-04-11,A_DISCOVERY,-0.11427979809489415,-8.880000000000003,-0.08999999999999986,0.013487545438043699,-1.2527292551883245,-0.8914552311838361,1.0697645300968929e-15,-1.3849952346208645,-0.8914552311838361,-0.3612740240044884,2.43482407419489,False
2022-04-12,A_DISCOVERY,-0.13578881803640286,-9.844999999999999,-0.06999999999999984,0.013664554554179717,-1.4762644509464131,-1.1307639202989972,0.19271164556474288,-1.3727297543601733,-1.1307639202989972,-0.3455005306474159,2.433685400835583,False
2022-04-13,A_DISCOVERY,-0.0654983867039576,-10.135000000000005,0.11999999999999966,0.008034793626985826,-0.6539938764043527,-1.1744306876433375,2.0234722784297845,-1.5311988206003904,-1.1744306876433375,0.5204368112389848,2.4325467274762773,False
2022-04-14,A_DISCOVERY,-0.08496654098958688,-6.265000000000001,0.1299999999999999,0.00835741728801368,-0.858991852146938,-0.14046496622497612,2.119828101212156,-1.508574999886585,-0.14046496622497612,-0.7185268859219618,2.43140805411697,False
2022-04-15,A_DISCOVERY,-0.07282448710326266,-8.114999999999995,-0.0,0.0069082296508590595,-0.7208262490236229,-0.6194699201718881,0.8672024050413346,-1.5334352701821623,-0.6194699201718881,-0.10135632885173484,2.4302693807576627,False
2022-04-16,A_DISCOVERY,-0.054274605993181714,-5.094999999999999,-0.0,0.0076642605744118636,-0.5068427501322819,0.16247330194685605,0.867202405041334,-1.5063428851257146,0.16247330194685605,-0.6693160520791379,2.4291307073983557,False
2022-04-17,A_DISCOVERY,-0.06230725573021459,-7.030000000000008,-0.0,0.006331759886384409,-0.6022962693725319,-0.3563471688250423,0.8672024050413325,-1.532785047443577,-0.3563471688250423,-0.24594910054748959,2.427992034039049,False
2022-04-18,A_DISCOVERY,-0.032418198567131434,-6.939999999999998,-0.0,0.0024166017786711935,-0.24823136546703037,-0.3326346030621904,0.7644228607401413,-1.6397558885471162,-0.3326346030621904,0.08440323759516002,2.4268533606797433,False
2022-04-19,A_DISCOVERY,0.030577724858069526,-12.095000000000006,0.06999999999999984,-0.00010427409760421949,0.5194338316214713,-1.7296880914849395,1.3939475695849615,-1.7086318331153694,-1.7086318331153694,2.2280656647368406,2.425714687320436,False
2022-04-20,A_DISCOVERY,0.008892298994384908,-5.484999999999992,-0.10999999999999988,-0.002319774519883057,0.2661245402720603,0.050718543437205825,-0.22483025315886407,-1.7691642400108956,-0.22483025315886407,0.49095479343092435,2.425312009859866,False
2022-04-21,A_DISCOVERY,0.045596757085403054,-9.61,-0.20999999999999996,-0.0027086218277328276,0.7119214435401596,-1.0834762100538542,-1.1241512657943242,-1.7580597123142292,-1.1241512657943242,1.8360727093344837,2.424909332399296,False
2022-04-22,A_DISCOVERY,-0.025082461768892134,-5.280000000000001,-0.31000000000000005,-0.0017436140753108195,-0.1437313948344305,0.10473049878591548,-1.854849588560642,-1.708141224779998,-1.708141224779998,1.5644098299455675,2.4245066549387264,False
2022-04-23,A_DISCOVERY,-0.009362572219397578,-11.29,-0.25,0.0017040867994616465,0.06560687890367548,-1.5127190359889697,-1.3489815189531942,-1.6015640536223426,-1.5127190359889697,1.5783259148926452,2.4241039774781563,False
2022-04-24,A_DISCOVERY,-0.017819520326417353,-5.829999999999998,-0.25,0.006896382049066809,-0.035587463023364116,-0.028546360883362345,-1.3489815189531933,-1.4646289048243908,-1.3489815189531933,1.3133940559298292,2.4237013000175867,False
2022-04-25,A_DISCOVERY,0.00013150208464954497,-15.530000000000001,-0.25,0.006647746198188865,0.17921128905808892,-2.64795069702335,-1.3489815189531909,-1.4711861180797552,-1.4711861180797552,1.6503974071378442,2.4232986225570166,False
2022-04-26,A_DISCOVERY,-0.06689483573527273,-8.599999999999994,-0.16999999999999993,0.008063642787494055,-0.6543541080235593,-0.768730985351565,-0.6744907594765935,-1.4338450192364716,-0.768730985351565,0.11437687732800572,2.422895945096447,False
2022-04-27,A_DISCOVERY,-0.054138514905537574,-16.559999999999995,0.06999999999999984,0.007106180961423519,-0.49942120290101044,-2.8977624875326558,1.3489815189531869,-1.4590959287704195,-1.4590959287704195,0.959674725869409,2.422493267635877,False
2022-04-28,A_DISCOVERY,-0.046891175563121605,-7.335000000000001,0.020000000000000018,0.00505509053267411,-0.3858280439972397,-0.4065423755749369,0.8728703946167699,-1.513188841356662,-0.4065423755749369,0.020714331577697198,2.4220905901753076,False
2022-04-29,A_DISCOVERY,-0.022091105278619065,-8.834999999999994,0.050000000000000266,0.005529113597611276,-0.06399919932312904,-0.7735464072451395,1.1109259567849816,-1.5006875455307422,-0.7735464072451395,0.7095472079220104,2.4216879127147375,False
2022-04-30,A_DISCOVERY,-0.0358448745644806,-4.8799999999999955,0.020000000000000018,0.0003881167844697361,-0.19968394807618461,0.2666892446298994,0.8728703946167699,-1.6362698130512314,0.2666892446298994,-0.466373192706084,2.4212852352541674,False
2022-05-01,A_DISCOVERY,-0.025272617428173466,-10.329999999999998,0.020000000000000018,-0.0016214330692914125,-0.07439520730815749,-1.158891800538993,0.8728703946167699,-1.689267186084402,-1.158891800538993,1.0844965932308355,2.4208825577935977,False
2022-05-02,A_DISCOVERY,-0.023550241527698853,-9.150000000000006,0.020000000000000018,0.002338178651912883,-0.028800717313068262,-0.8462269878370153,0.8243775949158392,-1.5848413023162449,-0.8462269878370153,0.8174262705239471,2.4204798803330276,False
2022-05-03,A_DISCOVERY,-0.013484307573647861,-8.665,-0.10000000000000009,-0.0028343061066822533,0.11119141720506569,-0.7061782448211329,-0.07494341771962243,-1.6626370342484023,-0.7061782448211329,0.8173696620261985,2.4200772028724584,False
2022-05-04,A_DISCOVERY,-4.082591854413628e-05,-11.344999999999999,-0.23999999999999977,-0.0024882479991935485,0.271296516415768,-1.3953405159743306,-1.190277810841048,-1.5914218050971425,-1.3953405159743306,1.6666370323900987,2.4196745254118883,False
2022-05-05,A_DISCOVERY,-0.07445677518814421,-8.600000000000001,-0.08000000000000007,-0.001898072688902038,-0.6417221363235679,-0.6744907594765961,0.1190277810841043,-1.5311968274626306,-0.6744907594765961,0.0327686231530282,2.419271847951318,False
2022-05-06,A_DISCOVERY,-0.06168102853841055,-6.0,-0.08000000000000007,-0.0030880484995456344,-0.46280726778323394,0.028385382663343832,0.1190277810841043,-1.5255757945046742,0.028385382663343832,-0.4911926504465778,2.4188691704907486,False
2022-05-07,A_DISCOVERY,-0.06617306018577607,,-0.020000000000000018,-0.002353316468818151,-0.5129246024360018,,0.595138905420525,-1.469568861959223,-0.437214978269349,-0.07570962416665278,2.4184664930301785,False
2022-05-08,A_DISCOVERY,-0.11320736655614072,-13.959999999999994,-0.020000000000000018,-0.0018571095165130851,-1.0883415553512257,-2.12989946359343,0.595138905420525,-1.417015594458165,-1.417015594458165,0.3286740391069394,2.418063815569609,False
2022-05-09,A_DISCOVERY,-0.1959146576810815,-10.159999999999997,-0.020000000000000018,-0.003583069180207862,-2.0803587583211747,-1.092742818368111,0.6323350870093071,-1.433642111970786,-1.092742818368111,-0.9876159399530637,2.417661138109039,False
2022-05-10,A_DISCOVERY,-0.2005135472601816,-20.66000000000001,0.1200000000000001,-0.034999423925240816,-2.131912086833192,-3.8836749682561127,1.9335401771662384,-2.097978185785269,-2.097978185785269,-0.033933901047923154,2.4148484226153872,False
2022-05-11,A_DISCOVERY,-0.25637635744256204,-22.400000000000006,0.1599999999999997,-0.05412781511580168,-2.8086783864201363,-4.37609604748415,2.1499392958316426,-2.4874840044357045,-2.4874840044357045,-0.32119438198443184,2.412035707121735,False
2022-05-12,A_DISCOVERY,-0.22046061827196825,-23.539999999999992,-0.0,-0.05955518466656678,-2.367868729184987,-4.558899494296439,0.7538426135326654,-2.561353981156362,-2.561353981156362,0.19348525197137478,2.409222991628083,False
2022-05-13,A_DISCOVERY,-0.19036274204535988,-18.25999999999999,0.1499999999999999,-0.1500301102140377,-1.980934776657569,-3.1096483767039973,2.0234722784297836,-4.450534208757395,-3.1096483767039973,1.1287136000464284,2.406410276134434,False
2022-05-14,A_DISCOVERY,-0.20322566875196563,-14.969999999999999,0.11000000000000032,-0.15318263149547098,-2.0378002225888867,-2.2632478952379365,1.686226898691488,-4.377635523692309,-2.2632478952379365,0.22544767264904975,2.4035975606407822,False
2022-05-15,A_DISCOVERY,-0.12929354106473828,-17.75,0.11000000000000032,-0.15871799388079608,-1.108896423509943,-2.983874342501467,1.587037081121401,-4.451837678992706,-2.983874342501467,1.8749779189915239,2.4007848451471303,False
2022-05-16,A_DISCOVERY,-0.0778661432395261,-13.574999999999989,0.11000000000000032,-0.16255047936964412,-0.5299282338278163,-1.8641286360107376,1.4988683543924375,-4.5140094914042175,-1.8641286360107376,1.3342004021829212,2.3979721296534784,False
2022-05-17,A_DISCOVERY,-0.03494236655594306,-14.580000000000013,0.029999999999999805,-0.1620613154748161,-0.0471440480630626,-2.0635162567289536,0.8993210126354592,-4.438270786563659,-2.0635162567289536,2.016372208665891,2.395159414159826,False
2022-05-18,A_DISCOVERY,-0.037091324521258774,-15.249999999999986,-0.08999999999999986,-0.153583207147128,-0.07356323277082173,-2.2286429559635916,0.0,-4.231136759203877,-2.2286429559635916,2.15507972319277,2.3923466986661777,False
2022-05-19,A_DISCOVERY,0.014840439375033447,-20.939999999999998,-0.020000000000000018,-0.1615645103719275,0.5331600093825083,-3.6457604620036075,0.5246039240373515,-4.396258910572671,-3.6457604620036075,4.178920471386116,2.3895339831725257,True
2022-05-20,A_DISCOVERY,-0.03531473231512393,-11.930000000000007,-0.06999999999999984,-0.15894878543276536,-0.0815030610629733,-1.3651593415974632,0.14988683543924375,-4.3687958168808745,-1.3651593415974632,1.28365628053449,2.4212852352541674,False
2022-05-21,A_DISCOVERY,0.007185677549556794,-19.025000000000006,0.009999999999999787,-0.15580962334026646,0.4216313859803317,-3.1229419942924608,0.7494341771962154,-4.327247803994429,-3.1229419942924608,3.5445733802727926,2.4208825577935977,False
2022-05-22,A_DISCOVERY,-0.009523560030402035,-14.779999999999987,0.009999999999999787,-0.16124091130561033,0.20718592172268724,-1.9993186254494213,0.7494341771962154,-4.478746836910964,-1.9993186254494213,2.2065045471721083,2.433685400835583,False
2022-05-23,A_DISCOVERY,0.03149221017056989,-13.060000000000002,0.009999999999999787,-0.16310085117736273,0.7065734271821351,-1.5712160409477016,0.7494341771962154,-4.5063958810826845,-1.5712160409477016,2.2777894681298365,2.4325467274762773,False
2022-05-24,A_DISCOVERY,-0.027501775733029456,-17.310000000000002,-0.06999999999999984,-0.16424017543302963,-0.028710428725491965,-2.4490438290519263,0.14988683543924375,-4.5139958620397325,-2.4490438290519263,2.4203334003264345,2.43140805411697,False
2022-05-25,A_DISCOVERY,0.011582081657558049,-19.455,0.20999999999999996,-0.16491949513336535,0.46090915109634545,-2.9542462280356583,2.340879694654066,-4.411049813002457,-2.9542462280356583,3.4151553791320035,2.4302693807576627,True
2022-05-26,A_DISCOVERY,-0.018973329650510073,-15.379999999999995,0.20000000000000018,-0.16309783746389603,0.07694690829424021,-2.0018652151391914,2.2218519135699637,-4.336944880306481,-2.0018652151391914,2.0788121234334316,2.448968044571133,False
2022-05-27,A_DISCOVERY,-0.005798220081594627,-13.485,0.16999999999999993,-0.16248145617326237,0.2369658442726101,-1.5242338188513815,1.9837963514017514,-4.31201739990603,-1.5242338188513815,1.7611996631239917,2.448808081216279,False
2022-05-28,A_DISCOVERY,-0.02242825282213091,-21.50999999999999,0.1299999999999999,-0.1622882011846659,0.02040871087712818,-3.263303840455223,1.666388935177471,-4.327173372504774,-3.263303840455223,3.283712551332351,2.448648117861426,True
2022-05-29,A_DISCOVERY,-0.02166641392021581,-23.685000000000002,0.1299999999999999,-0.1647230531243597,0.029951047950117802,-3.7502805713636382,1.666388935177471,-4.34133042005074,-3.7502805713636382,3.780231619313756,2.4516874216036366,False
2022-05-30,A_DISCOVERY,0.012026821269055214,-16.260000000000005,0.1299999999999999,-0.16306445271802822,0.45197230001184047,-2.0878427658487126,1.666388935177471,-4.3114676412925785,-2.0878427658487126,2.539815065860553,2.4847874452735255,False
2022-05-31,A_DISCOVERY,0.092114350560057,-10.749999999999993,0.1299999999999999,-0.16607776606589955,1.4602929888494838,-0.854168380880731,1.666388935177471,-4.326300951492756,-0.854168380880731,2.314461369730215,2.4955348674303077,False
2022-06-01,A_DISCOVERY,0.028552038233290857,-12.420000000000002,0.1200000000000001,-0.16421227140523065,0.6481877533722405,-1.189576146536696,1.5870370811214025,-4.385635511322123,-1.189576146536696,1.8377638999089365,2.4950345721165386,False
2022-06-02,A_DISCOVERY,0.023652773077225752,-15.930000000000007,-0.16000000000000014,-0.15959899651375548,0.5872436145479479,-1.9486493485200043,-0.6348148324485611,-4.298145583756346,-1.9486493485200043,2.535892963067952,2.4945342768027703,True
2022-06-03,A_DISCOVERY,0.027806018026893545,-18.239999999999995,-0.16999999999999993,-0.1520997132352267,0.641619218984934,-2.437879401052202,-0.7141666865046294,-4.126004506516803,-2.437879401052202,3.079498620037136,2.502229039277063,False
2022-06-04,A_DISCOVERY,0.028775448805536667,,-0.20000000000000018,-0.15793299876286082,0.6554555337983894,,-0.8993210126354625,-4.264816064453871,-2.582068538544667,3.2375240723430565,2.513391145225174,False
2022-06-05,A_DISCOVERY,0.019668541576032785,-16.900000000000006,-0.20000000000000018,-0.15565336136675845,0.5400211345544562,-2.1486577633886403,-0.8993210126354625,-3.9853846419973253,-2.1486577633886403,2.6886788979430967,2.5294069636542353,True
2022-06-06,A_DISCOVERY,0.022247865489406368,-7.86999999999999,-0.20000000000000018,-0.15722127942450734,0.5716430933385477,-0.18887887616209809,-0.8993210126354625,-4.254648611632922,-0.8993210126354625,1.4709641059740102,2.5382462247435127,False
2022-06-07,A_DISCOVERY,-0.07219149538269427,-13.190000000000005,-0.2599999999999998,-0.1529408625654321,-0.7039372898425125,-1.3511785572576733,-1.3489815189531904,-4.146190270156214,-1.3511785572576733,0.6472412674151609,2.5380501196038825,False
2022-06-08,A_DISCOVERY,-0.002900688819442656,-14.250000000000007,-0.2200000000000002,-0.15244018172189464,0.22302364594043145,-1.58406461753298,-1.0492078480747062,-4.147706739201003,-1.58406461753298,1.8070882634734113,2.5378540144642523,False
2022-06-09,A_DISCOVERY,0.0018959089640953157,-9.949999999999996,-0.11999999999999966,-0.12339897277125053,0.2773830001956928,-0.6314149551122844,-0.24849659559663886,-3.5134140706264523,-0.6314149551122844,0.9087979553079772,2.537657909324622,False
2022-06-10,A_DISCOVERY,-0.017024575514966146,-20.64999999999999,-0.18000000000000016,-0.10662815684577202,0.018752289591984047,-2.9868735749460247,-0.6744907594765969,-3.1211359315126592,-2.9868735749460247,3.0056258645380085,2.5374618041849923,True
2022-06-11,A_DISCOVERY,-0.043997876414352384,-20.379999999999995,-0.3999999999999999,-0.10078099533017569,-0.34995518122654146,-2.906253636224939,-2.323245949308268,-2.823235865090158,-2.823235865090158,2.4732806838636168,2.543956495981262,False
2022-06-12,A_DISCOVERY,-0.0669580523829019,-16.929999999999993,-0.3999999999999999,-0.008869615954447125,-0.6638058457221431,-2.1537902182154793,-2.323245949308265,-0.8174301084428607,-2.1537902182154793,1.4899843724933364,2.5433648631068753,False
2022-06-13,A_DISCOVERY,-0.2771077122479566,-28.200000000000017,-0.3999999999999999,-0.009066281597295774,-3.562949631779269,-4.501945449238082,-2.200969846713101,-0.8099508960531736,-2.200969846713101,-1.361979785066168,2.5427732302324877,False
2022-06-14,A_DISCOVERY,-0.2856363686386619,0.1799999999999926,-0.6699999999999999,-0.0026795555278569852,-3.6804055552092985,1.5874161504879054,-4.117943584172899,-0.6761640173555971,-0.6761640173555971,-3.0042415378537015,2.542181597358101,True
2022-06-15,A_DISCOVERY,-0.38094291159660804,-4.789999999999992,-0.7000000000000002,-0.00722822206137677,-4.915532170585022,0.5120839648418389,-4.114393632807239,-0.7611374752793594,-0.7611374752793594,-4.154394695305663,2.567456104204887,False
2022-06-16,A_DISCOVERY,-0.3595151301238794,-25.569999999999993,-0.4200000000000004,-0.013557088324557976,-4.493815719611424,-3.885066774585188,-2.3074683876830924,-0.8442452887727192,-2.3074683876830924,-2.186347331928332,2.6602011259473484,False
2022-06-17,A_DISCOVERY,-0.34497049375260724,-23.049999999999997,-0.31000000000000005,-0.027152340365906337,-4.2536114833100935,-3.2622800767015985,-1.49097957357984,-1.0636821053333196,-1.49097957357984,-2.7626319097302536,2.658619027503142,True
2022-06-18,A_DISCOVERY,-0.41102710933167774,-22.825000000000003,-0.10999999999999988,-0.023135533970567577,-5.0,-3.215727800357356,-0.07099902731332494,-0.979729667826104,-0.979729667826104,-4.0202703321738955,2.6886788979430967,False
2022-06-19,A_DISCOVERY,-0.3582688226367306,-30.55000000000001,-0.10999999999999988,-0.028174629841576794,-4.320332633536366,-4.690592785355599,-0.07494341771962076,-1.0525993382116685,-1.0525993382116685,-3.267733295324698,2.6940563194940434,False
2022-06-20,A_DISCOVERY,-0.15717912871420547,-21.665000000000006,-0.10999999999999988,-0.031766973006740716,-1.732800594697584,-2.8665857277755302,-0.07494341771962096,-1.0923304098068458,-1.0923304098068458,-0.6404701848907381,2.744384108775393,False
2022-06-21,A_DISCOVERY,-0.04937268561572169,-18.69999999999999,-0.10999999999999988,-0.028604853246926385,-0.3368166266092499,-2.190498395124641,-0.07494341771962054,-0.9954599001040176,-0.9954599001040176,0.6586432734947678,2.7416038439368116,False
2022-06-22,A_DISCOVERY,-0.019504722535571353,-15.790000000000006,0.18999999999999995,-0.03322677987519349,0.05171196810180347,-1.5179582102706333,2.340879694654066,-1.0542363740828675,-1.0542363740828675,1.105948342184671,2.738823579098233,False
2022-06-23,A_DISCOVERY,-0.043499104440408984,-12.784999999999997,0.3900000000000001,-0.033104839679471795,-0.2557872403437266,-0.8982532977290076,3.9279167757754583,-0.9586383836709474,-0.8982532977290076,0.6424660573852811,2.736043314259651,False
2022-06-24,A_DISCOVERY,0.02275243098522441,-17.599999999999994,0.1900000000000004,-0.033887199446965534,0.5988644100152498,-1.6923746009263003,2.210830822728838,-0.8877895665475057,-0.8877895665475057,1.4866539765627556,2.7332630494210695,False
2022-06-25,A_DISCOVERY,0.10922145173652553,-13.739999999999995,0.10000000000000009,-0.037461225383860076,1.7160619294333732,-0.9749301713754306,1.4554800599231783,-0.942727150431011,-0.942727150431011,2.658789079864384,2.7304827845824877,False
2022-06-26,A_DISCOVERY,0.08962117426655497,-14.060000000000002,0.10000000000000009,-0.03833812399271336,1.4636945862432065,-1.02177447540723,1.4554800599231767,-0.9501355315834894,-0.9501355315834894,2.413830117826696,2.727702519743906,False
2022-06-27,A_DISCOVERY,0.023330163150970844,-23.28,0.10000000000000009,-0.03460802807773885,0.6062556237954551,-2.589890737622923,1.4554800599231767,-0.8722036509540354,-0.8722036509540354,1.4784592747494905,2.7249222549053274,False
2022-06-28,A_DISCOVERY,-0.03257635609947686,-8.980000000000004,0.08999999999999986,-0.03178733066752657,-0.116063363851209,-0.14438117587276106,1.3844810326098493,-0.8177144204078582,-0.14438117587276106,0.028317812021552063,2.7221419900667456,False
2022-06-29,A_DISCOVERY,-0.014964242533456405,-12.909999999999997,0.10999999999999988,-0.03441377085510141,0.11053388580829078,-0.7898248348779123,1.4501551328746776,-0.8268284005994073,-0.7898248348779123,0.9003587206862032,2.719361725228164,False
2022-06-30,A_DISCOVERY,-0.05804387246321458,-22.10499999999999,-0.0,-0.0341810983875329,-0.4559363602314118,-2.3345446706820305,0.6744907594765952,-0.7840613823447258,-0.7840613823447258,0.32812502211331396,2.7165814603895826,False
2022-07-01,A_DISCOVERY,-0.0840569659213974,-17.429999999999993,0.08999999999999986,-0.038163668617521976,-0.7942744554796325,-1.4952057061580153,1.2526256961708186,-0.8435257213199471,-0.8435257213199471,0.049251265840314584,2.713801195551001,False
2022-07-02,A_DISCOVERY,-0.0872777884775007,-17.340000000000003,0.20000000000000018,-0.04253272964974312,-0.8307581519901797,-1.4774559493296862,1.9592350632415396,-0.9090445643548609,-0.9090445643548609,0.07828641236468126,2.7110209307124222,False
2022-07-03,A_DISCOVERY,-0.10846610505972518,-15.890000000000015,0.20000000000000018,-0.0438753338031476,-1.1045607048398844,-1.2184484597141,1.9592350632415396,-0.9252095802838118,-0.9252095802838118,-0.1793511245560726,2.7082406658738405,False
2022-07-04,A_DISCOVERY,-0.05031604033010718,-20.355000000000004,0.20000000000000018,-0.03862916429094201,-0.3488596949647305,-1.9386910869909342,1.9592350632415396,-0.8407494767509958,-0.8407494767509958,0.49188978178626525,2.7054604010352588,False
2022-07-05,A_DISCOVERY,-0.0577870389522497,-13.614999999999995,0.20000000000000018,-0.03937504793243559,-0.444236063702946,-0.7932978462818057,1.9592350632415396,-0.8415207325620312,-0.7932978462818057,0.34906178257885967,2.702680136196677,False
2022-07-06,A_DISCOVERY,0.013936785413984866,-11.219999999999999,0.26000000000000023,-0.03876246803102339,0.47717061193686816,-0.3778798383367338,2.344658354371023,-0.8057824882031108,-0.3778798383367338,0.8550504502736019,2.6998998713580957,False
2022-07-07,A_DISCOVERY,0.09714032479919524,-15.024999999999991,0.1299999999999999,-0.0386069948314671,1.5647990544694665,-0.9940080813557866,1.4774559493296844,-0.7987487545365134,-0.7987487545365134,2.36354780900598,2.697119606519517,False
2022-07-08,A_DISCOVERY,0.11429747592345761,-7.469999999999999,0.03000000000000025,-0.039575495469078556,1.7961290107005323,0.25922900670214283,0.7971254430177974,-0.8101864275038665,0.25922900670214283,1.5369000039983896,2.6943393416809354,False
2022-07-09,A_DISCOVERY,0.1172013391704432,-7.814999999999998,-0.20000000000000018,-0.04043054142493738,1.8130032067040531,0.20747047843285113,-0.6131734177059982,-0.8191714413658712,-0.6131734177059982,2.4261766244100516,2.6940563194940434,False
2022-07-10,A_DISCOVERY,0.0886150971182951,-7.670000000000002,-0.20000000000000018,-0.03925968476032547,1.437914550572087,0.23453105088399323,-0.6131734177059982,-0.7805580705484776,-0.6131734177059982,2.051087968278085,2.6937732973071515,False
2022-07-11,A_DISCOVERY,0.03384952648362284,-6.969999999999999,-0.20000000000000018,-0.03955984162821516,0.7122517146062667,0.357769602079834,-0.6131734177059982,-0.7649787394720489,-0.6131734177059982,1.3254251323122648,2.693490275120259,False
2022-07-12,A_DISCOVERY,0.017715144673712255,-15.019999999999996,-0.22999999999999998,-0.03744197132728684,0.4769573334702576,-1.0422374852976999,-0.7971254430177961,-0.7184351598274967,-0.7971254430177961,1.2740827764880538,2.6932072529333677,False
2022-07-13,A_DISCOVERY,-0.033562333188510984,-7.084999999999994,-0.20999999999999996,-0.034571856787830896,-0.2003095185952488,0.33789351307539967,-0.6744907594765959,-0.641385083801102,-0.641385083801102,0.4410755652058532,2.692924230746476,False
2022-07-14,A_DISCOVERY,-0.04223334926434932,-14.210000000000008,-0.1599999999999997,-0.03480308208899179,-0.2991686768274061,-0.9020610862788332,-0.36790405062359555,-0.6487598719046337,-0.6487598719046337,0.3495911950772276,2.692641208559584,False
2022-07-15,A_DISCOVERY,-0.043888232739565276,-20.89,-0.1200000000000001,-0.026712888210285914,-0.31887542382700335,-2.0329357967387702,-0.12263468354119965,-0.5323262786598275,-0.5323262786598275,0.21345085483282417,2.6923581863726915,False
2022-07-16,A_DISCOVERY,-0.010613372751972296,-6.0,-0.009999999999999787,-0.02025234026998799,0.13526658644239983,0.5315579214182318,0.5518560759353979,-0.4338999877490669,0.5315579214182318,-0.3962913349758319,2.6920751641857996,False
2022-07-17,A_DISCOVERY,0.010266551934228268,-5.835000000000008,-0.009999999999999787,-0.01877031927854543,0.40934312855132454,0.5676534826892699,0.5518560759353973,-0.41005941059127626,0.5518560759353973,-0.14251294738407277,2.691792141998908,False
2022-07-18,A_DISCOVERY,0.08357327926010555,-7.1299999999999955,-0.009999999999999787,-0.015157565128991109,1.3710678149050266,0.3462787381241449,0.5518560759353973,-0.35593091921719716,0.3462787381241449,1.0247890767808818,2.6915091198120162,False
2022-07-19,A_DISCOVERY,0.15491750676247,-8.295000000000016,-0.08000000000000007,-0.01098706653919737,2.2658714112639258,0.14694882227671013,0.12263468354119822,-0.28743530460547706,0.12263468354119822,2.1432367277227273,2.6912260976251243,False
2022-07-20,A_DISCOVERY,0.1877610722241604,-7.090000000000003,-0.20000000000000018,-0.009902649335773424,2.6333139961950454,0.36288133258865246,-0.6438320885912967,-0.2671238267663022,-0.2671238267663022,2.9004378229613477,2.690943075438232,True
2022-07-21,A_DISCOVERY,0.13014355288201382,-14.730000000000004,-0.1200000000000001,-0.009002720808803558,1.9068210990881391,-0.9878681831128393,-0.15329335442650027,-0.24667793176603006,-0.24667793176603006,2.153499030854169,2.713801195551001,False
2022-07-22,A_DISCOVERY,0.10729161022264108,-9.00500000000001,0.04999999999999982,-0.0034768249121022656,1.6312106438388574,0.039879916370079684,0.8891014556736909,-0.14787266650935277,0.039879916370079684,1.5913307274687778,2.7110209307124222,False
2022-07-23,A_DISCOVERY,0.033237836913065,-7.75500000000001,0.1499999999999999,-0.004589989567805385,0.6519805252280515,0.2635633858812812,1.471616202494384,-0.14608466599555742,0.2635633858812812,0.3884171393467703,2.7082406658738405,False
2022-07-24,A_DISCOVERY,0.07119940092183841,-7.940000000000012,0.1499999999999999,-0.003524980106059992,1.114356489648271,0.2333909241208234,1.471616202494384,-0.1076922232572262,0.2333909241208234,0.8809655655274475,2.7054604010352588,False
2022-07-25,A_DISCOVERY,-0.011283401008033636,-9.159999999999997,0.1499999999999999,-0.0002552768817049367,0.0325671719972505,0.013653659098717026,1.471616202494384,-0.041890266899622594,0.013653659098717026,0.018913512898533477,2.702680136196677,False
2022-07-26,A_DISCOVERY,-0.10419369285868921,-8.804999999999993,0.1499999999999999,-0.0003778531701867614,-1.2011169233826815,0.07919122277255616,1.471616202494384,-0.026705025953750655,0.07919122277255616,-1.2803081461552377,2.6998998713580957,False
2022-07-27,A_DISCOVERY,-0.09543046586236384,-15.804999999999993,0.20999999999999996,-0.0019043839078243961,-1.086470602106865,-1.1951502931076514,1.8395202531179806,-0.038455430087944685,-0.038455430087944685,-1.0480151720189204,2.697119606519517,False
2022-07-28,A_DISCOVERY,0.031264687454889986,-6.030000000000001,0.29000000000000004,-0.002377480868011418,0.5507859414099887,0.6175297435958612,2.228752074792227,-0.04269207636709081,0.6175297435958612,-0.0667438021858725,2.6943393416809354,False
2022-07-29,A_DISCOVERY,0.031306323735664644,-6.680000000000007,0.25,-0.000370481318378388,0.571583754332132,0.466044897236188,1.9648209080405126,-0.0010574908123287376,0.466044897236188,0.10553885709594402,2.6940563194940434,False
2022-07-30,A_DISCOVERY,0.1020708153093818,-8.439999999999998,0.08999999999999986,-0.0011881328301049949,1.54519239966845,0.13230751523340697,0.9555285759251753,-0.01604558900520434,0.13230751523340697,1.412884884435043,2.6937732973071515,False
2022-07-31,A_DISCOVERY,0.04559099805696036,-1.5499999999999972,0.08999999999999986,0.0002646822357185421,0.7826880417603223,1.4072708438462318,0.9555285759251753,0.02090242619882111,0.9555285759251753,-0.172840534164853,2.693490275120259,False
2022-08-01,A_DISCOVERY,0.05527202475702655,-2.3400000000000034,0.08999999999999986,0.0011159450233077606,0.913386500199632,1.2550592562001335,0.9555285759251753,0.037995341370315384,0.9555285759251753,-0.04214207572554329,2.6932072529333673,False
2022-08-02,A_DISCOVERY,0.11034857755412567,-10.469999999999999,0.10000000000000009,-0.0036018327578819535,1.5761795407265509,-0.2411815442976916,0.9442870632672319,-0.05673021172571696,-0.05673021172571696,1.6329097524522678,2.692924230746476,False
2022-08-03,A_DISCOVERY,0.08500335161607424,-9.64,-0.040000000000000036,-0.0016396662267772802,1.2327314234603106,-0.0881152911370096,0.18885741265344588,-0.004851867264218164,-0.004851867264218164,1.2375832907245288,2.692641208559584,False
2022-08-04,A_DISCOVERY,-0.05081076606712753,-5.905000000000001,-0.14000000000000012,-0.0012670764293292922,-0.5121283700333132,0.620675007390694,-0.3507351949278298,0.0075658054309630015,0.0075658054309630015,-0.5196941754642762,2.6923581863726915,False
2022-08-05,A_DISCOVERY,-0.03460810149336354,-4.150000000000006,-0.17999999999999972,-0.00157287741881316,-0.29075227492817396,0.935497157093199,-0.5665722379603376,0.0012074480552561801,0.0012074480552561801,-0.29195972298343015,2.6920751641857996,False
2022-08-06,A_DISCOVERY,-0.059406802793961225,-2.6700000000000017,-0.3500000000000001,-0.0023155031492630286,-0.6157663200805634,1.1465458912727975,-1.4838796708485076,-0.014488959958352894,-0.014488959958352894,-0.6012773601222106,2.6917921419989077,False
2022-08-07,A_DISCOVERY,-0.02881758939601723,,-0.3500000000000001,0.00038717746028863847,-0.19664164300354292,,-1.4838796708485076,0.04454901546663762,-0.7196653276909349,0.523023684687392,2.6915091198120162,False
2022-08-08,A_DISCOVERY,0.031429909883590686,-5.949999999999989,-0.3500000000000001,0.0021934797689278757,0.6439443738971732,0.5538249814050972,-1.4838796708485076,0.0835048772834883,0.0835048772834883,0.5604394966136849,2.6912260976251243,False
2022-08-09,A_DISCOVERY,-0.01326806122486391,-4.730000000000004,-0.31000000000000005,0.0006701268720216046,0.03724866782249741,0.76270025113866,-1.2680426278159973,0.05098156258250498,0.05098156258250498,-0.013732894760007573,2.690943075438232,False
2022-08-10,A_DISCOVERY,0.021909646050230373,-6.569999999999993,-0.21999999999999975,-0.000995332728628387,0.52866490646878,0.430554378084866,-0.7824092809928479,0.015338255603522524,0.015338255603522524,0.5133266508652574,2.69066005325134,False
2022-08-11,A_DISCOVERY,0.0747900681689832,-4.689999999999998,-0.1299999999999999,-0.0007508922998396519,1.290331592856879,0.7656982830205957,-0.29677593416970105,0.021090740927242075,0.021090740927242075,1.269240851929637,2.690377031064448,False
2022-08-12,A_DISCOVERY,0.04063048825411786,-4.850000000000001,-0.20000000000000018,3.425783751629101e-07,0.8048170365625104,0.7372237390849077,-0.6744907594765952,0.038518709651834425,0.038518709651834425,0.7662983269106759,2.6900940088775562,False
2022-08-13,A_DISCOVERY,0.055684994101474775,-7.800000000000004,-0.009999999999999787,0.0016439927802307075,0.9997448788726199,0.2119447248157692,0.3507351949278298,0.07724709887202522,0.2119447248157692,0.7878001540568507,2.6898109866906643,False
2022-08-14,A_DISCOVERY,0.051351383569790306,-3.825000000000003,-0.009999999999999787,0.0005199005927879527,0.924307651286267,0.9196387861729048,0.3113034274507357,0.051691542027699815,0.3113034274507357,0.6130042238355313,2.6895279645037724,False
2022-08-15,A_DISCOVERY,0.013045054377721655,-8.10499999999999,-0.009999999999999787,0.0015878282026224808,0.382074452090218,0.15773664006205315,0.3113034274507357,0.07808903804071256,0.15773664006205315,0.22433781202816486,2.68924494231688,False
2022-08-16,A_DISCOVERY,0.03147881323842746,-6.239999999999995,0.009999999999999787,0.001826362767584061,0.6374328657742484,0.4806305014548461,0.3747170885981065,0.08640812240352873,0.3747170885981065,0.2627157771761419,2.688961920129988,False
2022-08-17,A_DISCOVERY,-0.02291394995853213,-5.730000000000004,0.029999999999999805,0.0034377997994854965,-0.12793745521302655,0.5853207946644344,0.4336012025206673,0.1288733082847948,0.4336012025206673,-0.5615386577336938,2.6886788979430967,False
2022-08-18,A_DISCOVERY,-0.04209790067755502,-13.554999999999993,-0.04999999999999982,0.002045971323686181,-0.3996482906224827,-0.8546629486518484,0.04817791139118644,0.09466317951179166,0.04817791139118644,-0.44782620201366913,2.687184407039161,False
2022-08-19,A_DISCOVERY,-0.10814560488445397,-9.060000000000002,0.009999999999999787,0.00019497502320411643,-1.3442794260579083,-0.023778657283242473,0.33724537973829655,0.048083151411499644,0.048083151411499644,-1.392362577469408,2.6856899161352246,False
2022-08-20,A_DISCOVERY,-0.14219399247483389,,-0.0,-0.000652780139073044,-1.829396342027524,,0.2890674683471122,0.026906032411114948,0.15798675037911358,-1.9873830924066378,2.6841954252312887,False
2022-08-21,A_DISCOVERY,-0.12712560724915473,-7.469999999999999,-0.0,-0.0026048689746613887,-1.6147039854535241,0.28134580309674573,0.2890674683471122,-0.02410845833431648,0.28134580309674573,-1.8960497885502698,2.682700934327353,False
2022-08-22,A_DISCOVERY,-0.12833060148992773,-10.674999999999997,-0.0,-0.0028184946234943026,-1.6318725837694723,-0.31765729959954314,0.2890674683471122,-0.0273242990988426,-0.0273242990988426,-1.6045482846706296,2.6812064434234184,False
2022-08-23,A_DISCOVERY,-0.10377796625687327,-13.310000000000002,-0.11999999999999966,-0.003991809984084837,-1.2820498894768466,-0.815839737200946,-0.2890674683471101,-0.06113597107308061,-0.2890674683471101,-0.9929824211297364,2.6797119525194826,False
2022-08-24,A_DISCOVERY,-0.07528911973686885,-5.8899999999999935,-0.040000000000000036,-0.005993156419438265,-0.8761445782009286,0.5919581348992937,0.12490569619936882,-0.1268977844996254,0.12490569619936882,-1.0010502744002974,2.6782174616155467,False
2022-08-25,A_DISCOVERY,-0.08450742868492576,-9.420000000000002,-0.08000000000000007,-0.005073090007097721,-0.992408737879578,-0.07828484398737483,-0.07494341771962218,-0.09145103211337233,-0.07828484398737483,-0.9141238938922032,2.6767229707116105,False
2022-08-26,A_DISCOVERY,-0.038240780523311084,-9.679999999999993,-0.1299999999999999,-0.004677045162629872,-0.33692706102098363,-0.12847443037649162,-0.3113034274507357,-0.07271718174257752,-0.12847443037649162,-0.20845263064449202,2.6752284798076746,False
2022-08-27,A_DISCOVERY,-0.05991025616944956,-8.950000000000003,-0.1200000000000001,-0.004095785250995285,-0.5999993114774761,0.011505172869537212,-0.25941952287561426,-0.055295422569806914,-0.055295422569806914,-0.5447038889076692,2.6737339889037406,False
2022-08-28,A_DISCOVERY,-0.06839874193095632,-13.950000000000003,-0.1200000000000001,-0.0040142876953216736,-0.7034745273476433,-0.9553679828872021,-0.24281667341157465,-0.052489386837417176,-0.24281667341157465,-0.4606578539360686,2.6722394979998043,False
2022-08-29,A_DISCOVERY,-0.04884416669912621,-9.844999999999999,-0.1200000000000001,-0.002299954616270024,-0.41336397739529124,-0.16428667784394008,-0.21583704303251067,0.004274982445864903,-0.16428667784394008,-0.24907729955135116,2.6707450070958685,False
2022-08-30,A_DISCOVERY,-0.09000543178082726,-7.680000000000007,-0.10000000000000009,-0.004510514618705147,-0.9644976885167267,0.2550313319413982,-0.11241512657943253,-0.07038023209378291,-0.07038023209378291,-0.8941174564229437,2.6692505161919327,False
2022-08-31,A_DISCOVERY,-0.08044047893935288,-8.47999999999999,-0.16999999999999993,-0.003658376484232676,-0.797861755975964,0.09990650700340072,-0.5058680696074451,-0.03915527371265871,-0.03915527371265871,-0.7587064822633053,2.6677560252879964,False
2022-09-01,A_DISCOVERY,-0.08693032726337416,-12.170000000000002,-0.0900000000000003,-0.001532295064789354,-0.8637147432492671,-0.6194203434210629,-0.056207563289717516,0.0391504421395801,-0.056207563289717516,-0.8075071799595496,2.6662615343840623,False
2022-09-02,A_DISCOVERY,-0.02909098083626799,-10.870000000000005,-0.1599999999999997,-0.004631942540657696,-0.08969063858151594,-0.37858188368230306,-0.4398852779195162,-0.07064532500284809,-0.37858188368230306,0.2888912451007871,2.6647670434801265,False
2022-09-03,A_DISCOVERY,-0.010799673103149887,-10.004999999999995,-0.029999999999999805,-0.004687625957418553,0.1551292488280252,-0.20416200118685912,0.36790405062359666,-0.07169976237769435,-0.07169976237769435,0.22682901120571955,2.66327255257619,False
2022-09-04,A_DISCOVERY,-0.0051244990601191495,-14.865000000000002,-0.029999999999999805,-0.005894684602218095,0.22497399232295182,-1.1841396068837953,0.36790405062359666,-0.11487662203383378,-0.11487662203383378,0.3398506143567856,2.6617780616722544,False
2022-09-05,A_DISCOVERY,-0.023405820194263998,-12.655000000000001,-0.029999999999999805,-0.005230715698236003,-0.02027537224648256,-0.7105545717607475,0.3225825371409806,-0.09097907335193776,-0.09097907335193776,0.07070370110545521,2.6602835707683186,False
2022-09-06,A_DISCOVERY,0.0067007985473700234,-11.510000000000005,-0.029999999999999805,-0.007247272150322458,0.3794618118112944,-0.487348814650719,0.28103781644858256,-0.16877709473920618,-0.16877709473920618,0.5482389065505006,2.658789079864384,False
2022-09-07,A_DISCOVERY,-0.05771993778572998,-9.110000000000014,-0.08000000000000007,-0.008143260822696636,-0.5039738842572885,-0.014133115624873233,0.0,-0.19198897905391565,-0.014133115624873233,-0.48984076863241527,2.658701472324111,False
2022-09-08,A_DISCOVERY,-0.024183345055901934,-10.18999999999999,0.009999999999999787,-0.0075163717056396994,-0.048827692089351844,-0.21525264670660688,0.5058680696074451,-0.1574989248349352,-0.1574989248349352,0.10867123274558335,2.658613864783839,False
2022-09-09,A_DISCOVERY,0.05644623654778377,-5.210000000000008,-0.029999999999999805,-0.005314670628275022,1.0452487090542186,0.7636111991763914,0.28103781644858256,-0.0693248262308524,0.28103781644858256,0.7642108926056361,2.658526257243566,False
2022-09-10,A_DISCOVERY,0.07870980310480083,-3.6700000000000017,-0.050000000000000266,-0.0038544927553262913,1.3355531270005716,1.020927313086168,0.17595411116780596,-0.010476903506609118,0.17595411116780596,1.1595990158327656,2.6584386497032937,False
2022-09-11,A_DISCOVERY,0.08610957294540711,-2.719999999999999,-0.050000000000000266,-0.004987331538377122,1.424337926189434,1.1950267735750928,0.14662842597317077,-0.056885755380431655,0.14662842597317077,1.2777095002162633,2.658351042163021,False
2022-09-12,A_DISCOVERY,0.11291215922154081,-1.625,-0.050000000000000266,-0.003841214012264185,1.751977694097304,1.400612683561695,0.11241512657943024,-0.0037248972253833006,0.11241512657943024,1.6395625675178738,2.6582634346227487,False
2022-09-13,A_DISCOVERY,0.05034083496653489,-9.89,-0.18000000000000016,-0.002816069832736927,0.9222713167773947,-0.14875755106264488,-0.6451650742819626,0.04638961945407033,-0.14875755106264488,1.0710288678400395,2.6581758270824762,False
2022-09-14,A_DISCOVERY,0.06277788438144279,-2.4799999999999898,-0.25,-0.004724081885842263,1.0839929525026595,1.22886672616969,-1.10371215187079,-0.04357223289681193,-0.04357223289681193,1.1275651853994715,2.6580882195422033,False
2022-09-15,A_DISCOVERY,0.0345684551850038,-8.649999999999991,-0.3299999999999996,-0.001255780557594794,0.7171796609951301,0.0870895936916689,-1.5942508860355828,0.14827461711333972,0.0870895936916689,0.6300900673034612,2.6580006120019313,False
2022-09-16,A_DISCOVERY,-0.08635056780079267,-7.709999999999994,-0.3900000000000001,-0.005672865872745157,-0.8551564723745497,0.2576400480045136,-1.9621549366591822,-0.09857415914515083,-0.09857415914515083,-0.756582313229399,2.6579130044616583,False
2022-09-17,A_DISCOVERY,-0.06171618162470489,-7.885000000000005,-0.29000000000000004,-0.00642250005815066,-0.5116408994302512,0.22588863363775846,-1.3489815189531877,-0.137682938970632,-0.137682938970632,-0.37395796045961915,2.6578253969213863,False
2022-09-18,A_DISCOVERY,-0.09345002298237992,-7.069999999999993,-0.29000000000000004,-0.007209787923174146,-0.9242315233669968,0.3806714971292593,-1.3489815189531877,-0.18599675310105113,-0.18599675310105113,-0.7382347702659456,2.6577377893811134,False
2022-09-19,A_DISCOVERY,-0.14560656839998415,-8.150000000000006,-0.29000000000000004,-0.005252981954349248,-1.5960146794442454,0.18437962183739612,-1.3489815189531877,-0.056643041403793164,-0.056643041403793164,-1.5393716380404523,2.657650181840841,False
2022-09-20,A_DISCOVERY,-0.08356255800546057,-4.515000000000015,-0.3700000000000001,-0.00496828875993345,-0.7829955057515678,0.8989963480099594,-1.8395202531179833,-0.02461999059029433,-0.02461999059029433,-0.7583755151612736,2.6575625743005684,False
2022-09-21,A_DISCOVERY,-0.046065229958066556,-11.959999999999994,-0.20999999999999996,-0.003432987087283372,-0.292181408371292,-0.5512805340992792,-0.8211191854497688,0.0698000370419593,-0.5512805340992792,0.25909912572798727,2.657474966760296,False
2022-09-22,A_DISCOVERY,-0.042346500030910346,-8.269999999999996,-0.23999999999999977,-0.0014409368181013845,-0.2396456241952174,0.1768664658183082,-0.9970732966175752,0.19261413683651252,0.1768664658183082,-0.4165120900135256,2.657387359220023,False
2022-09-23,A_DISCOVERY,-0.04015028242579309,-24.060000000000002,-0.2400000000000002,-0.001120863210286308,-0.20473874612773363,-3.025819343867166,-0.9970732966175777,0.21908944242592432,-0.9970732966175777,0.792334550489844,2.657299751679751,False
2022-09-24,A_DISCOVERY,-0.05270389397832646,-13.640000000000008,-0.3500000000000001,-0.0019311089097030396,-0.37360135411441897,-0.8560276597295977,-1.6422383708995376,0.17475389883416842,-0.8560276597295977,0.48242630561517874,2.657212144139478,False
2022-09-25,A_DISCOVERY,-0.03990669369407903,-11.475000000000001,-0.3500000000000001,-0.003505147817626498,-0.1844841953028265,-0.36798939139154574,-1.6422383708995376,0.07531647498128438,-0.36798939139154574,0.18350519608871924,2.6571245365992056,False
2022-09-26,A_DISCOVERY,-0.0064002006804335715,-13.200000000000003,-0.3500000000000001,-0.0038477592491101185,0.2941909969600952,-0.6606313603092674,-1.6422383708995376,0.05531603167718632,-0.6606313603092674,0.9548223572693626,2.657036929058933,False
2022-09-27,A_DISCOVERY,0.00046057890347483933,-13.400000000000006,-0.3199999999999994,-0.006273801836562156,0.394911119963502,-0.6938673750019154,-1.4051890822429056,-0.13198879116153767,-0.6938673750019154,1.0887784949654173,2.6517674687734,False
2022-09-28,A_DISCOVERY,0.014104738699951548,-11.86,-0.33999999999999986,-0.01164278012999225,0.5946008136252728,-0.4054316040569707,-1.5176042088223378,-0.6216993353974195,-0.6216993353974195,1.2163001490226923,2.6464980084878666,False
2022-09-29,A_DISCOVERY,0.021041592583804274,-10.629999999999995,-0.05000000000000071,-0.010922250264551459,0.6989600414159225,-0.15697403993184342,0.11241512657942733,-0.5961654803705487,-0.15697403993184342,0.8559340813477659,2.6412285482023337,False
2022-09-30,A_DISCOVERY,0.04929620062063798,-12.75,-0.04999999999999982,-0.015134318064413387,1.1003488660770495,-0.528495119697778,0.0518839045751251,-1.0062117784001718,-0.528495119697778,1.6288439857748274,2.6359590879168002,False
2022-10-01,A_DISCOVERY,0.010320169271022233,-10.834999999999994,-0.019999999999999574,-0.020519681950472757,0.5466500360319564,-0.17648946850401717,0.15565171372537326,-1.486446434337653,-0.17648946850401717,0.7231395045359735,2.6306896276312735,False
2022-10-02,A_DISCOVERY,0.012009296058791294,-13.780000000000001,-0.019999999999999574,-0.027558356851664786,0.5423774266682025,-0.7123212945498396,0.15565171372537184,-2.102585363342076,-0.7123212945498396,1.254698721218042,2.62542016734574,False
2022-10-03,A_DISCOVERY,0.016922227852505602,-12.200000000000003,-0.019999999999999574,-0.027011003532076493,0.6008914558473079,-0.41438996902190445,0.15565171372537184,-2.0320395223118664,-0.41438996902190445,1.0152814248692124,2.6201507070602066,False
2022-10-04,A_DISCOVERY,0.04511360973209412,-3.7299999999999898,0.14999999999999947,-0.02553408807881051,1.007101427036937,1.2131266425763494,1.0376780915024508,-1.853342163892147,1.0376780915024508,-0.03057666446551388,2.6148812467746736,False
2022-10-05,A_DISCOVERY,0.03639755751609011,-11.21499999999999,0.20000000000000018,-0.027165156550106925,0.8766536330685855,-0.21908990626970098,1.2970976143780644,-1.9695927828237896,-0.21908990626970098,1.0957435393382864,2.6096117864891406,False
2022-10-06,A_DISCOVERY,0.03078075919599933,-3.2850000000000037,-0.08000000000000007,-0.026473705219442416,0.7867063894303901,1.3300841485368196,-0.17486797467911827,-1.8931165174585574,-0.17486797467911827,0.9615743641095084,2.6043423262036134,False
2022-10-07,A_DISCOVERY,-0.01587629107853501,-8.029999999999994,-0.07000000000000028,-0.025324057419893607,0.10633314169263339,0.41041212160680884,-0.12490569619937146,-1.723716580640012,-0.12490569619937146,0.23123883789200483,2.59907286591808,False
2022-10-08,A_DISCOVERY,0.012169760174456607,-3.75,-0.08000000000000007,-0.025135401345171064,0.5156234072656959,1.2399582280895167,-0.17486797467911827,-1.651482469294532,-0.17486797467911827,0.6904913819448142,2.5938034056325465,False
2022-10-09,A_DISCOVERY,0.015655603813991444,-7.38000000000001,-0.08000000000000007,-0.024686451971518468,0.5701342134121774,0.5280489892083359,-0.17486797467911827,-1.567735511933693,-0.17486797467911827,0.7450021880912957,2.5885339453470135,False
2022-10-10,A_DISCOVERY,-0.01385333497389981,-7.719999999999999,-0.08000000000000007,-0.025605701638277144,0.12076385480138453,0.47049606857167703,-0.17486797467911827,-1.5913617398270057,-0.17486797467911827,0.2956318294805028,2.5832644850614805,False
2022-10-11,A_DISCOVERY,-0.042794053661984396,-9.93,-0.08000000000000007,-0.02643036895875781,-0.3398463111503264,0.042155672467287415,-0.1556517137253693,-1.5996065233852548,-0.1556517137253693,-0.18419459742495708,2.5779950247759533,False
2022-10-12,A_DISCOVERY,-0.057668463068225435,-9.869999999999997,-0.17999999999999972,-0.028571260045272943,-0.5733180629584326,0.053784823492746395,-0.7014703898556585,-1.709939886783259,-0.7014703898556585,0.1281523268972259,2.5727255644904203,False
2022-10-13,A_DISCOVERY,-0.049539377509306835,-11.579999999999998,-0.1800000000000006,-0.02922912187779607,-0.45326104366235476,-0.2776459807328221,-0.6744907594765999,-1.6524088124142278,-0.6744907594765999,0.2212297158142451,2.567456104204887,False
2022-10-14,A_DISCOVERY,-0.0052310043699680215,-5.435000000000002,-0.3199999999999994,-0.03232490133255431,0.24036994827106586,0.9187029310112227,-1.4008654235283122,-1.8794964502167255,-1.4008654235283122,1.6412353717993782,2.562186643919354,False
2022-10-15,A_DISCOVERY,-0.020784534275652203,-10.310000000000002,-0.25,-0.03530599083623393,-0.02455113811064487,-0.025794972387916816,-1.0376780915024544,-2.059090161963703,-1.0376780915024544,1.0131269533918095,2.5569171836338205,False
2022-10-16,A_DISCOVERY,-0.018878733412871038,-10.485000000000007,-0.25,-0.035728304614360294,0.00572342188195565,-0.04607713037122281,-0.9857941869273291,-1.9611456065733321,-0.9857941869273291,0.9915176088092847,2.5516477233482933,False
2022-10-17,A_DISCOVERY,0.01900316221675045,-13.450000000000003,-0.25,-0.03430790405893907,0.6109900691655931,-0.6209282579887487,-0.9339102823522072,-1.6898692844448304,-0.9339102823522072,1.5449003515178004,2.551056090473906,False
2022-10-18,A_DISCOVERY,0.013352262344389939,-4.43,-0.15000000000000036,-0.033795988869573065,0.5207064359202276,1.1930992100963782,-0.4150712366009833,-1.542237113042483,-0.4150712366009833,0.9357776725212108,2.550464457599519,False
2022-10-19,A_DISCOVERY,0.0042073160152138085,-7.935000000000002,-0.1299999999999999,-0.03563854416401582,0.3788848569542306,0.48828773042872364,-0.3113034274507357,-1.609465458091511,-0.3113034274507357,0.6901882844049663,2.549872824725132,False
2022-10-20,A_DISCOVERY,0.005148993181963067,-10.885000000000005,-0.2699999999999996,-0.035888690586611476,0.3919835667704795,-0.09735952926968842,-1.079185215162549,-1.5594062619258706,-1.079185215162549,1.4711687819330286,2.5492811918507448,False
2022-10-21,A_DISCOVERY,-0.009133310538060924,-10.11,-0.15000000000000036,-0.03747726567449655,0.15944264851757878,0.05821497626434882,-0.43167408606502294,-1.4566480047948394,-0.43167408606502294,0.5911167345826017,2.548689558976358,False
2022-10-22,A_DISCOVERY,0.003529222010705093,-4.720000000000006,-0.009999999999999787,-0.04193651272942575,0.3656108552732566,1.1487578752105112,0.3372453797382982,-1.6210734169409273,0.3372453797382982,0.028365475534958384,2.548097926101971,False
2022-10-23,A_DISCOVERY,0.002023038054051159,-8.415,-0.009999999999999787,-0.04231000761524424,0.34108754256376433,0.3984714754645956,0.28103781644858433,-1.5776737865803885,0.28103781644858433,0.06004972611518,2.547506293227584,False
2022-10-24,A_DISCOVERY,-0.012283114770502031,-9.879999999999995,-0.009999999999999787,-0.041906692552204874,0.09326914750087308,0.1051679744911039,0.20753561830049536,-1.498083792431907,0.1051679744911039,-0.011898826990230829,2.5469146603531967,False
2022-10-25,A_DISCOVERY,0.020445673989355127,-5.975000000000001,-0.04999999999999982,-0.04033971159512107,0.6025240356097021,0.8787593253150829,3.4561623280053586e-15,-1.254888405288803,3.4561623280053586e-15,0.6025240356096987,2.5463230274788096,False
2022-10-26,A_DISCOVERY,0.07935620251979356,-3.930000000000007,0.009999999999999787,-0.04230442715512588,1.5100635013316122,1.292352609611824,0.311303427450739,-1.2834279346227209,0.311303427450739,1.198760073880873,2.545731394604423,False
2022-10-27,A_DISCOVERY,0.06982672848982358,-4.354999999999997,0.16000000000000014,-0.0412825173854516,1.3145189006125575,1.1772384980353878,1.0895619960775849,-1.0419685771752003,1.0895619960775849,0.22495690453497263,2.545139761730036,False
2022-10-28,A_DISCOVERY,0.07917899028956317,-10.449999999999996,0.3200000000000003,-0.03507731490257762,1.4224747666378144,-0.03921457903933674,1.919704469279549,-0.6147574106788845,-0.03921457903933674,1.4616893456771511,2.5445481288556486,False
2022-10-29,A_DISCOVERY,0.08334176206939883,-0.4299999999999997,0.08000000000000007,-0.034878952958814394,1.4719828867757427,1.961065657456744,0.6744907594765986,-0.5564065232091451,0.6744907594765986,0.7974921272991441,2.543956495981262,False
2022-10-30,A_DISCOVERY,0.07141654890962351,-1.6099999999999994,0.08000000000000007,-0.030792795688311145,1.2864080759067185,1.6940698144993527,0.6744907594765963,-0.33449490685690925,0.6744907594765963,0.6119173164301221,2.5433648631068744,False
2022-10-31,A_DISCOVERY,0.05541309935910685,-2.4200000000000017,0.08000000000000007,-0.026810516334916167,1.0482381456416325,1.504633232678557,0.6744907594765952,-0.1015606057826332,0.6744907594765952,0.37374738616503733,2.5427732302324877,False
2022-11-01,A_DISCOVERY,0.02960588059647768,0.7100000000000009,-0.009999999999999787,-0.017746555797323153,0.6451903234926805,2.1061022005309056,0.20753561830049277,0.23916280857736028,0.23916280857736028,0.4060275149153202,2.542181597358101,False
2022-11-02,A_DISCOVERY,-0.01161796018532983,-2.210000000000001,-0.1200000000000001,-0.020700598590833844,-0.009148931713730747,1.4985547836069941,-0.36318733202585896,0.1415332163232395,0.1415332163232395,-0.15068214803697025,2.5415899644837134,False
2022-11-03,A_DISCOVERY,-0.013465715529865977,-2.940000000000005,-0.22000000000000064,-0.020750957336757043,-0.03855457027346738,1.3536589860785446,-0.8820263777770884,0.14076378201188433,0.14076378201188433,-0.1793183522853517,2.5409983316093263,False
2022-11-04,A_DISCOVERY,0.0038633054733610956,-2.1799999999999997,-0.41000000000000014,-0.020194471181259485,0.23751195282305063,1.4613966455326186,-1.867820564704412,0.16001464208237265,0.16001464208237265,0.07749731074067798,2.540406698734939,False
2022-11-05,A_DISCOVERY,0.02193523380960043,-4.094999999999992,-0.25,-0.019021585765656084,0.5244000295469798,1.066472300324251,-0.9992455695949528,0.20103756392988842,0.20103756392988842,0.3233624656170914,2.539815065860553,False
2022-11-06,A_DISCOVERY,0.03150474862745474,-4.149999999999999,-0.25,-0.018284988070300937,0.682402957061571,1.0458101542661715,-0.9635582278237027,0.2272162624326085,0.2272162624326085,0.45518669462896244,2.5396189607209227,False
2022-11-07,A_DISCOVERY,0.01423529969097058,-3.059999999999995,-0.25,-0.018243644067353883,0.39053729816898863,1.2362751614758842,-0.9153803164325214,0.20377184832240838,0.20377184832240838,0.18676544984658025,2.539422855581293,False
2022-11-08,A_DISCOVERY,-0.0019338585413759292,-13.600000000000009,-0.20999999999999996,-0.01689433957357464,0.1002295011855171,-0.6052903142358056,-0.7263746640517167,0.19432273239142808,-0.6052903142358056,0.7055198154213227,2.539226750441663,False
2022-11-09,A_DISCOVERY,-0.1833244715316979,-23.67500000000001,-0.1299999999999999,-0.010242601885607135,-3.1710326034209046,-2.3267581804110278,-0.3113034274507351,0.4165181782512357,-0.3113034274507351,-2.8597291759701697,2.5390306453020326,True
2022-11-10,A_DISCOVERY,-0.13186083812412333,-28.64,-0.0,-0.008126923825610581,-2.25021094195828,-3.175104379474051,0.4046944556859581,0.4994223602981543,0.4046944556859581,-2.654905397644238,2.548689558976358,False
2022-11-11,A_DISCOVERY,-0.2106468969900121,-32.16,0.3700000000000001,-0.01882765010574148,-3.659903667118685,-3.77655022452981,2.4011871037366803,0.0627301243376836,0.0627301243376836,-3.7226337914563685,2.6239280953554536,False
2022-11-12,A_DISCOVERY,-0.23317116045757436,-27.555000000000007,0.3700000000000001,-0.015206008677687384,-4.062922815517365,-2.9897155323474895,2.4011871037366803,0.20543085865154023,0.20543085865154023,-4.268353674168905,2.65629089306379,True
2022-11-13,A_DISCOVERY,-0.24813496737043994,-29.555000000000007,0.3700000000000001,-0.012890289741274649,-4.330665231490715,-3.3314461261291712,2.4011871037366803,0.2828662806237978,0.2828662806237978,-4.613531512114513,2.6580882195422033,False
2022-11-14,A_DISCOVERY,-0.22679464891033319,-27.414999999999992,0.3700000000000001,-0.0146228853180887,-3.9334543598668517,-2.9657943907827695,2.4011871037366803,0.1852166484554322,0.1852166484554322,-4.118671008322284,2.6752284798076746,False
2022-11-15,A_DISCOVERY,-0.18022474429180727,-14.719999999999999,0.2599999999999998,-0.012948081006051078,-3.0412372347460956,-0.7966594467535457,1.7121688509790471,0.2514606498093797,0.2514606498093797,-3.2926978845554755,2.6915091198120162,True
2022-11-16,A_DISCOVERY,-0.03491881433115952,-19.61500000000001,0.34999999999999964,-0.014055080870469654,-0.45627063218265546,-1.605590394445222,2.17912399215515,0.1920202229249011,0.1920202229249011,-0.6482908551075566,2.719361725228164,False
2022-11-17,A_DISCOVERY,-0.0658160676782647,-20.179999999999993,0.3200000000000003,-0.013233391875276392,-0.9754765407207938,-1.7005062796517636,2.023472278429786,0.21810416656128642,0.21810416656128642,-1.1935807072820803,2.7165814603895826,False
2022-11-18,A_DISCOVERY,-0.010838219058805283,-30.60000000000001,0.1800000000000006,-0.014809760978376892,-0.024950667109919934,-3.4509903926644987,1.2490569619936982,0.1406662461910582,0.1406662461910582,-0.16561691330097814,2.713801195551001,False
2022-11-19,A_DISCOVERY,-0.013985799998592275,,-0.16999999999999993,-0.016675638884771474,-0.06725793078510185,,-0.48177911391185346,0.029328314651991965,-0.22622539962993074,0.15896746884482887,2.711020930712419,False
2022-11-20,A_DISCOVERY,-0.0001519427878033792,-17.39,-0.16999999999999993,-0.014746801929378894,0.16956263051993478,-1.2318065987203326,-0.4746416455576036,0.09521340613193656,-0.4746416455576036,0.6442042760775384,2.7082406658738405,False
2022-11-21,A_DISCOVERY,-0.026947349606719493,-16.534999999999997,-0.16999999999999993,-0.011755277904314914,-0.27980036783256057,-1.0807702893035618,-0.46695514117610404,0.20766831827923551,-0.46695514117610404,0.18715477334354347,2.7054604010352588,False
2022-11-22,A_DISCOVERY,-0.050555684516802764,-18.910000000000004,-0.08000000000000007,-0.010150847738485399,-0.6401892423587086,-1.4770388245557373,0.0,0.2586026461153313,0.0,-0.6401892423587086,2.702680136196677,False
2022-11-23,A_DISCOVERY,-0.009948312508249351,-16.82,-0.09999999999999964,-0.01648777438562683,0.012180887489956823,-1.1283225135338233,-0.10791852151625293,-0.0699567286554499,-0.10791852151625293,0.12009940900620976,2.6998998713580957,False
2022-11-24,A_DISCOVERY,-0.0019574729314919604,-18.395000000000003,-0.11000000000000032,-0.016723022513529497,0.14055622414535593,-1.3817117216550665,-0.16862268986915005,-0.08285627673018649,-0.16862268986915005,0.309178914014506,2.697119606519514,False
2022-11-25,A_DISCOVERY,-0.010238493683337976,-17.015,-0.11000000000000032,-0.018953601058426268,0.0006871898661139778,-1.1530146091052622,-0.16862268986915005,-0.20065168462878674,-0.20065168462878674,0.20133887449490073,2.6943393416809354,False
2022-11-26,A_DISCOVERY,-0.00888050404250416,-8.549999999999997,0.009999999999999787,-0.016379839246249604,0.01977068099425766,0.24982673707886197,0.5058680696074451,-0.06576593501164035,0.24982673707886197,-0.2300560560846043,2.6940563194940434,False
2022-11-27,A_DISCOVERY,-0.002800601320630249,-9.719999999999999,0.009999999999999787,-0.019761341419385823,0.11887523290588067,0.0435291655551933,0.5058680696074451,-0.24896928313827626,0.0435291655551933,0.07534606735068737,2.6937732973071515,False
2022-11-28,A_DISCOVERY,0.01720921665626831,-12.68,0.009999999999999787,-0.017988733138554616,0.44788666479915795,-0.4646397689417652,0.5058680696074451,-0.15414220332735656,-0.15414220332735656,0.6020288681265145,2.693490275120259,False
2022-11-29,A_DISCOVERY,0.014669550370639516,-11.750000000000007,0.04999999999999982,-0.01879371240270934,0.40622463116638763,-0.3088749587988981,0.7306983227663102,-0.1988811866468186,-0.1988811866468186,0.6051058178132063,2.6932072529333673,False
2022-11-30,A_DISCOVERY,0.03173113653168241,-9.455000000000013,-0.0,-0.026848391852196965,0.6861119456895974,0.0833447180499717,0.44966050631773014,-0.6402313767121778,0.0833447180499717,0.6027672276396258,2.692924230746476,False
2022-12-01,A_DISCOVERY,0.021381424384106847,-10.485000000000007,0.08999999999999986,-0.031945031104207953,0.5130507537018236,-0.10008572559975394,0.9555285759251753,-0.9307913072097516,-0.10008572559975394,0.6131364793015776,2.692641208559584,False
2022-12-02,A_DISCOVERY,0.02702644816007272,-10.965000000000003,0.20999999999999996,-0.0301069417123049,0.6050666259023456,-0.18363554870911228,1.6300193354017705,-0.8289478336635565,-0.18363554870911228,0.7887021746114579,2.6923581863726915,False
2022-12-03,A_DISCOVERY,0.02670921583536265,-11.574999999999996,0.13999999999999968,-0.03143395484717054,0.5998956274784458,-0.28981344891058786,1.2365663923737553,-0.9024739786331536,-0.28981344891058786,0.8897090763890336,2.6920751641857996,False
2022-12-04,A_DISCOVERY,0.028555785339074134,-9.634999999999998,0.13999999999999968,-0.028651000314782703,0.6299953595976121,0.048177911391185775,1.2365663923737553,-0.7482781285575151,0.048177911391185775,0.5818174482064263,2.6917921419989077,False
2022-12-05,A_DISCOVERY,0.04394155917872717,-10.570000000000007,0.13999999999999968,-0.02837499334293246,0.8817968669302352,-0.12142606313836364,1.160124106299743,-0.7329853420042494,-0.12142606313836364,1.0032229300685989,2.6915091198120162,False
2022-12-06,A_DISCOVERY,0.03451131442247294,-14.840000000000003,0.04999999999999982,-0.028839679092638112,0.7248286019740735,-0.8930131498213841,0.5299570253030418,-0.7587323002674943,-0.7587323002674943,1.483560902241568,2.6912260976251243,False
2022-12-07,A_DISCOVERY,-0.003106472449451838,-14.585,0.14000000000000057,-0.030927839476263336,0.10580676099221621,-0.8341916139029317,0.9857941869273327,-0.8744315191013324,-0.8341916139029317,0.9399983748951479,2.690943075438232,False
2022-12-08,A_DISCOVERY,-0.0020017949740772285,-9.850000000000001,0.1200000000000001,-0.034378144092988394,0.11627546797583073,0.010511544303531135,0.8820263777770857,-1.0656034003534969,0.010511544303531135,0.10576392367229959,2.69066005325134,False
2022-12-09,A_DISCOVERY,0.013043993476857172,-13.725000000000001,-0.05999999999999961,-0.04227281648048671,0.3374235590841774,-0.6806950108778254,-0.05188390457511916,-1.5030254658927706,-0.6806950108778254,1.0181185699620028,2.690377031064448,False
2022-12-10,A_DISCOVERY,0.013777582957417867,-10.909999999999997,-0.04999999999999982,-0.044730069279395455,0.3307379799469207,-0.17968889628681198,2.3041082186702233e-15,-1.6118756023434944,-0.17968889628681198,0.5104268762337327,2.6900940088775562,False
2022-12-11,A_DISCOVERY,0.00863240288549968,,-0.04999999999999982,-0.03324980677158712,0.2396472900194205,,1.1520541093351136e-15,-0.9433273630651704,-0.47166368153258464,0.7113109715520052,2.6898109866906643,False
2022-12-12,A_DISCOVERY,-0.002392078617622941,-12.630000000000003,-0.04999999999999982,-0.03581672570711799,0.030073517988096002,-0.4875515825578022,0.0,-1.0225434951204784,-0.4875515825578022,0.5176251005458982,2.6895279645037724,False
2022-12-13,A_DISCOVERY,0.04440827545551017,-22.724999999999994,0.020000000000000462,-0.03386385460979705,0.8146749213093862,-2.3140845295068733,0.36318733202586073,-0.90001600574551,-0.90001600574551,1.7146909270548962,2.68924494231688,False
2022-12-14,A_DISCOVERY,0.07409182486460907,-9.29,0.1200000000000001,-0.0317510369433922,1.3179223290592958,0.10723366783929808,0.8820263777770864,-0.7728604831761143,0.10723366783929808,1.2106886612199979,2.688961920129988,False
2022-12-15,A_DISCOVERY,0.02630573719718818,-9.96,0.02999999999999936,-0.0333516878779688,0.48983191310894436,-0.01536013785814159,0.4150712366009778,-0.8519139717367926,-0.01536013785814159,0.505192050967086,2.6886788979430967,False
2022-12-16,A_DISCOVERY,-0.020517791421935,-10.730000000000004,0.07999999999999918,-0.03365996237842018,-0.3266928477709402,-0.1543519815186802,0.6744907594765907,-0.8661032036284904,-0.1543519815186802,-0.17234086625226,2.687184407039161,False
2022-12-17,A_DISCOVERY,-0.029262001823406582,-21.339999999999996,0.16000000000000014,-0.03376803733435732,-0.4836336193871604,-2.1078412524449712,1.1061648455416164,-0.8692476391319043,-0.8692476391319043,0.3856140197447439,2.6856899161352246,False
2022-12-18,A_DISCOVERY,-0.027713665661234062,-16.96999999999999,0.16000000000000014,-0.03415682066232341,-0.46612505923574926,-1.301956189174233,1.037678091502456,-0.8890469711604538,-0.8890469711604538,0.4229219119247046,2.6841954252312887,False
2022-12-19,A_DISCOVERY,-0.021822027064699025,-16.069999999999993,0.16000000000000014,-0.030419223475858924,-0.36647555213190797,-1.135984437013212,1.0522055847834908,-0.6938559376732882,-0.6938559376732882,0.32738038554138027,2.682700934327353,False
2022-12-20,A_DISCOVERY,-0.05347324573828977,-18.32,0.13999999999999968,-0.03157666561279243,-0.9510521086807765,-1.5509138174157668,0.9442870632672329,-0.7523912420153128,-0.7523912420153128,-0.19866086666546368,2.6812064434234184,False
2022-12-21,A_DISCOVERY,-0.07581374378830658,-9.86,-0.03000000000000025,-0.03440008851299675,-1.3636659658704955,0.009220652897834655,0.026979630379062085,-0.8951801672462214,0.009220652897834655,-1.3728866187683302,2.6797119525194826,False
2022-12-22,A_DISCOVERY,-0.04333289727838415,-14.990000000000002,0.020000000000000462,-0.03651755833466744,-0.7451029140663145,-0.9551387869980631,0.29677593416970516,-1.0022669377131468,-0.9551387869980631,0.21003587293174864,2.6782174616155467,False
2022-12-23,A_DISCOVERY,0.0009810398500348422,-14.030000000000001,-0.009999999999999787,-0.03221582413653404,0.06479771218933769,-0.7755240493843235,0.13489815189532095,-0.7847153967321403,-0.7755240493843235,0.8403217615736612,2.6767229707116105,False
2022-12-24,A_DISCOVERY,0.008485474905662543,-13.64,-0.13999999999999968,-0.03324054506517901,0.20127467929204132,-0.7025555622287417,-0.5665722379603375,-0.8365385933394377,-0.7025555622287417,0.9038302415207831,2.6752284798076746,False
2022-12-25,A_DISCOVERY,0.007220360013363325,,-0.13999999999999968,-0.03238867007284756,0.17829689116868977,,-0.5395926075812743,-0.7934567317531718,-0.666524669667223,0.8448215608359128,2.6737339889037406,False
2022-12-26,A_DISCOVERY,0.012161041202105755,4.040000000000006,-0.13999999999999968,-0.03380271271251542,0.26361353711933444,2.5679518320469157,-0.512612977202211,-0.8649690895845965,-0.512612977202211,0.7762265143215454,2.6722394979998043,False
2022-12-27,A_DISCOVERY,-0.003357255371528742,-5.094999999999992,-0.13999999999999968,-0.03165390554346711,-0.025443733889127334,0.8814944170329813,-0.5058680696074451,-0.7562974959049263,-0.5058680696074451,0.4804243357183178,2.6707450070958685,False
2022-12-28,A_DISCOVERY,-0.010356914752209184,-18.53,-0.07000000000000028,-0.033015839399877865,-0.15533294245240234,-1.5979391471947233,-0.11241512657943503,-0.8251745569992476,-0.8251745569992476,0.6698416145468452,2.6692505161919327,False
2022-12-29,A_DISCOVERY,-0.0017787137582198998,-18.809999999999995,-0.05999999999999961,-0.0363740225061265,0.0037596958662720497,-1.6495748034225957,-0.05620756328971502,-0.9950079023458254,-0.9950079023458254,0.9987675982120974,2.6677560252879964,False
2022-12-30,A_DISCOVERY,-0.016857139648989113,-10.079999999999998,-0.1299999999999999,-0.028745170043614855,-0.2833991631623734,-0.039648807460688426,-0.4692109631141536,-0.6091940578139352,-0.4692109631141536,0.1858117999517802,2.6662615343840623,False
2022-12-31,A_DISCOVERY,-0.014081521588583132,-13.5,-0.16999999999999993,-0.024942222695478477,-0.23774285171719106,-0.6684973350930036,-0.7358081012471962,-0.4197807461666852,-0.6684973350930036,0.4307544833758125,2.6647670434801265,False
2023-01-01,B_REPLICATION_2023,-0.015028551851717161,-12.240000000000002,-0.16999999999999993,-0.02482008271803098,-0.26291230993289594,-0.43613688206757395,-0.7358081012471963,-0.41469029411337216,-0.43613688206757395,0.173224572134678,2.66327255257619,False
2023-01-02,B_REPLICATION_2023,-0.00765077181114046,-9.009999999999998,-0.16999999999999993,-0.02438891337239393,-0.11508179339386305,0.16072575948960147,-0.7358081012471965,-0.3933895271291622,-0.3933895271291622,0.27830773373529916,2.6617780616722544,False
2023-01-03,B_REPLICATION_2023,-0.009297913963922218,-7.719999999999999,-0.16999999999999993,-0.025512350175721708,-0.14747247045357706,0.401326679355699,-0.7358081012471965,-0.4525224170853782,-0.4525224170853782,0.3050499466318012,2.6602835707683186,False
2023-01-04,B_REPLICATION_2023,0.014999664193710344,-10.245000000000005,-0.09000000000000075,-0.02680647770719234,0.3446805629566553,-0.07368386448063716,-0.2452693670824016,-0.5216205780557122,-0.2452693670824016,0.5899499300390569,2.658789079864384,False
2023-01-05,B_REPLICATION_2023,0.012303703280790846,-15.800000000000004,-0.040000000000000036,-0.029963045709753736,0.29139079749880487,-1.1456707328823876,0.09635582278237155,-0.6908551464955999,-0.6908551464955999,0.9822459439944047,2.6587014723241116,False
2023-01-06,B_REPLICATION_2023,0.016861299586708883,-10.480000000000004,-0.14000000000000057,-0.0285423433812442,0.38392074812807125,-0.12044477847796399,-0.5781349366942262,-0.6168563072183335,-0.5781349366942262,0.9620556848222974,2.658613864783839,False
2023-01-07,B_REPLICATION_2023,0.019202516312048307,0.9100000000000037,0.09999999999999964,-0.02968209304661948,0.4344937102435235,2.135556772283984,1.0117361392148907,-0.6812026026306585,1.0117361392148907,-0.5772424289713671,2.658526257243566,False
2023-01-08,B_REPLICATION_2023,0.022193018783107272,-13.675000000000004,0.09999999999999964,-0.030807009326585554,0.5007886285670011,-0.7360266234915661,1.0117361392148914,-0.740226705294286,-0.7360266234915661,1.2368152520585673,2.6584386497032937,False
2023-01-09,B_REPLICATION_2023,0.03628948327679496,-3.0600000000000023,0.09999999999999964,-0.029351806573753744,0.790225364053629,1.3052333656300452,1.0117361392148914,-0.6638725461366565,1.0117361392148914,-0.22151077516126239,2.658351042163021,False
2023-01-10,B_REPLICATION_2023,0.040130981649801625,-6.469999999999999,0.21999999999999975,-0.028955910189114066,0.8583172643730469,0.6367833794918794,1.8211250505868002,-0.6434322774095174,0.6367833794918794,0.22153388488116754,2.6582634346227487,False
2023-01-11,B_REPLICATION_2023,0.02858937928883728,-5.399999999999999,0.16000000000000014,-0.03111115754624131,0.6223788452997349,0.8385178624101061,1.4164305949008422,-0.7608412331170528,0.8385178624101061,-0.2161390171103712,2.6581758270824762,False
2023-01-12,B_REPLICATION_2023,0.07418309719761117,-3.490000000000002,0.16000000000000014,-0.030604722762689683,1.5585618172944502,1.1894798899784877,1.3489815189531877,-0.7299898059684382,1.1894798899784877,0.36908192731596245,2.6580882195422038,False
2023-01-13,B_REPLICATION_2023,0.1284377572661147,1.3999999999999986,0.33000000000000007,-0.027609598116394556,2.699408776912663,2.0898993986812666,2.228752074792227,-0.5724592626061611,2.0898993986812666,0.6095093782313965,2.6580006120019313,False
2023-01-14,B_REPLICATION_2023,0.20676952297052933,3.0400000000000063,0.020000000000000462,-0.02411972669511004,4.321917893180419,2.342222820145874,0.3934529430280151,-0.3893464988198913,0.3934529430280151,3.9284649501524043,2.6579130044616583,True
2023-01-15,B_REPLICATION_2023,0.20887204542766097,5.974999999999994,0.020000000000000462,-0.024447836821866457,4.365660815342467,2.845592541486599,0.3934529430280151,-0.3976475474145378,0.3934529430280151,3.9722078723144523,2.6722394979998025,False
2023-01-16,B_REPLICATION_2023,0.19211288893013453,0.960000000000008,0.020000000000000462,-0.023261060131934012,4.016987023209466,1.9367195948876776,0.3934529430280151,-0.3023046999917085,0.3934529430280151,3.6235340801814506,2.690943075438232,False
2023-01-17,B_REPLICATION_2023,0.20134945062827808,1.1199999999999974,0.020000000000000462,-0.018690217130763038,4.2091534364795775,1.9664666361481242,0.41055959272488574,-0.04198980819825974,0.41055959272488574,3.798593843754692,2.713801195551004,True
2023-01-18,B_REPLICATION_2023,0.18388355169346798,-4.190000000000005,0.010000000000000675,-0.020479200855400673,3.845775887286644,0.9904602561978421,0.3519082223356178,-0.11885086887687953,0.3519082223356178,3.493867664951026,2.753750819835865,False
2023-01-19,B_REPLICATION_2023,0.14071846179603684,0.36999999999999744,0.1800000000000006,-0.02397707457029084,2.9477273736564618,1.8161455886040887,1.348981518953193,-0.2896232898132928,1.348981518953193,1.5987458547032687,2.770553836498482,False
2023-01-20,B_REPLICATION_2023,0.10789584547993589,0.9600000000000009,0.11000000000000032,-0.022232478548425364,2.264853739750688,1.911432118916994,0.9384219262283072,-0.19048669877643945,0.9384219262283072,1.3264318135223805,2.7689694511448337,False
2023-01-21,B_REPLICATION_2023,0.10856763034911387,7.894999999999996,-0.019999999999999574,-0.020703185745833227,2.2788302055631786,3.1470259887339873,0.1759541111678089,-0.09934716647099773,0.1759541111678089,2.10287609439537,2.7673850657911903,False
2023-01-22,B_REPLICATION_2023,0.08924522711112061,3.479999999999997,-0.019999999999999574,-0.017667944615321153,1.9175449891812062,2.3446583543710173,0.1927116455647427,0.05867543056810678,0.1927116455647427,1.7248333436164636,2.765800680437546,False
2023-01-23,B_REPLICATION_2023,0.08720367382351885,3.684999999999988,-0.019999999999999574,-0.014567815205033188,1.8956792708315422,2.372515681353642,0.20234722784297918,0.2195057535419043,0.2195057535419043,1.676173517289638,2.764216295083898,False
2023-01-24,B_REPLICATION_2023,0.07784913986928489,4.424999999999997,0.009999999999999787,-0.010245220683247756,1.6907954474814106,2.4716680925445247,0.40469445568595414,0.4468785023930568,0.4468785023930568,1.2439169450883538,2.7626319097302536,False
2023-01-25,B_REPLICATION_2023,0.08191673985053884,-8.944999999999993,0.05999999999999961,-0.011766437561280485,1.767978197904251,0.12022776085908535,0.7419398354242535,0.3688991440563541,0.3688991440563541,1.399079053847897,2.7619975461663677,False
2023-01-26,B_REPLICATION_2023,0.09710156773060387,-5.104999999999997,-0.05000000000000071,-0.011662964313051315,2.022193687492999,0.7869058860560286,-5.990681368542617e-15,0.37575434800239466,0.37575434800239466,1.6464393394906045,2.7613631826024836,False
2023-01-27,B_REPLICATION_2023,0.08183207933375072,1.7900000000000063,-0.08000000000000007,-0.00942735265278214,1.699201896195711,1.9700301990846791,-0.21299708193997877,0.49476937561403844,0.49476937561403844,1.2044325205816726,2.7607288190385995,False
2023-01-28,B_REPLICATION_2023,-0.007715786796939064,8.795000000000002,-0.05000000000000071,-0.004497274356306589,-0.1949824364216135,3.1554697776782583,-6.656312631713956e-15,0.7604996339563994,0.7604996339563994,-0.9554820703780129,2.7600944554747135,False
2023-01-29,B_REPLICATION_2023,0.03306179571320198,6.469999999999999,-0.05000000000000071,-0.00604162104652542,0.7060103697357235,2.6787277155654525,-6.6563126317139894e-15,0.6784454381252192,0.6784454381252192,0.02756493161050433,2.7594600919108294,False
2023-01-30,B_REPLICATION_2023,0.011220058403337464,1.8399999999999963,-0.05000000000000071,-0.004254948038614638,0.2292007612288349,1.884436146414979,-6.656312631714006e-15,0.7733749107662502,0.7733749107662502,-0.5441741495374153,2.7588257283469435,False
2023-01-31,B_REPLICATION_2023,0.010207751732388715,-1.4699999999999989,-0.040000000000000036,-0.003664783570961018,0.2079510210744624,1.3300397760130678,0.07494341771962207,0.8047315168367385,0.8047315168367385,-0.5967804957622761,2.7581913647830594,False
2023-02-01,B_REPLICATION_2023,0.016255759785512466,1.605000000000004,-0.08999999999999986,-0.005346895725039201,0.3287021557466007,1.8331680604909295,-0.2997736708784875,0.7153575692801947,0.7153575692801947,-0.38665541353359395,2.7575570012191752,False
2023-02-02,B_REPLICATION_2023,0.03364104821268231,2.710000000000001,0.020000000000000462,-0.005500060574719241,0.6938309817155576,2.0148407696247834,0.5246039240373548,0.7072196177116136,0.7072196177116136,-0.013388635996055998,2.7569226376552893,False
2023-02-03,B_REPLICATION_2023,0.016642302469612923,0.7299999999999969,0.08000000000000007,-0.005793403264661112,0.29445074710213637,1.6893095804075595,1.0315741027289098,0.691633740085441,1.0315741027289098,-0.7371233556267734,2.756288274091405,False
2023-02-04,B_REPLICATION_2023,0.016807205204371005,1.6000000000000014,-0.10999999999999943,-0.0013898592851339698,0.30096964313820207,1.7714911975545344,-0.4761111243364172,0.9256027460967373,0.9256027460967373,-0.6246331029585352,2.7556539105275193,False
2023-02-05,B_REPLICATION_2023,-0.021899221922318027,-4.590000000000003,-0.10999999999999943,-0.003088780551563998,-0.6111471611372234,0.7553345402834241,-0.5058680696074427,0.8353356971366018,0.7553345402834241,-1.3664817014206476,2.755019546963635,False
2023-02-06,B_REPLICATION_2023,-0.007431828562498378,-3.585000000000001,-0.10999999999999943,-0.0007907496061989774,-0.2702230930396213,0.9108979946588531,-0.5058680696074427,0.9574346289447018,0.9108979946588531,-1.1811210876984743,2.7543851833997506,False
2023-02-07,B_REPLICATION_2023,-0.0057238656824510166,-2.049999999999997,-0.1900000000000004,0.001827844436617461,-0.22138485874319955,1.1532252774667116,-1.1803588290840452,1.0965657124976933,1.0965657124976933,-1.3179505712408928,2.753750819835865,False
2023-02-08,B_REPLICATION_2023,-0.00154941886466365,-5.479999999999997,-0.2599999999999998,1.0317537686260997e-06,-0.10115670629039787,0.6117382546452442,-1.7705382436260606,0.9995035394929246,0.6117382546452442,-0.7128949609356421,2.7531164562719805,False
2023-02-09,B_REPLICATION_2023,-0.05530971948070236,-6.689999999999998,-0.3600000000000003,-0.0009836847105144624,-1.310176352225977,0.42071805125924544,-2.6136516929718083,0.9471836050441236,0.42071805125924544,-1.7308944034852225,2.752482092708095,False
2023-02-10,B_REPLICATION_2023,-0.08478370203714503,-2.155000000000001,-0.39000000000000057,-0.00010417107135532951,-1.9650796119079235,1.1413239643317223,-2.8665857277755333,0.9939139052033007,0.9939139052033007,-2.958993517111224,2.7518477291442105,True
2023-02-11,B_REPLICATION_2023,-0.07607805135919345,-4.3500000000000085,-0.20000000000000018,-0.0024374990305543005,-1.753038181292128,0.7901290230966296,-1.1902778108410537,0.8699395731992923,0.7901290230966296,-2.543167204388758,2.765800680437546,False
2023-02-12,B_REPLICATION_2023,-0.04751895404532389,-11.270000000000003,-0.20000000000000018,-0.0028673547410445746,-1.051054908903336,-0.30231709874726276,-1.124151265794331,0.8471004886393855,-0.30231709874726276,-0.7487378101560733,2.764216295083898,False
2023-02-13,B_REPLICATION_2023,-0.06718255478421596,-3.1499999999999986,-0.20000000000000018,-0.0036331193486008,-1.4365792667844544,1.0061353855774848,-1.124151265794332,0.8064138996325466,0.8064138996325466,-2.242993166417001,2.7626319097302536,False
2023-02-14,B_REPLICATION_2023,-0.043075363914824194,-6.154999999999994,-0.07999999999999918,-0.0021951912631142574,-0.8767680245117817,0.523098858353676,-0.22483025315885838,0.882813864397549,0.523098858353676,-1.3998668828654577,2.7619975461663677,False
2023-02-15,B_REPLICATION_2023,-0.00883094937324661,-3.75,-0.1299999999999999,-0.002774729152403683,-0.15173863818969852,0.9101224660790368,-0.5995473417569744,0.852021869464983,0.852021869464983,-1.0037605076546816,2.7613631826024836,False
2023-02-16,B_REPLICATION_2023,0.10079266190979422,-0.7100000000000009,-0.16999999999999993,-0.005117606840714209,2.246498888117056,1.3908134916318942,-0.8993210126354647,0.7275401414548724,0.7275401414548724,1.5189587466621832,2.7607288190385995,False
2023-02-17,B_REPLICATION_2023,0.10882554210422928,-1.5549999999999997,-0.13999999999999968,-0.0073942641998375365,2.4701092315942863,1.2473134103400052,-0.6744907594765918,0.6065768305809827,0.6065768305809827,1.8635324010133036,2.7600944554747135,False
2023-02-18,B_REPLICATION_2023,0.12744826001634502,0.7550000000000026,-0.09999999999999964,-0.00309837285483359,2.916992562292794,1.5950689248179117,-0.3747170885981029,0.8424278517676639,0.8424278517676639,2.0745647105251304,2.7594600919108294,False
2023-02-19,B_REPLICATION_2023,0.11868703173008775,2.039999999999999,-0.09999999999999964,-0.0026891909902807373,2.661348182852523,1.7688888847493205,-0.3747170885981029,0.8643664613198346,0.8643664613198346,1.7969817215326884,2.7588257283469435,False
2023-02-20,B_REPLICATION_2023,0.1459256895407623,-0.5399999999999991,-0.09999999999999964,-0.002204422397028708,3.2864395445408006,1.3520491290019754,-0.3747170885981029,0.8903577131611966,0.8903577131611966,2.396081831379604,2.7581913647830594,False
2023-02-21,B_REPLICATION_2023,0.10321351944745455,-2.5450000000000017,-0.09999999999999964,-0.0032457914375316746,2.3089924612791464,1.018466091360446,-0.35708334325231117,0.8345238877684729,0.8345238877684729,1.4744685735106735,2.7575570012191752,False
2023-02-22,B_REPLICATION_2023,0.03753031695869319,-3.3499999999999943,-0.15000000000000036,-0.007781069157151825,0.7951426943892969,0.8587096720213474,-0.7538426135326671,0.5913613829733634,0.5913613829733634,0.20378131141593347,2.7569226376552893,False
2023-02-23,B_REPLICATION_2023,-0.046749804117357074,1.1799999999999997,-0.0600000000000005,-0.01019412418155554,-1.196751033639669,1.4861291827951235,-0.03747170885981325,0.4663409420810179,0.4663409420810179,-1.6630919757206868,2.756288274091405,False
2023-02-24,B_REPLICATION_2023,-0.0380534500130514,-1.835000000000008,-0.040000000000000036,-0.010936775238453619,-0.9918214830897192,1.0401698478587826,0.11241512657943309,0.4302280795289994,0.4302280795289994,-1.4220495626187186,2.7556539105275193,False
2023-02-25,B_REPLICATION_2023,-0.06840291362796266,-2.190000000000005,-0.16000000000000014,-0.012137499576818903,-1.7070064748044045,0.9702949696707789,-0.780989300446582,0.3686679293302236,0.3686679293302236,-2.0756744041346282,2.755019546963635,False
2023-02-26,B_REPLICATION_2023,-0.06643875905994301,3.9299999999999997,-0.16000000000000014,-0.014369634424680788,-1.6607211800697284,1.8218678039139709,-0.7419398354242535,0.24844562186982996,0.24844562186982996,-1.9091668019395582,2.7543851833997506,False
2023-02-27,B_REPLICATION_2023,-0.06181119898553022,0.730000000000004,-0.16000000000000014,-0.015001545491975875,-1.5516727449648633,1.3236273348945948,-0.7419398354242535,0.21429472515060033,0.21429472515060033,-1.7659674701154637,2.753750819835865,False
2023-02-28,B_REPLICATION_2023,-0.03954606421293358,-1.1899999999999977,-0.1800000000000006,-0.014331049540432426,-1.0269949308883641,1.023127231877495,-0.8768379873195761,0.25415968873289735,0.25415968873289735,-1.2811546196212615,2.7531164562719805,False
2023-03-01,B_REPLICATION_2023,0.0024891098504212085,-5.039999999999992,-0.13999999999999968,-0.01770088600412418,-0.03643621803337765,0.4751860900519349,-0.6070416835289283,0.06397128195222292,0.06397128195222292,-0.10040749998560056,2.752482092708095,False
2023-03-02,B_REPLICATION_2023,-0.02044217742767306,-4.545000000000002,-0.22999999999999954,-0.018412733801090538,-0.5905389487095231,0.5428744683471012,-1.2140833670578677,0.023129548263888373,0.023129548263888373,-0.6136684969734114,2.7518477291442105,False
2023-03-03,B_REPLICATION_2023,-0.0358332402458703,-2.3000000000000043,-0.22999999999999954,-0.01724112868650907,-0.9618606297712301,0.8437104947828105,-1.1803588290840366,0.09140346068353561,0.09140346068353561,-1.0532640904547657,2.7512133655803264,False
2023-03-04,B_REPLICATION_2023,-0.030354453488688423,-17.39,-0.08000000000000007,-0.016513721659611826,-0.8103946600211684,-1.2144189345999001,-0.13489815189532145,0.13483809762407692,-0.13489815189532145,-0.675496508125847,2.7505790020164405,False
2023-03-05,B_REPLICATION_2023,-0.032526870364493185,-3.4950000000000045,-0.08000000000000007,-0.01593790784986698,-0.8412047941914566,0.6464842227509224,-0.13489815189531906,0.17062357480717685,0.17062357480717685,-1.0118283689986334,2.7499446384525563,False
2023-03-06,B_REPLICATION_2023,-0.037773016192120784,-2.0150000000000006,-0.08000000000000007,-0.017253431792918154,-0.9233004048434544,0.8315363691457722,-0.10649854096998673,0.09299016107532912,0.09299016107532912,-1.0162905659187835,2.7471643736139715,False
2023-03-07,B_REPLICATION_2023,-0.053291295255153,-4.759999999999998,-0.10999999999999943,-0.01470135902941471,-1.2688099811882045,0.45056253341164765,-0.3194956229099602,0.2453855628723709,0.2453855628723709,-1.5141955440605754,2.744384108775393,False
2023-03-08,B_REPLICATION_2023,-0.06774675181564324,-8.950000000000003,-0.1900000000000004,-0.016386015533324794,-1.568132161151649,-0.13379186259223155,-0.8993210126354536,0.14570287755806113,-0.13379186259223155,-1.4343402985594174,2.7416038439368147,False
2023-03-09,B_REPLICATION_2023,-0.08048085093491451,-4.329999999999998,-0.16000000000000014,-0.016539749672561072,-1.8356615597632222,0.5050902099412128,-0.6034917321632711,0.13810512905410988,0.13810512905410988,-1.973766688817332,2.73882357909823,False
2023-03-10,B_REPLICATION_2023,-0.11147286510943503,-10.04,-0.010000000000000675,-0.016474845019641676,-2.4669001438981644,-0.296525349367419,0.5246039240373422,0.14387454795070104,0.14387454795070104,-2.6107746918488655,2.736043314259651,False
2023-03-11,B_REPLICATION_2023,-0.10539336442211854,-14.240000000000002,0.2600000000000007,-0.01528210142361015,-2.3137217132522836,-0.8812232213595145,2.548076202467131,0.22082818886022035,0.22082818886022035,-2.534549902112504,2.7332630494210663,False
2023-03-12,B_REPLICATION_2023,-0.09592325585955286,-11.880000000000003,0.2600000000000007,-0.016991685260518245,-2.099860174921583,-0.5340432168735466,2.4139669286530747,0.11560921243607448,0.11560921243607448,-2.2154693873576576,2.7304827845824877,False
2023-03-13,B_REPLICATION_2023,0.0615393391994893,-5.219999999999999,0.2600000000000007,-0.03694508100533351,1.3159205323506853,0.3848486043136836,2.378467414996413,-1.1671506074107738,0.3848486043136836,0.9310719280370017,2.727702519743909,False
2023-03-14,B_REPLICATION_2023,0.15118885020055145,-6.429999999999993,0.8599999999999994,-0.0104356357048244,3.237751461906971,0.22460474638538677,5.0,0.5483558677267775,0.5483558677267775,2.6893955941801937,2.7249222549053242,False
2023-03-15,B_REPLICATION_2023,0.08488632458960695,-7.8999999999999915,0.7999999999999998,-0.0203083625709186,1.816413598443318,0.02630133284772884,5.0,-0.09373267659511768,0.02630133284772884,1.7901122655955892,2.7221419900667456,False
2023-03-16,B_REPLICATION_2023,0.14290718117666937,-0.45000000000000284,1.1199999999999997,-0.028313179331396838,3.0893930095881874,1.0584586761994685,5.0,-0.634701696168275,1.0584586761994685,2.0309343333887186,2.719361725228161,False
2023-03-17,B_REPLICATION_2023,0.2766484655388514,-0.0,0.7600000000000007,-0.02643395890987225,5.0,1.1216921849003998,5.0,-0.4996773193620838,1.1216921849003998,3.8783078150996,2.7165814603895826,True
2023-03-18,B_REPLICATION_2023,0.30825440050261643,3.559999999999988,0.7899999999999996,-0.024659504936303398,5.0,1.5978261489974432,5.0,-0.32813259744068135,1.5978261489974432,3.4021738510025568,2.7543851833997506,False
2023-03-19,B_REPLICATION_2023,0.3142505050083756,5.77000000000001,0.7899999999999996,-0.02195930143510322,5.0,1.9005851302801657,5.0,-0.1228104485405326,1.9005851302801657,3.0994148697198343,2.772138221852126,False
2023-03-20,B_REPLICATION_2023,0.1399996510044824,0.7099999999999937,0.7899999999999996,-0.02005013199095903,2.9917791623395273,1.1833592328183675,5.0,0.024730288863924824,1.1833592328183675,1.8084199295211598,2.8106720065949173,False
2023-03-21,B_REPLICATION_2023,0.09138653279423384,2.8500000000000085,0.11000000000000032,-0.021627081208368124,1.917307934767069,1.4157074566596968,0.9810774683296044,-0.09117985159742427,0.9810774683296044,0.9362304664374645,2.8074015286365626,False
2023-03-22,B_REPLICATION_2023,0.17275799815624837,4.700000000000003,0.03000000000000025,-0.019464373686587665,3.6901048115993453,1.5838347069079708,0.4905387341648049,0.07884607460800497,0.4905387341648049,3.1995660774345405,2.8041310506782153,True
2023-03-23,B_REPLICATION_2023,0.13867652977120545,4.560000000000002,-0.029999999999999805,-0.021172359298072686,3.058782182441372,1.5479500361271763,0.12263468354120209,-0.0513178754681969,0.12263468354120209,2.93614749890017,2.8638000406692883,False
2023-03-24,B_REPLICATION_2023,0.053026410704018326,1.2849999999999966,0.3799999999999999,-0.019983575076066434,1.0450300698043293,1.1144567502911444,2.7622002530946266,0.04775668899152424,1.1144567502911444,-0.0694266804868151,2.9022233067582874,False
2023-03-25,B_REPLICATION_2023,0.010310586738145323,,0.050000000000000266,-0.016870427812280105,0.040447318328639584,,0.6423721518824722,0.2868750146196067,0.4646235832510395,-0.4241762649223999,2.9004378229613477,False
2023-03-26,B_REPLICATION_2023,-0.007896387059595328,3.6599999999999966,0.050000000000000266,-0.012649463012121281,-0.38840417429143614,1.413278768921987,0.6744907594765922,0.6185717581297461,0.6744907594765922,-1.0628949337680282,2.898402390611786,False
2023-03-27,B_REPLICATION_2023,-0.014929164876733618,0.22000000000001307,0.050000000000000266,-0.010659527439534995,-0.5461477068570915,0.9609092704963591,0.6744907594765922,0.7853668057402394,0.7853668057402394,-1.331514512597331,2.896366958262229,False
2023-03-28,B_REPLICATION_2023,-0.052953023473866746,-3.1200000000000045,-0.020000000000000018,-0.016977943432181078,-1.420373355031351,0.46053044455629316,0.16862268986914805,0.2866764969419611,0.2866764969419611,-1.7070498519733122,2.894331525912672,False
2023-03-29,B_REPLICATION_2023,-0.017423417042722163,-0.18999999999999773,0.15000000000000036,-0.021013702450642564,-0.5744896629011897,0.8234640964063351,1.2815324430055324,-0.03236916585661146,0.8234640964063351,-1.3979537593075249,2.89229609356311,False
2023-03-30,B_REPLICATION_2023,-0.00767739542949769,0.0899999999999892,-0.1200000000000001,-0.023245765371799666,-0.32002766896814666,0.8290683239979505,-0.5138977215059757,-0.20449241875212787,-0.20449241875212787,-0.11553525021601879,2.8902606612135533,False
2023-03-31,B_REPLICATION_2023,0.021308941348441243,1.000000000000007,-0.33999999999999986,-0.021426004741954878,0.36512020065785983,0.9025146241860128,-1.927116455647406,-0.05635372821829319,-0.05635372821829319,0.42147392887615304,2.8882252288639916,False
2023-04-01,B_REPLICATION_2023,0.024905840504345262,-1.2049999999999983,-0.2999999999999998,-0.02049989297477667,0.4440882351413388,0.5801967588650313,-1.6380489873002955,0.01831699965392732,0.01831699965392732,0.4257712354874115,2.8861897965144347,False
2023-04-02,B_REPLICATION_2023,0.015145062332186715,0.7550000000000026,-0.2999999999999998,-0.023140969375201187,0.22979546965765357,0.7756175554369921,-1.6059303797061792,-0.19606826192278456,-0.19606826192278456,0.4258637315804381,2.8841543641648775,False
2023-04-03,B_REPLICATION_2023,0.028519441494213458,4.045000000000002,-0.2999999999999998,-0.024997214489385987,0.54700024116729,1.1781022264046677,-1.6059303797061792,-0.34528483949405075,-0.34528483949405075,0.8922850806613407,2.8821189318153158,False
2023-04-04,B_REPLICATION_2023,0.04427375513000866,-0.010000000000005116,-0.03000000000000025,-0.023468619933655187,0.9314204180152551,0.6607765296166271,0.1284744303764916,-0.2224068605260683,0.1284744303764916,0.8029459876387635,2.8800834994657585,False
2023-04-05,B_REPLICATION_2023,-0.007289101663478557,1.75,0.17999999999999972,-0.019950713523258876,-0.2745695771423582,0.8710728397724342,1.477455949329682,0.06038443183290847,0.8710728397724342,-1.1456424169147925,2.8780480671161968,False
2023-04-06,B_REPLICATION_2023,-0.0064678686227464454,-1.0150000000000006,0.29000000000000004,-0.02527659248212281,-0.2557276969493286,0.5116610496679445,2.0847896202003864,-0.3750833190495076,0.5116610496679445,-0.7673887466172731,2.87601263476664,False
2023-04-07,B_REPLICATION_2023,-0.019586827925732474,0.7199999999999989,0.2799999999999998,-0.024253702712850416,-0.5303745846223712,0.7289760854510252,1.9061695376512422,-0.29303874144441555,0.7289760854510252,-1.2593506700733963,2.873977202417083,False
2023-04-08,B_REPLICATION_2023,-0.011485604666757788,-1.1199999999999974,0.08999999999999941,-0.022818475247238085,-0.33801949950358307,0.49147250079074273,0.7306983227663078,-0.17792112591957698,0.49147250079074273,-0.8294920002943258,2.8719417700675214,False
2023-04-09,B_REPLICATION_2023,-0.008033040608456709,-2.509999999999998,0.08999999999999941,-0.021974123731048064,-0.26114925247158843,0.3184144194483403,0.7306983227663078,-0.11019685535100356,0.3184144194483403,-0.5795636719199287,2.869906337717964,False
2023-04-10,B_REPLICATION_2023,0.038834616333245094,0.4200000000000017,0.08999999999999941,-0.020579040187797295,0.7992030913965041,0.6427748930435249,0.7331421298658604,0.001700871528444873,0.6427748930435249,0.15642819835297928,2.8678709053684024,False
2023-04-11,B_REPLICATION_2023,0.06972103133177573,0.11000000000000654,-0.029999999999999805,-0.020299183476113855,1.511264957189486,0.6053199650654253,2.4961172368927555e-15,0.0192727764630906,0.0192727764630906,1.4919921807263954,2.8658354730188456,False
2023-04-12,B_REPLICATION_2023,0.0688173634420622,0.6099999999999994,-0.1900000000000004,0.0014764098916270696,1.5087678406279068,0.6596938872394486,-0.8993210126354666,1.774119943467162,0.6596938872394486,0.8490739533884583,2.8638000406692883,False
2023-04-13,B_REPLICATION_2023,0.07735746062041897,1.3500000000000014,-0.16000000000000014,-0.025554243291541046,1.7020006637112965,0.7486722755373295,-0.7306983227663155,-0.41443405909251585,-0.41443405909251585,2.1164347228038123,2.8617646083197266,False
2023-04-14,B_REPLICATION_2023,0.0782171913199879,2.0400000000000063,-0.14000000000000012,-0.016211287267387423,1.5992646388983638,0.8140087110943577,-0.6182831961868824,0.33970987052344354,0.33970987052344354,1.2595547683749202,2.8597291759701697,False
2023-04-15,B_REPLICATION_2023,0.07951239501789964,2.4750000000000014,-0.10999999999999988,-0.006921000374811186,1.5779788602365679,0.8600992514387897,-0.46921096311415234,1.0884681796747864,0.8600992514387897,0.7178796087977781,2.856458698011815,False
2023-04-16,B_REPLICATION_2023,0.0837840806151193,1.7000000000000028,-0.10999999999999988,-0.0100170587671337,1.6679615785788655,0.7502208949541136,-0.4905387341647942,0.826348844027095,0.7502208949541136,0.9177406836247519,2.853188220053468,False
2023-04-17,B_REPLICATION_2023,0.014617720726046226,-2.315000000000005,-0.10999999999999988,-0.011564755921026983,0.1317613718156549,0.24907565426978934,-0.4905387341647951,0.6903096613644052,0.24907565426978934,-0.11731428245413444,2.849917742095121,False
2023-04-18,B_REPLICATION_2023,0.0030777754369323337,-6.149999999999999,-0.17999999999999972,-0.012044887687633194,-0.136756011214163,-0.2213650543341133,-0.9197601265589906,0.6458796228137916,-0.2213650543341133,0.0846090431199503,2.846647264136766,False
2023-04-19,B_REPLICATION_2023,-0.021055129007164032,-2.789999999999999,-0.16000000000000014,-0.01579534294871789,-0.657122246910267,0.1906035874546446,-0.7971254430177943,0.34074031962732376,0.1906035874546446,-0.8477258343649116,2.843376786178419,False
2023-04-20,B_REPLICATION_2023,-0.06399943878701929,-3.6899999999999977,-0.29000000000000004,-0.015805116331762972,-1.583109787136796,0.07106464563801512,-1.5942508860355873,0.3375225250794516,0.07106464563801512,-1.6541744327748111,2.840106308220064,False
2023-04-21,B_REPLICATION_2023,-0.07237296415056663,-3.6199999999999974,-0.17999999999999972,-0.017845930664693775,-1.6758200535093686,0.06866634293607224,-0.9197601265589876,0.15177991417677447,0.06866634293607224,-1.744486396445441,2.836835830261717,False
2023-04-22,B_REPLICATION_2023,-0.0944782035438125,-1.990000000000002,-0.08999999999999986,-0.017827083813589634,-2.0202744230925007,0.267849449643172,-0.322582537140978,0.1262317792893518,0.1262317792893518,-2.1465062023818526,2.8335653523033697,False
2023-04-23,B_REPLICATION_2023,-0.09505067828738199,-2.3100000000000023,-0.08999999999999986,-0.025873504698393786,-2.01783123116332,0.21717645730664809,-0.28103781644858006,-0.6298686631870042,-0.28103781644858006,-1.7367934147147401,2.8302948743450154,False
2023-04-24,B_REPLICATION_2023,-0.08326011384333268,-5.3799999999999955,-0.08999999999999986,-0.02053517412850113,-1.730785601396102,-0.20179033892063172,-0.28103781644858006,-0.14341318470289668,-0.20179033892063172,-1.5289952624754704,2.827024396386668,False
2023-04-25,B_REPLICATION_2023,-0.09823472073077333,-1.7700000000000031,0.05999999999999961,-0.02256314541740963,-1.9736766077015588,0.27123766335435706,0.5620756328971601,-0.3337159257914766,0.27123766335435706,-2.244914271055916,2.823753918428314,False
2023-04-26,B_REPLICATION_2023,0.016745447694581535,-1.8299999999999983,0.3300000000000005,-0.024041521470490844,0.21376865193298067,0.2464548159324826,2.079679841719503,-0.4813415827869944,0.2464548159324826,-0.032686163999501944,2.8204834404699666,False
2023-04-27,B_REPLICATION_2023,0.023873030476444995,-0.5399999999999991,0.3400000000000003,-0.01886804044477406,0.35635370788968374,0.41770153395021753,2.135887405009218,0.011662391347873788,0.41770153395021753,-0.061347826060533794,2.8172129625116193,False
2023-04-28,B_REPLICATION_2023,0.04295123191978267,-0.6600000000000037,0.0699999999999994,-0.014483623474487138,0.7434170812221349,0.39873210643091483,0.6182831961868752,0.4378690508326114,0.4378690508326114,0.3055480303895235,2.8139424845532646,False
2023-04-29,B_REPLICATION_2023,0.05963678199552349,,0.1299999999999999,-0.013172055453338324,1.0750001381270313,,0.9555285759251753,0.5706701818288789,0.7630993788770271,0.31190075925000427,2.8106720065949173,False
2023-04-30,B_REPLICATION_2023,0.07448629727465321,-0.10999999999999943,0.1299999999999999,-0.013659667616171569,1.3700966526236433,0.46502578995069843,0.9555285759251753,0.5195289584902347,0.5195289584902347,0.8505676941334086,2.8074015286365626,False
2023-05-01,B_REPLICATION_2023,0.04508459012926223,-0.2600000000000051,0.1299999999999999,-0.013983859598649763,0.7687009010446102,0.4382495236197173,0.9555285759251753,0.4868310984489602,0.4868310984489602,0.28186980259565,2.8041310506782153,False
2023-05-02,B_REPLICATION_2023,0.038503660196040235,-2.0799999999999983,-0.019999999999999574,-0.00981618968062175,0.5770309923123038,0.18849168252317786,0.11241512657943503,0.9052112446798287,0.18849168252317786,0.388539309789126,2.8008605727198685,False
2023-05-03,B_REPLICATION_2023,-0.045757625738809184,,-0.11000000000000032,-0.006638037763503115,-1.0287967609555086,,-0.4046944556859595,1.1895501851704677,0.3924278647422541,-1.4212246256977628,2.7975900947615138,False
2023-05-04,B_REPLICATION_2023,-0.0070592496314893696,3.1700000000000017,0.009999999999999787,-0.008185558699827804,-0.29440225112545815,0.9269852147968225,0.25293403480372306,1.0281873151033174,0.9269852147968225,-1.2213874659222808,2.7943196168031665,False
2023-05-05,B_REPLICATION_2023,0.010653110686974577,-0.10000000000000142,0.3200000000000003,-0.01556144654689968,0.05209538042662746,0.4551441710289217,2.0527979636244233,0.2714410779431713,0.4551441710289217,-0.4030487906022942,2.792735231449519,False
2023-05-06,B_REPLICATION_2023,-0.020015048145885644,5.920000000000002,0.1200000000000001,-0.011669867714818568,-0.5184614603348101,1.280435710063293,0.8797705558390381,0.6344152397879343,0.8797705558390381,-1.3982320161738482,2.7911508460958747,False
2023-05-07,B_REPLICATION_2023,-0.026041850242208384,3.760000000000005,0.1200000000000001,-0.007352411511543993,-0.574969701848415,0.964229696972017,0.8797705558390367,1.0175956462056097,0.964229696972017,-1.539199398820432,2.78956646074223,False
2023-05-08,B_REPLICATION_2023,-0.017557181170652643,-0.8449999999999989,0.1200000000000001,-0.009561494605644026,-0.418564313220208,0.34239797055736454,0.8504448706444044,0.7991528670959442,0.7991528670959442,-1.2177171803161522,2.7879820753885824,False
2023-05-09,B_REPLICATION_2023,-0.027399296180575683,-3.1899999999999977,0.13999999999999968,-0.010933205309991778,-0.6229250240807224,0.030583119700269522,0.8993210126354582,0.6679623587870921,0.6679623587870921,-1.2908873828678145,2.7863976900349385,False
2023-05-10,B_REPLICATION_2023,-0.01040547596537087,-2.8500000000000014,-0.03999999999999959,-0.011702852400737892,-0.3023762767364063,0.0757929488224065,-0.11241512657943149,0.5984158464457369,0.0757929488224065,-0.3781692255588128,2.7848133046812906,False
2023-05-11,B_REPLICATION_2023,-0.06409086302981647,-3.8300000000000054,-0.009999999999999787,-0.008351689170528453,-1.3716303318789969,-0.07673231595874042,0.08797705558390463,0.9081254936118112,0.08797705558390463,-1.4596073874629014,2.7832289193276463,False
2023-05-12,B_REPLICATION_2023,-0.11810675281273121,-4.064999999999998,-0.14000000000000012,-0.010306475636889646,-2.4416752037012674,-0.1089324842628531,-0.6744907594765978,0.712012652189656,-0.1089324842628531,-2.3327427194384143,2.781644533974002,False
2023-05-13,B_REPLICATION_2023,-0.06769815934319393,-1.3299999999999983,-0.06000000000000005,-0.010433737810772758,-1.4430902103848553,0.27790747901549206,-0.18395202531179933,0.6965000082105409,0.27790747901549206,-1.7209976894003474,2.780060148620354,False
2023-05-14,B_REPLICATION_2023,-0.07139023578022562,-3.414999999999999,-0.06000000000000005,-0.009556722882333111,-1.5162295675943558,-0.02007206980484524,-0.1839520253117987,0.7661812308553716,-0.02007206980484524,-1.4961574977895105,2.77847576326671,False
2023-05-15,B_REPLICATION_2023,-0.013895468499536065,-1.4550000000000054,-0.06000000000000005,-0.010641310015750633,-0.37726877045543367,0.2566458550209675,-0.1839520253117977,0.655662218777332,0.2566458550209675,-0.6339146254764012,2.776891377913062,False
2023-05-16,B_REPLICATION_2023,-0.023609736262690233,-3.1400000000000006,0.009999999999999787,-0.010283051483931915,-0.5786845681168952,0.004351553286945429,0.2890674683471098,0.6883085211058544,0.2890674683471098,-0.867752036464005,2.7753069925594183,False
2023-05-17,B_REPLICATION_2023,-0.046374003592340216,1.8399999999999963,-0.04999999999999982,-0.010127956600657765,-1.0496296869010946,0.7373544815769354,-0.09635582278237012,0.7005857417240227,0.7005857417240227,-1.7502154286251173,2.773722607205774,False
2023-05-18,B_REPLICATION_2023,-0.002200052844343375,-5.329999999999998,-0.2200000000000002,-0.01087842326619248,-0.1478789821924967,-0.32541220851940944,-1.214083367057873,0.6270042367653076,-0.32541220851940944,0.17753322632691274,2.772138221852126,False
2023-05-19,B_REPLICATION_2023,0.020582438329435012,-1.1799999999999997,-0.3500000000000001,-0.01206912967421886,0.31055023729452746,0.2919549347345975,-2.0909213543774454,0.5197077503361994,0.2919549347345975,0.01859530255992997,2.770553836498482,False
2023-05-20,B_REPLICATION_2023,0.0035600244963026563,-1.5900000000000034,-0.30000000000000027,-0.00904817251067203,-0.08284908139400773,0.22954875535221606,-1.7536759746391493,0.7919311020511572,0.22954875535221606,-0.3123978367462238,2.7689694511448337,False
2023-05-21,B_REPLICATION_2023,-0.002684367935996946,-0.8149999999999977,-0.30000000000000027,-0.010278819213611876,-0.20602939907950868,0.34469497917132336,-1.7536759746391493,0.6759167313790984,0.34469497917132336,-0.550724378250832,2.7673850657911903,False
2023-05-22,B_REPLICATION_2023,-0.022427241352885072,-4.085000000000001,-0.30000000000000027,-0.00799593802411549,-0.617283157770139,-0.21491959968208907,-1.7536759746391453,0.8800846709022505,-0.21491959968208907,-0.4023635580880499,2.765800680437546,False
2023-05-23,B_REPLICATION_2023,0.006499405364014555,-0.4749999999999943,-0.2999999999999998,0.0005078674494162933,-0.02759233283965562,0.4050399054987505,-1.7536759746391384,1.6376141204584727,0.4050399054987505,-0.43263223833840614,2.764216295083898,False
2023-05-24,B_REPLICATION_2023,-0.02510673693036697,-5.960000000000001,-0.20000000000000018,-0.007142293982859697,-0.6719066325526399,-0.5851807182020267,-1.0277954430119571,0.9522952174042655,-0.5851807182020267,-0.08672591435061328,2.7626319097302536,False
2023-05-25,B_REPLICATION_2023,-0.029725723268803305,-5.010000000000005,-0.1899999999999995,-0.00793891704205195,-0.7582578723128129,-0.41854161697322634,-0.9197601265589925,0.8783991262387456,-0.41854161697322634,-0.3397162553395866,2.7619975461663677,False
2023-05-26,B_REPLICATION_2023,-0.0016923342583369519,-4.674999999999997,-0.2599999999999998,-0.010471165805089326,-0.18663274284373688,-0.36447919236857673,-1.2903301485639225,0.6469781654386129,-0.36447919236857673,0.17784644952483986,2.7613631826024836,False
2023-05-27,B_REPLICATION_2023,-0.00949533033776172,-2.700000000000003,-0.2599999999999998,-0.009410489923012638,-0.3392001767625993,-0.006009855978887163,-1.23656639237376,0.7367905944274387,-0.006009855978887163,-0.33319032078371214,2.7607288190385995,False
2023-05-28,B_REPLICATION_2023,0.013515127026986429,-1.1299999999999955,-0.2599999999999998,-0.010718871288750667,0.13294483459747683,0.28099859274775185,-1.2610044633692834,0.5990759212611474,0.28099859274775185,-0.14805375815027502,2.7600944554747135,False
2023-05-29,B_REPLICATION_2023,0.02658774873506622,-1.509999999999998,-0.2599999999999998,-0.008967877157006338,0.39408288489190724,0.19566481761010274,-1.287664177182587,0.7263600813760789,0.19566481761010274,0.1984180672818045,2.7594600919108294,False
2023-05-30,B_REPLICATION_2023,0.017625737339455546,-6.270000000000003,-0.2599999999999998,-0.007698282686164707,0.21505818465754212,-0.7669412246664584,-1.287664177182587,0.8331755233543177,-0.7669412246664584,0.9819994093240005,2.7588257283469435,False
2023-05-31,B_REPLICATION_2023,0.026254559073397278,-9.14,-0.16999999999999993,-0.007362976846069723,0.3874271045465836,-1.3375494721823968,-0.7358081012471933,0.8577758676980036,-0.7358081012471933,1.123235205793777,2.7581913647830594,False
2023-06-01,B_REPLICATION_2023,0.030557308487184118,-10.329999999999998,-0.14000000000000057,-0.00797640553326042,0.4733786158740573,-1.5741431357865663,-0.5518560759353985,0.8026941226313085,-0.5518560759353985,1.0252346918094557,2.7575570012191752,False
2023-06-02,B_REPLICATION_2023,0.009794610768823783,-6.465000000000003,-0.020000000000000462,-0.010991367180943538,0.058623984240059525,-0.8057107745847888,0.1839520253118004,0.5024336738592017,0.1839520253118004,-0.1253280410717409,2.7569226376552893,False
2023-06-03,B_REPLICATION_2023,0.021681140465349306,-6.954999999999998,-0.0,-0.011738088606397313,0.29606871866536755,-0.9031316948923872,0.30658670885300376,0.42633715231036035,0.30658670885300376,-0.010517990187636217,2.756288274091405,False
2023-06-04,B_REPLICATION_2023,-0.002998738808889441,1.9250000000000043,-0.0,-0.008277246034165076,-0.2009752011866618,0.8623739629269647,0.30658670885300376,0.7353650673381409,0.7353650673381409,-0.9363402685248027,2.7556539105275193,False
2023-06-05,B_REPLICATION_2023,-0.06699056210863606,-3.1599999999999966,-0.0,-0.008016819068058052,-1.467199429415647,-0.1736160724848619,0.30658670885300376,0.7487797921362801,0.30658670885300376,-1.7737861382686506,2.755019546963635,False
2023-06-06,B_REPLICATION_2023,-0.04969013287747729,-4.404999999999994,0.08000000000000007,-0.011516588153561304,-1.0971660048756338,-0.43128247951253346,0.7971254430178033,0.4183121896437279,0.4183121896437279,-1.5154781945193616,2.7543851833997506,False
2023-06-07,B_REPLICATION_2023,-0.02278699143906211,-1.3100000000000023,-0.04999999999999982,-0.011958963407553421,-0.5510438524847784,0.20821462244042688,5.446073971402388e-15,0.3672646581218313,0.20821462244042688,-0.7592584749252053,2.753750819835865,False
2023-06-08,B_REPLICATION_2023,-0.02215708870833875,-3.770000000000003,-0.15999999999999925,-0.011816820623963427,-0.5062496002135677,-0.3092735407302697,-0.6744907594765898,0.36686348927790696,-0.3092735407302697,-0.196976059483298,2.7531164562719805,False
2023-06-09,B_REPLICATION_2023,-0.021414411306408195,-4.945,-0.1899999999999995,-0.013486163442405458,-0.4782573433207663,-0.5679922185066067,-0.858442784788391,0.20958886555496611,-0.5679922185066067,0.08973487518584045,2.752482092708095,False
2023-06-10,B_REPLICATION_2023,-0.06284843133595609,-7.710000000000001,-0.08999999999999986,-0.015091041594887257,-1.2660065764090465,-1.1817253014492715,-0.2452693670823943,0.05379796219726977,-0.2452693670823943,-1.0207372093266522,2.7518477291442105,False
2023-06-11,B_REPLICATION_2023,-0.04911595462805574,-5.5049999999999955,-0.08999999999999986,-0.017764334703474518,-0.9750879850041233,-0.6996338509967921,-0.2452693670823943,-0.22120211203575293,-0.2452693670823943,-0.729818617921729,2.7512133655803264,False
2023-06-12,B_REPLICATION_2023,0.0006336853546045002,-9.259999999999998,-0.08999999999999986,-0.016113761153398687,0.017167907213753487,-1.5206104480258429,-0.22483025315886224,-0.06568488724605974,-0.22483025315886224,0.24199816037261573,2.7505790020164405,False
2023-06-13,B_REPLICATION_2023,-0.01932469829149887,-14.54,-0.08999999999999986,-0.015967811645278128,-0.36633706697239543,-2.675006302170553,-0.1927116455647413,-0.053065765351693626,-0.1927116455647413,-0.17362542140765413,2.7499446384525563,False
2023-06-14,B_REPLICATION_2023,-0.013893707041205409,-6.119999999999997,-0.16000000000000014,-0.01800357316306088,-0.2366990761387416,-0.8340947317352388,-0.6423721518824722,-0.26062899214385543,-0.6423721518824722,0.40567307574373057,2.7471643736139715,False
2023-06-15,B_REPLICATION_2023,-0.05820815156135209,-15.634999999999998,-0.1800000000000006,-0.019053969322263938,-1.0913664729438735,-2.914412260558518,-0.8093889113719173,-0.3743170626905961,-0.8093889113719173,-0.2819775615719562,2.744384108775393,False
2023-06-16,B_REPLICATION_2023,-0.019948566457708275,-5.229999999999997,-0.10000000000000053,-0.020120119370465976,-0.3462023224857488,-0.6395090669267555,-0.2697963037906402,-0.487858833537933,-0.487858833537933,0.14165651105218424,2.7416038439368147,False
2023-06-17,B_REPLICATION_2023,0.03398133640934823,-10.590000000000003,-0.11000000000000032,-0.012486801796148911,0.6725107684569777,-1.8217297285292888,-0.3194956229099665,0.30865123879000267,-0.3194956229099665,0.9920063913669441,2.73882357909823,False
2023-06-18,B_REPLICATION_2023,0.028645185176690343,-10.965000000000003,-0.11000000000000032,-0.008939392014327668,0.5443427159082179,-1.9041858115948873,-0.248496595596644,0.6764523502242341,-0.248496595596644,0.792839311504862,2.736043314259651,False
2023-06-19,B_REPLICATION_2023,0.025772257025500935,-7.659999999999997,-0.11000000000000032,-0.012545589173894707,0.48937758857487035,-1.1774728661767446,-0.2248302531588695,0.2757633451168663,-0.2248302531588695,0.7142078417337399,2.7332630494210663,False
2023-06-20,B_REPLICATION_2023,0.05693060524007492,-2.770000000000003,-0.11000000000000032,-0.011592040391975006,1.1195272589127736,-0.10224554300134206,-0.2248302531588673,0.364152172229745,-0.10224554300134206,1.2217728019141156,2.7304827845824877,False
2023-06-21,B_REPLICATION_2023,0.14988540499610414,7.374999999999986,-0.1299999999999999,-0.01166430837941162,2.9775826316123113,2.1336831868409876,-0.3747170885981077,0.33354148669160133,0.33354148669160133,2.6440411449207097,2.727702519743909,False
2023-06-22,B_REPLICATION_2023,0.18132139012731566,2.480000000000004,-0.009999999999999787,-0.006575401716019099,3.5372008768969874,1.0474835952430295,0.5246039240373548,0.889084889512136,0.889084889512136,2.6481159873848514,2.7249222549053242,False
2023-06-23,B_REPLICATION_2023,0.18056396264611616,-1.1099999999999994,-0.02999999999999936,-0.009435451034727127,3.4454392655835226,0.23343531985142826,0.37471708859811437,0.552633896473375,0.37471708859811437,3.0707221769854085,2.7221419900667456,True
2023-06-24,B_REPLICATION_2023,0.14192381468665408,1.6000000000000014,-0.08999999999999986,-0.008993941525176906,2.644613974269273,0.8214314163322659,-0.07494341771962021,0.5921743959043725,0.5921743959043725,2.0524395783649005,2.7556539105275193,False
2023-06-25,B_REPLICATION_2023,0.13901602005140157,6.960000000000001,-0.08999999999999986,-0.005508356129861963,2.5651498537984794,2.010661966730395,-0.07494341771962021,0.9632564484810616,0.9632564484810616,1.6018934053174179,2.755019546963635,False
2023-06-26,B_REPLICATION_2023,0.1274093060358416,-1.5799999999999983,-0.08999999999999986,-0.003103956205049437,2.2633136935636373,0.10106194326594693,-0.07494341771962021,1.2125696628667293,0.10106194326594693,2.1622517502976906,2.7543851833997506,False
2023-06-27,B_REPLICATION_2023,0.11477626703903313,-0.8500000000000014,0.04999999999999982,-0.004772198289499487,1.9227415739906437,0.2586857238924374,0.9742644303550828,1.0176167711745285,0.9742644303550828,0.9484771436355609,2.753750819835865,False
2023-06-28,B_REPLICATION_2023,0.003092223948033338,-0.19499999999999318,-0.0600000000000005,-0.005545196761443917,-0.11638062182693015,0.40876514593594226,0.14988683543924042,0.9246780662083832,0.40876514593594226,-0.5251457677628724,2.7531164562719805,False
2023-06-29,B_REPLICATION_2023,0.017595695932969203,2.990000000000002,-0.03000000000000025,-0.005497125074832494,0.12792876008627266,1.1431947963125317,0.3747170885981077,0.9004806687991613,0.9004806687991613,-0.7725519087128887,2.752482092708095,False
2023-06-30,B_REPLICATION_2023,-0.022651623246166066,3.9650000000000034,-0.10000000000000053,-0.009214087729356885,-0.5508296363270898,1.3554108069551378,-0.14988683543924966,0.4202263607589203,0.4202263607589203,-0.9710559970860101,2.7518477291442105,False
2023-07-01,B_REPLICATION_2023,0.002029730890723341,2.219999999999999,-0.16000000000000014,-0.009391779174885777,-0.1377365353039902,0.9357904583592458,-0.5995473417569753,0.393770826231671,0.393770826231671,-0.5315073615356611,2.7512133655803264,False
2023-07-02,B_REPLICATION_2023,-0.0009396279169814212,4.700000000000003,-0.16000000000000014,-0.01377324883923772,-0.18743484728160054,1.490303392367336,-0.5995473417569753,-0.18177014059516733,-0.18177014059516733,-0.005664706686433207,2.7505790020164405,False
2023-07-03,B_REPLICATION_2023,0.03080743720405458,4.619999999999997,-0.16000000000000014,-0.013365387724868052,0.34391742401172276,1.4419345951945814,-0.5995473417569783,-0.13180077680914612,-0.13180077680914612,0.4757182008208689,2.7499446384525563,False
2023-07-04,B_REPLICATION_2023,0.008096564244255464,4.084999999999994,-0.29000000000000004,-0.013296578670100647,-0.03619563161203383,1.3215109247630683,-1.573811772112061,-0.12359547134879817,-0.12359547134879817,0.08739983973676434,2.7471643736139715,False
2023-07-05,B_REPLICATION_2023,0.006739089347954648,1.0200000000000031,-0.29000000000000004,-0.011156316273358313,-0.05494957740523402,0.5983102219162509,-1.5738117721120577,0.14813329044647475,0.14813329044647475,-0.20308286785170876,2.744384108775393,False
2023-07-06,B_REPLICATION_2023,-0.006183918680404605,-2.789999999999999,-0.20000000000000018,-0.010522893478707298,-0.26175542392967627,-0.30766245169107814,-0.899321012635458,0.2072291184576067,-0.30766245169107814,0.045907027761401875,2.7416038439368147,False
2023-07-07,B_REPLICATION_2023,-0.001504064367403983,-3.375,-0.28000000000000025,-0.010795738195436548,-0.15953895644060953,-0.4476813667652757,-1.4988683543924302,0.16894884455586537,-0.4476813667652757,0.28814241032466614,2.73882357909823,False
2023-07-08,B_REPLICATION_2023,-0.010436979405683382,-8.620000000000005,-0.07000000000000028,-0.013269597872448762,-0.3022672078194266,-1.712954270727741,0.07494341771961983,-0.17159388934640052,-0.17159388934640052,-0.1306733184730261,2.736043314259651,False
2023-07-09,B_REPLICATION_2023,-0.008992073021101566,2.4299999999999997,-0.07000000000000028,-0.01230498821444117,-0.24512403587634088,0.9417644798390933,0.07494341771962021,-0.04152827466075745,0.07494341771962021,-0.3200674535959611,2.7332630494210663,False
2023-07-10,B_REPLICATION_2023,-0.022512494748018187,-3.2749999999999986,-0.07000000000000028,-0.011501729974842492,-0.44241991483761295,-0.4239316921358178,0.07494341771962021,0.06936115346834795,0.06936115346834795,-0.5117810683059609,2.7304827845824877,False
2023-07-11,B_REPLICATION_2023,-0.010095588703153904,2.4099999999999966,0.020000000000000462,-0.00852207384843449,-0.2256836869739721,0.936959559023587,0.7494341771962221,0.48315487231854815,0.7494341771962221,-0.9751178641701942,2.727702519743909,False
2023-07-12,B_REPLICATION_2023,0.0008019736067320594,1.3200000000000003,0.0600000000000005,-0.010313663315209751,-0.0357980693926069,0.6614169297774896,1.0492078480747096,0.2119811934551859,0.6614169297774896,-0.6972149991700964,2.7249222549053242,False
2023-07-13,B_REPLICATION_2023,0.016764744229740496,0.8149999999999977,0.22000000000000064,-0.011961398284138116,0.2687114175036688,0.5380084377758202,2.2483025315886596,-0.030152782975542556,0.5380084377758202,-0.2692970202721514,2.7221419900667456,False
2023-07-14,B_REPLICATION_2023,0.02791008470634171,5.509999999999998,0.40000000000000036,-0.010771163833622642,0.4838454329124339,1.685918348481298,3.59728405054185,0.14317661448099042,1.685918348481298,-1.202072915568864,2.719361725228161,False
2023-07-15,B_REPLICATION_2023,0.0008401808452299699,,0.20000000000000018,-0.007562933551454803,-0.027328072447764806,,2.0984156961494125,0.618419303753758,1.3584174999515852,-1.3857455723993501,2.7165814603895826,False
2023-07-16,B_REPLICATION_2023,0.002512359906517238,,0.20000000000000018,-0.005686403111320295,0.02185291420319,,2.0984156961494125,0.9041034644091892,1.5012595802793007,-1.4794066660761107,2.713801195551004,False
2023-07-17,B_REPLICATION_2023,-0.006849498092165904,2.6599999999999966,0.20000000000000018,-0.011570329288211825,-0.17258916592286325,0.9378234428569868,2.0984156961494125,0.014548989042281201,0.9378234428569868,-1.11041260877985,2.711020930712419,False
2023-07-18,B_REPLICATION_2023,-0.03142270086106932,-3.7650000000000006,0.10999999999999943,-0.013688285232252977,-0.6685490284896688,-0.594999324322801,1.4239249366728106,-0.3117343835434477,-0.3117343835434477,-0.3568146449462211,2.7082406658738405,False
2023-07-19,B_REPLICATION_2023,-0.01931276860395707,1.1899999999999977,0.13999999999999968,-0.012323688835830519,-0.4190295042253591,0.6145088226084404,1.648755189831678,-0.10334965250444379,0.6145088226084404,-1.0335383268337996,2.7054604010352556,False
2023-07-20,B_REPLICATION_2023,-0.036664895643595985,4.980000000000004,-0.020000000000000462,-0.012773224169003807,-0.79148002427313,1.5694521827156247,0.44966050631772797,-0.1739502851017071,0.44966050631772797,-1.241140530590858,2.702680136196677,False
2023-07-21,B_REPLICATION_2023,-0.04541884206969701,0.9050000000000011,-0.20999999999999996,-0.015835575761662935,-0.9451011614121616,0.5447339164556899,-0.9742644303550828,-0.6563165542809875,-0.6563165542809875,-0.28878460713117415,2.699899871358099,False
2023-07-22,B_REPLICATION_2023,-0.012629278423543413,1.3299999999999983,-0.08000000000000007,-0.0204293750930961,-0.23741478829489093,0.6487842151045289,0.03549951365666224,-1.3840487798729217,0.03549951365666224,-0.2729143019515532,2.697119606519514,False
2023-07-23,B_REPLICATION_2023,-0.013596746504737009,-1.730000000000004,-0.08000000000000007,-0.017878373232524985,-0.26409488914324536,-0.11770891370367269,0.03549951365666224,-0.977683109176521,-0.11770891370367269,-0.14638597543957266,2.6943393416809354,False
2023-07-24,B_REPLICATION_2023,-0.034988307696059824,0.7800000000000011,-0.08000000000000007,-0.017795585378300324,-0.7301538777892844,0.5231507275718749,0.037471708859810104,-0.9607656429944899,0.037471708859810104,-0.7676255866490945,2.6940921543058978,False
2023-07-25,B_REPLICATION_2023,-0.01603360872120639,-6.810000000000002,-0.0699999999999994,-0.019003715202158915,-0.2990273187112205,-1.3676654735093297,0.1190277810841096,-1.1483023768595038,-1.1483023768595038,0.8492750581482833,2.693844966930861,False
2023-07-26,B_REPLICATION_2023,-0.02031845893569732,2.9399999999999977,-0.10999999999999943,-0.022744424539215737,-0.39009282624658753,1.0753380737561535,-0.19837963514017093,-1.7026057891343416,-0.19837963514017093,-0.1917131911064166,2.693597779555824,False
2023-07-27,B_REPLICATION_2023,-0.014977322472005212,7.809999999999995,-0.08000000000000007,-0.021702308065201154,-0.23383645876781847,2.2840850833793422,0.07494341771962021,-1.5156631689466367,0.07494341771962021,-0.30877987648743865,2.6933505921807868,False
2023-07-28,B_REPLICATION_2023,-0.015766663148369928,-4.829999999999998,-0.11000000000000032,-0.021352457211211352,-0.25122307113171016,-0.8531966828705768,-0.14988683543924708,-1.4580294274309833,-0.8531966828705768,0.6019736117388667,2.69310340480575,False
2023-07-29,B_REPLICATION_2023,-0.019982268848817444,,-0.04999999999999982,-0.023137768518215054,-0.3123272994531403,,0.2997736708784875,-1.6819029617766668,-0.6910646454490896,0.3787373459959493,2.6928562174307125,False
2023-07-30,B_REPLICATION_2023,-0.01935236659166117,-7.465,-0.04999999999999982,-0.020595197335987043,-0.29027210510110335,-1.4524235995545325,0.2997736708784875,-1.28454062044625,-1.28454062044625,0.9942685153451466,2.6926090300556758,False
2023-07-31,B_REPLICATION_2023,0.004283513334443722,-1.4799999999999969,-0.04999999999999982,-0.01814203727035456,0.24382766408043752,-0.00423447113572623,0.2997736708784875,-0.921954591071473,-0.00423447113572623,0.24806213521616374,2.692361842680639,False
2023-08-01,B_REPLICATION_2023,-0.010067000071625056,0.7849999999999966,-0.07000000000000028,-0.014364485577081539,-0.07594836085128139,0.5482524346920964,0.14988683543924042,-0.3482028878564198,0.14988683543924042,-0.2258351962905218,2.6921146553056015,False
2023-08-02,B_REPLICATION_2023,-0.009481568362677814,1.1899999999999977,-0.07000000000000028,-0.014714911161602843,-0.05818696496367196,0.6626247183376552,0.14988683543924042,-0.39963925480636964,0.14988683543924042,-0.20807380040291237,2.6918674679305648,False
2023-08-03,B_REPLICATION_2023,0.0009430245905715938,-1.1700000000000017,-0.05999999999999961,-0.016814041825317105,0.18767261389159906,0.0743783401119338,0.23805556216821214,-0.7194996364814271,0.0743783401119338,0.11329427377966526,2.691620280555527,False
2023-08-04,B_REPLICATION_2023,-0.003275297379560127,6.815000000000005,0.009999999999999787,-0.019664774348127377,0.09014347981166662,2.10881860682437,0.7538426135326636,-1.1379775848627292,0.7538426135326636,-0.663699133720997,2.6913730931804905,False
2023-08-05,B_REPLICATION_2023,-0.009452741724128026,-0.6099999999999994,0.08999999999999986,-0.022647242167744535,-0.05752325087013753,0.2171872983772612,1.3489815189531904,-1.5632535138383412,0.2171872983772612,-0.27471054924739874,2.6911259058054533,False
2023-08-06,B_REPLICATION_2023,-0.009944102147661386,-3.1950000000000074,0.08999999999999986,-0.023367396181126897,-0.06883649634414138,-0.4627096456542598,1.2740381012335702,-1.6378739887818545,-0.4627096456542598,0.3938731493101184,2.690878718430416,False
2023-08-07,B_REPLICATION_2023,-0.010125839283889587,1.9650000000000034,0.08999999999999986,-0.01947670076812101,-0.06824353394363489,0.8794642096499206,1.2740381012335702,-1.0537981073089064,0.8794642096499206,-0.9477077435935555,2.690631531055379,False
2023-08-08,B_REPLICATION_2023,0.027675062601048607,2.9299999999999997,0.1200000000000001,-0.019822187785371634,0.8128729068599333,1.126713433921492,1.4988683543924375,-1.070594113209966,1.126713433921492,-0.3138405270615586,2.690384343680342,False
2023-08-09,B_REPLICATION_2023,0.016655856953470133,6.149999999999999,0.17999999999999972,-0.021122173778509407,0.550958997706626,1.937015404453521,1.9485288607101656,-1.2118779241307385,1.937015404453521,-1.386056406746895,2.690137156305305,False
2023-08-10,B_REPLICATION_2023,0.004379434078167813,4.57,0.08999999999999986,-0.018493733540512976,0.2658308628442952,1.5352452253873496,1.2740381012335702,-0.7882751497381449,1.2740381012335702,-1.008207238389275,2.689889968930268,False
2023-08-11,B_REPLICATION_2023,0.0032878988791045435,-4.7549999999999955,0.08000000000000007,-0.018558419627012455,0.23677230058163418,-0.8631684790637675,1.1990946835139524,-0.7996729056805496,-0.7996729056805496,1.0364452062621838,2.6896427815552304,False
2023-08-12,B_REPLICATION_2023,0.014499616048477847,0.2700000000000031,-0.10999999999999943,-0.019418074701955463,0.5048936736670245,0.41919285518872673,-0.27773148919624135,-0.9304733450345316,-0.27773148919624135,0.7826251628632659,2.6893955941801937,False
2023-08-13,B_REPLICATION_2023,0.00904444669381603,7.109999999999999,-0.10999999999999943,-0.01916973113719171,0.34989832749086075,2.1681437950000766,-0.27773148919624135,-0.8783678641800208,-0.27773148919624135,0.6276298166871022,2.689359759368339,False
2023-08-14,B_REPLICATION_2023,0.02444142162469621,2.519999999999996,-0.10999999999999943,-0.020396446717490767,0.694098330703952,0.9894713956981877,-0.2777314891962393,-1.062386213325934,-0.2777314891962393,0.9718298199001913,2.689323924556484,False
2023-08-15,B_REPLICATION_2023,-0.015760906910185547,1.769999999999996,-0.20000000000000018,-0.02026046397029876,-0.3217442823228523,0.7818559877917151,-0.9918981757008757,-1.031730436966575,-0.9918981757008757,0.6701538933780233,2.6892880897446294,False
2023-08-16,B_REPLICATION_2023,-0.014569555914031954,-0.4299999999999997,-0.17999999999999972,-0.024254229902627808,-0.28773583630236005,0.19718897324485116,-0.833194467588732,-1.63939514105496,-0.833194467588732,0.5454586312863718,2.689252254932774,False
2023-08-17,B_REPLICATION_2023,-0.05208911585541063,-2.4299999999999997,-0.17999999999999972,-0.025977997710899918,-1.236602840456529,-0.32777769724806444,-0.833194467588732,-1.8316259566021278,-0.833194467588732,-0.40340837286779707,2.6892164201209194,False
2023-08-18,B_REPLICATION_2023,-0.12526134803205946,-1.5399999999999991,-0.1200000000000001,-0.02718695406891576,-3.127654211149613,-0.0965447557682181,-0.3570833432523147,-1.9536179288057336,-0.3570833432523147,-2.7705708678972982,2.6891805853090647,True
2023-08-19,B_REPLICATION_2023,-0.11513139045020467,-2.730000000000004,-0.03000000000000025,-0.026860923069622813,-2.890011971494571,-0.4113071101906304,0.3570833432523147,-1.8648137234867521,-0.4113071101906304,-2.4787048613039406,2.6926090300556758,False
2023-08-20,B_REPLICATION_2023,-0.11928154711014043,-1.3599999999999994,-0.03000000000000025,-0.02755182946667264,-3.0213240691828824,-0.04951618670760685,0.2997736708784875,-1.964903178855784,-0.04951618670760685,-2.9718078824752756,2.692361842680638,False
2023-08-21,B_REPLICATION_2023,-0.13090724722919714,-12.119999999999997,-0.03000000000000025,-0.02545831855338311,-3.328114618333225,-2.941155921303322,0.2997736708784875,-1.6501135571099983,-1.6501135571099983,-1.6780010612232266,2.7249222549053242,False
2023-08-22,B_REPLICATION_2023,-0.11813513852682887,-4.07,-0.009999999999999787,-0.023269790446066953,-2.9741683614757037,-0.7706557786494967,0.4496605063177346,-1.3113936325629176,-0.7706557786494967,-2.2035125828262068,2.7221419900667456,False
2023-08-23,B_REPLICATION_2023,-0.09706231804805297,-5.089999999999996,-0.09999999999999964,-0.014685902545074361,-2.407760359170748,-1.0298676112438325,-0.22483025315886065,0.0033169705276366885,-0.22483025315886065,-2.182930106011887,2.719361725228161,False
2023-08-24,B_REPLICATION_2023,-0.06745538220905295,4.07,0.019999999999999574,-0.014743340334375672,-1.611967247383505,1.3824436091606844,0.6744907594765952,-0.005252422122436752,0.6744907594765952,-2.2864580068601,2.7165814603895826,False
2023-08-25,B_REPLICATION_2023,0.001174377414088916,0.5349999999999966,-0.040000000000000036,-0.012881176178403127,0.2327049020311694,0.4546907551724498,0.2248302531588673,0.27540811078647837,0.27540811078647837,-0.042703208755308975,2.7138011955509977,False
2023-08-26,B_REPLICATION_2023,-0.008084148080829238,-4.329999999999998,-0.11000000000000032,-0.011676273276955595,-0.02476379524447481,-0.8221176280390785,-0.2997736708784875,0.4549801279184884,-0.2997736708784875,0.2750098756340127,2.711020930712419,False
2023-08-27,B_REPLICATION_2023,0.004330606937462462,-0.18999999999999773,-0.11000000000000032,-0.011145874548420821,0.3166104993575536,0.261114098049056,-0.2997736708784875,0.5314690854434678,0.261114098049056,0.05549640130849759,2.7082406658738405,False
2023-08-28,B_REPLICATION_2023,0.005041579949072502,-4.420000000000002,-0.11000000000000032,-0.009686778426242966,0.33582025281947625,-0.8344082626794581,-0.2997736708784875,0.7491579578258921,-0.2997736708784875,0.6355939236979637,2.7054604010352556,False
2023-08-29,B_REPLICATION_2023,0.07333829562824364,2.9299999999999997,-0.010000000000000675,-0.007491493898765023,2.247749949087466,1.025399856257695,0.44966050631772797,1.051210857430881,1.025399856257695,1.2223500928297713,2.702680136196677,False
2023-08-30,B_REPLICATION_2023,0.02836195451093586,-0.7899999999999991,0.14999999999999947,-0.008952078044453535,0.9732872110298926,0.09405961164810409,1.6487551898316664,0.8123541180196265,0.8123541180196265,0.16093309301026604,2.699899871358092,False
2023-08-31,B_REPLICATION_2023,0.0045551864551813944,2.5600000000000023,0.04999999999999982,-0.004477021264782082,0.30592575220968754,0.8917603492548964,0.8164888141032436,1.4149985185534324,0.8917603492548964,-0.5858345970452089,2.697119606519514,False
2023-09-01,B_REPLICATION_2023,-0.005628615746609344,-3.4299999999999997,0.13000000000000078,-0.0029465421052067274,-0.025442659283813288,-0.5383988186264494,1.28153244300554,1.5938983098683275,1.28153244300554,-1.3069751022893532,2.6943393416809354,False
2023-09-02,B_REPLICATION_2023,-0.006955651121877747,,0.16000000000000014,-0.001071846294549122,-0.07501244141024,,1.4838796708485096,1.8488226336410576,1.6663511522447836,-1.7413635936550236,2.6940921543058978,False
2023-09-03,B_REPLICATION_2023,-0.012272857460645567,-6.509999999999998,0.16000000000000014,0.0002591556531743524,-0.23909729063815574,-1.268018815256088,1.4838796708485096,1.9866013228331476,1.4838796708485096,-1.7229769614866652,2.693844966930861,False
2023-09-04,B_REPLICATION_2023,-0.01087588557228836,-2.6099999999999994,0.16000000000000014,0.0022251174925100245,-0.19858498637149147,-0.3325532701071562,1.4838796708485047,2.2748821822907943,1.4838796708485047,-1.6824646572199962,2.693597779555824,False
2023-09-05,B_REPLICATION_2023,-0.08362934157406554,-6.704999999999998,0.16000000000000014,0.0045540325008974645,-2.4951489464747345,-1.3126673650890488,1.3811001265473075,2.6423129471916345,1.3811001265473075,-3.8762490730220422,2.6933505921807868,True
2023-09-06,B_REPLICATION_2023,-0.05917037367045703,-10.04,0.040000000000000036,0.002194567543510777,-1.7243636017947572,-2.1068162381179794,0.5518560759353958,2.190398577838229,0.5518560759353958,-2.276219677730153,2.736043314259651,False
2023-09-07,B_REPLICATION_2023,-0.015577614323069405,-11.655000000000001,-0.13999999999999968,-0.0011037131265022788,-0.3506073512634227,-2.4545598507909148,-0.5518560759353958,1.6847573942030973,-0.5518560759353958,0.20124872467197308,2.7332630494210663,False
2023-09-08,B_REPLICATION_2023,0.00026828745533258086,-3.0600000000000023,-0.040000000000000036,-0.0014748707543367952,0.15012746203684224,-0.43812573680784134,0.09635582278236851,1.6029667249246382,0.09635582278236851,0.05377163925447373,2.7304827845824877,False
2023-09-09,B_REPLICATION_2023,0.0013308279875351135,-8.200000000000003,-0.13000000000000078,-0.00507352298177309,0.14927849771222332,-1.6439979120112154,-0.4817791139118606,1.101385795568492,-0.4817791139118606,0.6310576116240839,2.727702519743903,False
2023-09-10,B_REPLICATION_2023,-0.0021592604704536267,,-0.13000000000000078,-0.0032759187386559854,0.03315326266338841,,-0.4721435316336216,1.3170956277631116,0.42247604806474504,-0.3893227854013566,2.7249222549053242,False
2023-09-11,B_REPLICATION_2023,-0.02660615726145209,-12.604999999999997,-0.13000000000000078,-0.0006507728014603273,-0.7979625211739451,-2.66815452080646,-0.47214353163362116,1.6627484529853733,-0.47214353163362116,-0.3258189895403239,2.7221419900667456,False
2023-09-12,B_REPLICATION_2023,0.013717527252245485,-3.780000000000001,-0.09999999999999964,0.001515532306619246,0.6089242797799984,-0.6049375529101181,-0.26979630379063513,1.9312133189775156,-0.26979630379063513,0.8787205835706335,2.719361725228161,False
2023-09-13,B_REPLICATION_2023,0.026405652995257007,-1.4250000000000043,-0.040000000000000036,-0.001240065767112965,1.074095248137323,-0.054545774462021544,0.13489815189532084,1.5171146151316264,0.13489815189532084,0.9391970962420021,2.7165814603895826,False
2023-09-14,B_REPLICATION_2023,0.030238870320252707,-4.240000000000002,0.04999999999999982,-0.00035629448778542707,1.207522320836236,-0.7256877632850577,0.7419398354242597,1.6074614138963985,0.7419398354242597,0.46558248541197633,2.7138011955509977,False
2023-09-15,B_REPLICATION_2023,0.022358820939875793,-4.234999999999999,-0.05999999999999961,0.003369814053059634,0.9332326491574315,-0.7244971352895115,4.493011026406973e-15,2.1055316609485604,4.493011026406973e-15,0.9332326491574271,2.711020930712419,False
2023-09-16,B_REPLICATION_2023,0.024087143532515093,,-0.03999999999999915,0.005511060888576797,0.9933923021756743,,0.14199805462666001,2.4275530012825266,1.2847755279545934,-0.29138322577891906,2.7082406658738405,False
2023-09-17,B_REPLICATION_2023,0.02753661925476839,,-0.03999999999999915,0.006945449550608968,1.1134620527126446,,0.15870370811214782,2.6581286869996474,1.4084161975558975,-0.2949541448432529,2.7054604010352556,False
2023-09-18,B_REPLICATION_2023,0.07865737805817119,-0.29999999999999716,-0.03999999999999915,0.007881580087723938,2.892879347111126,0.2125270972048941,0.16862268986915724,2.815633618934127,0.2125270972048941,2.6803522499062318,2.702680136196677,False
2023-09-19,B_REPLICATION_2023,0.044070783212778346,-3.3699999999999974,-0.08000000000000007,0.01095283703088589,1.6889851471261916,-0.5453065256173564,-0.1686226898691469,3.2433009146144904,-0.1686226898691469,1.8576078369953386,2.699899871358092,False
2023-09-20,B_REPLICATION_2023,0.03297717909794128,-2.970000000000006,-0.09999999999999964,0.008709122462922162,1.302837689983258,-0.4603463548518976,-0.2950897072710076,2.8888742511917385,-0.2950897072710076,1.5979273972542658,2.697119606519514,False
2023-09-21,B_REPLICATION_2023,-0.0014235375482931083,-7.390000000000001,-0.16000000000000014,0.008713433556708526,0.10541355988727477,-1.612292334671937,-0.7588021044111757,2.8834833386148695,-0.7588021044111757,0.8642156642984504,2.6943393416809354,False
2023-09-22,B_REPLICATION_2023,0.008226879269771226,-0.46000000000000085,-0.1200000000000001,4.651223919613608e-05,0.44132638642134786,0.18548495885606353,-0.42155672467287014,1.6645689116269904,0.18548495885606353,0.25584142756528433,2.6940921543058978,False
2023-09-23,B_REPLICATION_2023,0.0029785379617031315,-3.0800000000000054,-0.08000000000000007,0.00032640467532780624,0.2091576149741498,-0.49419419107804474,-0.08431134493457253,1.6504411279981464,-0.08431134493457253,0.29346895990872235,2.693844966930861,False
2023-09-24,B_REPLICATION_2023,0.0023310090949532915,-1.7000000000000028,-0.08000000000000007,0.000645815698678416,0.17765228299524802,-0.13254755486326206,-0.0899321012635439,1.6468902681793802,-0.0899321012635439,0.26758438425879194,2.693597779555824,False
2023-09-25,B_REPLICATION_2023,-0.034396033277647634,-3.1199999999999974,-0.08000000000000007,0.00022855066559175963,-1.0857736784770633,-0.4878598211748176,-0.0899321012635439,1.5840214517271944,-0.0899321012635439,-0.9958415772135194,2.6933505921807868,False
2023-09-26,B_REPLICATION_2023,-0.039918831236176615,-7.009999999999998,-0.040000000000000036,0.00024010668001811798,-1.2631573877998918,-1.5006265577406936,0.3147623544224116,1.5830612311309478,0.3147623544224116,-1.5779197422223035,2.69310340480575,False
2023-09-27,B_REPLICATION_2023,-0.03446115353457579,-0.7550000000000026,0.040000000000000036,-0.0016047695558724445,-1.0769740123571372,0.1503114440382206,1.059914050606077,1.3404077756476072,1.059914050606077,-2.136888062963214,2.6928562174307125,False
2023-09-28,B_REPLICATION_2023,0.017754238872074078,-1.1199999999999974,0.020000000000000462,-0.0035802978424750945,0.7037140697997535,0.05876492580144632,0.8672024050413404,1.077879105939545,0.8672024050413404,-0.1634883352415869,2.6926090300556758,False
2023-09-29,B_REPLICATION_2023,0.010364597114704091,0.5900000000000034,0.08000000000000007,-0.00467755922343336,0.4512258521238658,0.5148479761685266,1.4453373417355586,0.9336190467079144,0.9336190467079144,-0.4823931945840486,2.692361842680638,False
2023-09-30,B_REPLICATION_2023,0.015462605020398326,-3.4199999999999946,0.0699999999999994,-0.006657186407670573,0.6254138536629876,-0.5575969425951918,1.348981518953182,0.6676479531687903,0.6676479531687903,-0.0422340995058027,2.6921146553056015,False
2023-10-01,B_REPLICATION_2023,0.020084385179490023,0.39000000000000057,0.0699999999999994,-0.011257899591017702,0.7873941299368589,0.49578547578021875,1.3489815189531733,0.04245006115490859,0.49578547578021875,0.2916086541566401,2.6918674679305648,False
2023-10-02,B_REPLICATION_2023,0.0616638315317579,-1.7199999999999989,0.0699999999999994,-0.010452914422306893,2.2154452393663364,-0.09194410977256286,1.2590494176896345,0.15358482616666538,0.15358482616666538,2.061860413199671,2.691620280555527,False
2023-10-03,B_REPLICATION_2023,0.04356719460961148,-10.994999999999997,-0.03000000000000025,-0.01015378671575228,1.547550563593069,-2.668637352711737,0.3597284050541796,0.19645699315636853,0.19645699315636853,1.3510935704367006,2.6913730931804905,False
2023-10-04,B_REPLICATION_2023,0.04773477280650995,-8.055,-0.11000000000000032,-0.00867455853664584,1.6739245455226899,-1.8211250505867982,-0.3854232911294848,0.3919544162866418,-0.3854232911294848,2.059347836652175,2.691125905805453,False
2023-10-05,B_REPLICATION_2023,0.014186769005898006,-1.654999999999994,0.04999999999999982,-0.0102055727379494,0.528998234784713,-0.04974120645107445,1.1562698733884453,0.14707344519528842,0.14707344519528842,0.38192478958942455,2.690878718430416,False
2023-10-06,B_REPLICATION_2023,0.03663167575665044,-5.909999999999997,0.009999999999999787,-0.009205616452593808,1.2354401459001327,-1.1712396079013438,0.7708465822589635,0.2887542041172829,0.2887542041172829,0.9466859417828498,2.690631531055379,False
2023-10-07,B_REPLICATION_2023,0.03348019657287476,-4.030000000000001,-0.04999999999999982,-0.004108602123772641,1.116067593730853,-0.6638897259288297,0.19271164556474515,1.0521692865314483,0.19271164556474515,0.9233559481661079,2.690384343680342,False
2023-10-08,B_REPLICATION_2023,0.029093672176727276,-2.239999999999995,-0.04999999999999982,-0.00051538494640507,0.9759674886027645,-0.18218618329457073,0.19271164556474515,1.6177777063327636,0.19271164556474515,0.7832558430380193,2.690137156305305,False
2023-10-09,B_REPLICATION_2023,-0.021520561349882398,-7.564999999999998,-0.04999999999999982,0.0011974835797796777,-0.6405878517216735,-1.6166151269218578,0.19271164556474515,1.8989027757581038,0.19271164556474515,-0.8332994972864187,2.6898899689302675,False
2023-10-10,B_REPLICATION_2023,0.0017257052947952354,-6.240000000000002,-0.04999999999999982,0.0007236997242448746,0.10741560588374953,-1.2482809947427573,0.1927116455647421,1.8245701857313323,0.1927116455647421,-0.08529603968099257,2.6896427815552304,False
2023-10-11,B_REPLICATION_2023,-0.03104585401932236,-1.7750000000000057,0.16000000000000014,0.0005653851587508069,-0.9598049624065504,-0.025688612909755024,2.3347757058804928,1.8062900703079292,1.8062900703079292,-2.7660950327144795,2.6893955941801937,True
2023-10-12,B_REPLICATION_2023,-0.028578077237997948,-10.120000000000005,0.16000000000000014,-0.0032545190855353106,-0.8826667959819118,-2.246521697900266,2.1198281012121587,1.1926749104166916,1.1926749104166916,-2.0753417063986035,2.6940921543058978,False
2023-10-13,B_REPLICATION_2023,-0.03954829705746613,-5.030000000000001,-0.009999999999999787,-0.003204945210436738,-1.2531904114763772,-0.8819750583858149,0.48177911391185735,1.1252179159558309,0.48177911391185735,-1.7349695253882347,2.693844966930861,False
2023-10-14,B_REPLICATION_2023,-0.036977675831098636,-2.684999999999995,-0.009999999999999787,-0.006079636863731268,-1.1606815299370925,-0.2451501885755535,0.48177911391185735,0.6481543715076168,0.48177911391185735,-1.64246064384895,2.693597779555824,False
2023-10-15,B_REPLICATION_2023,-0.035825807836573346,-13.305,-0.009999999999999787,-0.006231550858823932,-1.1018372620584382,-3.02373748636106,0.48177911391185524,0.6170806465405042,0.48177911391185524,-1.5836163759702935,2.6933505921807868,False
2023-10-16,B_REPLICATION_2023,0.024688847644454157,-2.5350000000000037,-0.009999999999999787,-0.005580321671854346,0.9109618958032611,-0.19704950348693645,0.4817791139118562,0.6966545666724693,0.4817791139118562,0.42918278189140496,2.69310340480575,False
2023-10-17,B_REPLICATION_2023,0.041137917423407715,3.210000000000001,-0.009999999999999787,-0.00398805295388649,1.4447890671022947,1.2953582114469122,0.46695514117610404,0.9007808436816953,0.9007808436816953,0.5440082234205994,2.6928562174307125,False
2023-10-18,B_REPLICATION_2023,0.06058482875840913,-6.18,-0.23000000000000043,-0.004294567512490987,2.0965109355934026,-1.12801654235293,-2.0234722784297756,0.8601541135490438,-1.12801654235293,3.2245274779463324,2.6926090300556758,True
2023-10-19,B_REPLICATION_2023,0.07044080902371144,2.8299999999999983,-0.20000000000000018,-0.002930896031528371,2.3847451839116682,1.164694426200023,-1.6862268986914781,1.051983044643911,1.051983044643911,1.3327621392677573,2.727702519743903,False
2023-10-20,B_REPLICATION_2023,0.09586867407058546,2.4549999999999983,-0.08000000000000007,-0.000685306717970476,3.1722141850936656,1.0725508798234389,-0.3113034274507391,1.36834585279401,1.0725508798234389,2.0996633052702265,2.7249222549053242,False
2023-10-21,B_REPLICATION_2023,0.10365438793273243,1.7850000000000037,-0.03000000000000025,0.003128714444209205,3.3611824440360594,0.9079210769639432,0.20753561830048659,1.9151555774277425,0.9079210769639432,2.453261367072116,2.7221419900667456,False
2023-10-22,B_REPLICATION_2023,0.10360295680300495,5.795000000000002,-0.03000000000000025,0.0025178138494649526,3.3340328832934185,1.8932427328842156,0.20753561830048659,1.8225665258701746,1.8225665258701746,1.5114663574232439,2.719361725228161,False
2023-10-23,B_REPLICATION_2023,0.10546660515972883,3.989999999999995,-0.03000000000000025,0.0028543108703330405,3.361290485287104,1.4497251296582556,0.22483025315885843,1.8742436724300282,1.4497251296582556,1.9115653556288486,2.7165814603895826,False
2023-10-24,B_REPLICATION_2023,0.1716876250714933,-0.46999999999999886,0.040000000000000036,0.001914525285692171,5.0,0.32504844014559275,1.011736139214883,1.7434121311206194,1.011736139214883,3.988263860785117,2.7138011955509977,True
2023-10-25,B_REPLICATION_2023,0.19580045793692596,3.479999999999997,0.17000000000000082,0.0041619185046827675,5.0,1.3306151039064096,2.4731327847475026,2.0761990418092005,2.0761990418092005,2.9238009581907995,2.753750819835865,False
2023-10-26,B_REPLICATION_2023,0.16557449303201094,0.9350000000000023,0.11000000000000032,-0.0023872546636364805,5.0,0.6658116504392134,1.7986420252709072,1.1295998178794642,1.1295998178794642,3.8704001821205356,2.7634976904763104,False
2023-10-27,B_REPLICATION_2023,0.1384186232185329,6.550000000000004,0.1200000000000001,0.0025816404960561003,4.3718197089156305,2.0519893509811853,1.9110571518503365,1.8501454103027182,1.9110571518503365,2.4607625570652942,2.766990199751043,False
2023-10-28,B_REPLICATION_2023,0.13355943282814997,1.875,0.08000000000000007,0.003609151876473577,4.219645833717479,0.858987343773923,1.4613966455326097,1.8946398763053847,1.4613966455326097,2.758249188184869,2.766766407991902,False
2023-10-29,B_REPLICATION_2023,0.14112198709534832,4.375,0.08000000000000007,0.0028510579650319794,4.456480181989475,1.423663582121045,1.4613966455326097,1.7049798506757234,1.4613966455326097,2.9950835364568653,2.766542616232761,True
2023-10-30,B_REPLICATION_2023,0.09896232829933652,5.899999999999999,0.08000000000000007,0.0014504365131973054,3.136178209727108,1.7632864424544534,1.4613966455326097,1.4632150693706378,1.4632150693706378,1.67296314035647,2.7717583053425905,False
2023-10-31,B_REPLICATION_2023,0.014238031051819176,2.240000000000002,0.019999999999999574,0.006020060322699892,0.444101337063087,0.8989293222989468,0.7263746640517122,2.05562794913516,0.8989293222989468,-0.4548279852358598,2.7705708678972982,False
2023-11-01,B_REPLICATION_2023,-0.0006411433807473004,7.1200000000000045,-0.05000000000000071,0.0036303049624120723,-0.03238915462973473,2.0293170857042817,-8.55811624077521e-15,1.7066465079802258,1.7066465079802258,-1.7390356626099606,2.7703470761381572,False
2023-11-02,B_REPLICATION_2023,0.02550166229048476,7.134999999999998,0.1299999999999999,0.0025514427400928747,0.7775450934036106,1.9405614541751859,1.8678205647044162,1.563524292741801,1.8678205647044162,-1.0902754713008056,2.7701232843790162,False
2023-11-03,B_REPLICATION_2023,0.023190774746519188,0.4399999999999977,0.03999999999999915,0.0032639215988010326,0.6691625366175014,0.4224300692817553,0.9339102823521989,1.6185650633470778,0.9339102823521989,-0.2647477457346975,2.7698994926198752,False
2023-11-04,B_REPLICATION_2023,0.016254108955220635,9.89,0.16000000000000014,0.003575891992082807,0.45541414349726583,2.4539639902550867,2.179123992155155,1.6184505098328328,2.179123992155155,-1.7237098486578892,2.7696757008607342,False
2023-11-05,B_REPLICATION_2023,0.016073171205463938,8.650000000000006,0.16000000000000014,0.007682448425999234,0.4450866882985843,2.151392939709832,2.179123992155155,2.07825971211127,2.151392939709832,-1.706306251411248,2.7694519091015937,False
2023-11-06,B_REPLICATION_2023,0.014639964860677687,4.939999999999998,0.16000000000000014,0.007476625325699875,0.40796166822949986,1.3365770911927024,2.179123992155155,1.977959603823182,1.977959603823182,-1.569997935593682,2.7692281173424522,False
2023-11-07,B_REPLICATION_2023,0.007184748006367192,4.380000000000003,0.10000000000000053,0.005907977378575,0.1811957916758466,1.2108886820244462,1.445337341735577,1.736692698564067,1.445337341735577,-1.2641415500597304,2.7690043255833117,False
2023-11-08,B_REPLICATION_2023,0.02713397576167341,5.399999999999999,0.16000000000000014,0.006331074443099398,0.7683397256880657,1.4211195680950728,2.02347227842979,1.7465207718922164,1.7465207718922164,-0.9781810462041507,2.76878053382417,False
2023-11-09,B_REPLICATION_2023,0.04765642865391389,6.560000000000002,0.020000000000000462,0.008491444991000768,1.368446394251643,1.6426373598137503,0.6744907594765994,1.9965086697867636,1.6426373598137503,-0.2741909655621073,2.7685567420650297,False
2023-11-10,B_REPLICATION_2023,0.0753101793010768,5.690000000000005,-0.04999999999999982,0.007697651601633602,2.212466167461655,1.4652202892938297,0.0,1.893371156790424,1.4652202892938297,0.7472458781678251,2.768332950305889,False
2023-11-11,B_REPLICATION_2023,0.06783815118977062,3.469999999999999,-0.20999999999999996,0.01123776437670261,1.9788062948610168,1.012500867967134,-1.541693164517927,2.2503006962409065,1.012500867967134,0.9663054268938829,2.7681091585467477,False
2023-11-12,B_REPLICATION_2023,0.0598366845436756,-3.555000000000007,-0.20999999999999996,0.01537347539087622,1.715656741030813,-0.41662697586860375,-1.541693164517927,2.7017452001475477,-0.41662697586860375,2.132283716899417,2.767885366787607,False
2023-11-13,B_REPLICATION_2023,0.05265402878610337,2.240000000000002,-0.20999999999999996,0.017612759228623046,1.4802096074620708,0.7553892013928291,-1.541693164517927,2.8216886102382595,0.7553892013928291,0.7248204060692417,2.7676615750284657,False
2023-11-14,B_REPLICATION_2023,0.04497483687714884,1.3299999999999983,-0.08999999999999986,0.017755979581163813,1.2374132100854573,0.5628300968339375,-0.38542329112948176,2.678410135469345,0.5628300968339375,0.6745831132515199,2.767437783269325,False
2023-11-15,B_REPLICATION_2023,0.026906088234733328,0.8099999999999952,0.11000000000000032,0.01860446028782533,0.6924311183928561,0.45437251761147784,1.541693164517927,2.6059892551220485,1.541693164517927,-0.849262046125071,2.767213991510184,False
2023-11-16,B_REPLICATION_2023,0.0062279037153593385,-1.9699999999999989,0.02999999999999936,0.01686968586120585,0.08848862748168067,-0.11670963703302804,0.770846582258955,2.3923521914584667,0.770846582258955,-0.6823579547772743,2.766990199751043,False
2023-11-17,B_REPLICATION_2023,-0.03813407126654449,2.6799999999999997,0.20000000000000018,0.01901907293700266,-1.2037213981051498,0.832006565581907,2.4088955695592587,2.558698007506603,2.4088955695592587,-3.612616967664408,2.766766407991902,True
2023-11-18,B_REPLICATION_2023,-0.012351555242089692,-1.5399999999999991,0.16000000000000014,0.020028824778474674,-0.4519571649191411,-0.029609341375832137,2.023472278429777,2.6921199506943285,2.023472278429777,-2.475429443348918,2.7729457427878828,False
2023-11-19,B_REPLICATION_2023,-0.014986981654122834,-4.07,0.16000000000000014,0.019748735421224736,-0.5294750131655854,-0.5374848239579115,2.023472278429777,2.5886429813620366,2.023472278429777,-2.5529472915953626,2.7717583053425905,False
2023-11-20,B_REPLICATION_2023,0.01017924758332441,1.2149999999999963,0.16000000000000014,0.016227028720772203,0.20842571795509568,0.5234329331354824,2.023472278429777,2.26183924032208,2.023472278429777,-1.8150465604746813,2.7705708678972982,False
2023-11-21,B_REPLICATION_2023,0.025208617540330637,3.8699999999999974,0.1299999999999999,0.016832317825422462,0.6428704757005721,1.0564010779004709,1.6862268986914901,2.252755347763238,1.6862268986914901,-1.043356422990918,2.7703470761381572,False
2023-11-22,B_REPLICATION_2023,0.0026869181779612893,-1.2249999999999943,-0.0600000000000005,0.020750440661022985,-0.03229254690681271,0.021950882704860942,-0.19271164556474515,2.5768373902941195,0.021950882704860942,-0.05424342961167365,2.7701232843790162,False
2023-11-23,B_REPLICATION_2023,0.014118998518713595,6.109999999999999,0.010000000000000675,0.021749994341701346,0.3036876554285518,1.4856756521607275,0.4817791139118586,2.6536721061645347,1.4856756521607275,-1.1819879967321758,2.7698994926198752,False
2023-11-24,B_REPLICATION_2023,0.047414936567845345,5.280000000000001,0.010000000000000675,0.019605692123622353,1.2957240576937528,1.2663020065012216,0.4817791139118586,2.4093963720311473,1.2663020065012216,0.029422051192531162,2.7696757008607342,False
2023-11-25,B_REPLICATION_2023,0.02862651533266504,4.480000000000004,-0.08999999999999986,0.02571384326436638,0.7221973375025407,1.1084018985251562,-0.4817791139118501,2.8952266024082114,1.1084018985251562,-0.3862045610226156,2.7694519091015937,False
2023-11-26,B_REPLICATION_2023,0.01812191709172793,3.1499999999999986,-0.08999999999999986,0.027438868546824247,0.40463337291209545,0.8336456508385208,-0.4817791139118501,3.03860987654386,0.8336456508385208,-0.4290122779264254,2.7692281173424522,False
2023-11-27,B_REPLICATION_2023,-0.004226475496848421,4.6200000000000045,-0.08999999999999986,0.027334913979966256,-0.2499449192286163,1.0952826219832796,-0.4817791139118501,3.0542081718592327,1.0952826219832796,-1.345227541211896,2.7690043255833117,False
2023-11-28,B_REPLICATION_2023,0.0181901497509416,3.1499999999999986,0.040000000000000036,0.028482594091735102,0.42031143588177905,0.812411839145479,0.7708465822589635,3.133049683314307,0.812411839145479,-0.39210040326369994,2.76878053382417,False
2023-11-29,B_REPLICATION_2023,0.03482667328262873,2.0,0.15999999999999925,0.027168551873887788,0.9061827912311555,0.5933240319111495,1.9271164556473839,2.8698787322280297,1.9271164556473839,-1.0209336644162283,2.7685567420650297,False
2023-11-30,B_REPLICATION_2023,0.01546283257817484,3.4550000000000054,0.22000000000000064,0.02843727259653173,0.3407302576489918,0.8719724952780893,2.5052513923416155,2.959664573122562,2.5052513923416155,-2.164521134692624,2.768332950305889,False
2023-12-01,B_REPLICATION_2023,0.028120748155964704,1.4000000000000057,0.15999999999999925,0.030529111258902168,0.7100792448919274,0.4669928749248875,1.9271164556473839,3.0399260527883274,1.9271164556473839,-1.2170372107554566,2.7681091585467477,False
2023-12-02,B_REPLICATION_2023,0.026397730987532755,2.0,0.3600000000000003,0.0321028002037753,0.6395164404986419,0.5565658937012432,3.854232911294789,3.1658865688926667,3.1658865688926667,-2.5263701283940247,2.767885366787607,False
2023-12-03,B_REPLICATION_2023,0.0634898779669183,0.8549999999999969,0.3600000000000003,0.031229624178979613,1.7356585788076633,0.31887689500309585,3.854232911294789,3.052439768192584,3.052439768192584,-1.3167811893849206,2.7676615750284657,False
2023-12-04,B_REPLICATION_2023,0.11589852271028285,4.780000000000001,0.3600000000000003,0.03265981756380801,3.286661056638101,1.0916757847824896,3.854232911294789,3.169132456080657,3.169132456080657,0.11752860055744385,2.767437783269325,False
2023-12-05,B_REPLICATION_2023,0.12019501014923986,-3.3399999999999963,0.20000000000000018,0.030582450665547354,3.453620912493301,-0.5522146568814227,2.3125397467768525,2.9687186681758515,2.3125397467768525,1.1410811657164484,2.767213991510184,False
2023-12-06,B_REPLICATION_2023,0.14953599305304535,-2.0899999999999963,0.16000000000000014,0.0278610328693672,4.455338828113996,-0.3163269825079337,1.9271164556473757,2.707307699850926,1.9271164556473757,2.5282223724666206,2.766990199751043,False
2023-12-07,B_REPLICATION_2023,0.14840442169214949,0.7199999999999989,0.040000000000000036,0.02950404052544333,4.399530811706307,0.26270737463385097,0.6744907594765872,2.7906410621398967,0.6744907594765872,3.72504005222972,2.766766407991902,True
2023-12-08,B_REPLICATION_2023,0.1217226072392721,1.490000000000002,0.15000000000000036,0.029388848202427976,3.5713420848209507,0.3998876223735391,1.517604208822343,2.768217752166326,1.517604208822343,2.053737875998608,2.7729457427878828,False
2023-12-09,B_REPLICATION_2023,0.12729253868945375,0.4799999999999969,-0.15000000000000036,0.026580829754175618,3.754780617555124,0.1932960629887431,-1.0117361392148927,2.5387031230553236,0.1932960629887431,3.561484554566381,2.7717583053425905,False
2023-12-10,B_REPLICATION_2023,0.09978212867320553,-4.934999999999995,-0.15000000000000036,0.02838036467545307,2.8005215892251902,-0.9184119818195329,-1.0117361392148927,2.7103476964220006,-0.9184119818195329,3.7189335710447233,2.7943196168031665,True
2023-12-11,B_REPLICATION_2023,0.0038440236282183595,-5.409999999999997,-0.15000000000000036,0.029812684728911097,-0.1455681062814375,-1.015571378559907,-1.0117361392148927,2.7879670166387593,-1.0117361392148927,0.8661680329334552,2.856458698011815,False
2023-12-12,B_REPLICATION_2023,-0.03264955462866287,-2.9499999999999957,-0.07000000000000028,0.02724972235525766,-1.272256288337099,-0.5085325364902535,-0.3372453797382976,2.539411200045289,-0.3372453797382976,-0.9350109085988013,2.853188220053468,False
2023-12-13,B_REPLICATION_2023,-0.046278774677388425,-7.510000000000005,-0.16000000000000014,0.025184381717550566,-1.692257972129348,-1.4451181852015615,-1.0960474841494654,2.328471864840616,-1.0960474841494654,-0.5962104879798826,2.8499177420951134,False
2023-12-14,B_REPLICATION_2023,-0.02525049001971438,-3.769999999999996,0.13999999999999968,0.020100769681932234,-1.0442447379229138,-0.6801157771826161,1.433292863887763,1.8686978415362006,1.433292863887763,-2.4775376018106767,2.846647264136766,False
2023-12-15,B_REPLICATION_2023,-0.04733834304371355,-3.1999999999999957,0.20999999999999996,0.022111548259350015,-1.707939049102285,-0.5635245010941674,2.0234722784297854,1.9317638441036666,1.9317638441036666,-3.6397028932059516,2.843376786178419,True
2023-12-16,B_REPLICATION_2023,-0.03276207105029531,-0.595000000000006,0.2699999999999996,0.024717668893197306,-1.2163456040662994,-0.03161675435046661,2.5293403480372283,2.0704853880252796,2.0704853880252796,-3.286830992091579,2.8882252288639916,False
2023-12-17,B_REPLICATION_2023,-0.03997920365539223,-2.585000000000001,0.2699999999999996,0.024014547861418774,-1.4365192210742188,-0.4630024780368605,2.5293403480372283,2.0158349652558787,2.0158349652558787,-3.4523541863300977,2.9156238608604905,False
2023-12-18,B_REPLICATION_2023,-0.007163888334967782,-0.20999999999999375,0.2699999999999996,0.022662086292646322,-0.416478508014918,0.051007346251650584,2.5293403480372283,1.8985230879425414,1.8985230879425414,-2.3150015959574595,2.9312088826164207,False
2023-12-19,B_REPLICATION_2023,0.02377644078837081,6.309999999999995,0.28000000000000025,0.02079516469041145,0.5569320066255404,1.4761396129528763,2.6136516929718083,1.722525103695273,1.722525103695273,-1.1655930970697326,2.930591555580953,False
2023-12-20,B_REPLICATION_2023,0.042583746350786114,1.9950000000000045,0.3200000000000003,0.01918304417606069,1.1439812586418765,0.48680167083314757,2.950897072710106,1.5526880931030855,1.5526880931030855,-0.40870683446120903,2.929974228545485,False
2023-12-21,B_REPLICATION_2023,0.02482006441831491,3.8299999999999983,0.1200000000000001,0.02277817563124646,0.5939983976690164,0.8682790064132069,1.264670174018618,1.734910452239898,1.264670174018618,-0.6706717763496015,2.9293569015100154,False
2023-12-22,B_REPLICATION_2023,0.041156507755551415,1.6650000000000063,0.040000000000000036,0.021757450805253587,1.1100506624401254,0.40123829807134626,0.5157870513644585,1.614827264485848,0.5157870513644585,0.5942636110756669,2.9287395744745472,False
2023-12-23,B_REPLICATION_2023,0.027766039115313428,2.210000000000001,0.13000000000000078,0.020914837835322442,0.691600222319547,0.47062538522965025,1.0294858960432414,1.4859127107474213,1.0294858960432414,-0.3378856737236944,2.9281222474390782,False
2023-12-24,B_REPLICATION_2023,0.036189138312943035,2.3800000000000026,0.13000000000000078,0.02337022336696113,0.9548209998086876,0.442820194372144,0.9939863823865712,1.624670834850672,0.9939863823865712,-0.0391653825778836,2.92750492040361,False
2023-12-25,B_REPLICATION_2023,0.04720345160484772,-1.0450000000000017,0.13000000000000078,0.024737789482003367,1.2990168878281483,-0.3194668317391179,0.9442870632672477,1.6413944872727562,0.9442870632672477,0.35472982456090063,2.926887593368142,False
2023-12-26,B_REPLICATION_2023,-0.0004351665679316227,-0.914999999999992,0.13000000000000078,0.019332401368079895,-0.216507542807889,-0.2717608399832867,0.9442870632672404,1.2469631305356816,0.9442870632672404,-1.1607946060751295,2.926270266332673,False
2023-12-27,B_REPLICATION_2023,-0.014041099916355021,2.970000000000006,0.16999999999999993,0.01917690077864993,-0.6091854030074307,0.6468929378940824,1.2140833670578737,1.1828887382612636,1.1828887382612636,-1.7920741412686945,2.925652939297205,False
2023-12-28,B_REPLICATION_2023,-0.028152544123645113,-1.9549999999999983,0.20999999999999996,0.0170253467433552,-1.055848384292143,-0.49877391113398656,1.483879670848513,1.0247054399465425,1.0247054399465425,-2.0805538242386854,2.925035612261736,False
2023-12-29,B_REPLICATION_2023,-0.03702611832842727,-0.0350000000000108,0.08000000000000007,0.02171014639605486,-1.3208265049952745,-0.016558692949510193,0.6070416835289368,1.276370715159307,0.6070416835289368,-1.9278681885242115,2.9244182852262677,False
2023-12-30,B_REPLICATION_2023,-0.03207607468130561,-1.585000000000008,0.09999999999999964,0.01807489884432611,-1.1576843361320188,-0.3264380093111874,0.7419398354242535,1.0510858579464968,0.7419398354242535,-1.8996241715562723,2.9238009581907995,False
2023-12-31,B_REPLICATION_2023,-0.024825874719830943,0.045000000000001705,0.09999999999999964,0.018184355792089647,-0.8760857288414515,0.034916119841435535,0.6744907594765952,1.0172873958075679,0.6744907594765952,-1.5505764883180468,2.9226328014293252,False
2024-01-01,C_REPLICATION_2024,-0.018012507846299042,0.7399999999999949,0.09999999999999964,0.016685443471946986,-0.6520566254947542,0.1663592980588243,0.6070416835289368,0.8963644630052917,0.6070416835289368,-1.259098309023691,2.9214646446678536,False
2024-01-02,C_REPLICATION_2024,0.06933719318405863,4.290000000000006,0.09999999999999964,0.013376984680055905,1.8758348021042202,0.9314396202295859,0.6070416835289313,0.6934795438050001,0.6934795438050001,1.18235525829922,2.9202964879063793,False
2024-01-03,C_REPLICATION_2024,-0.0020828354901278267,5.7450000000000045,-0.020000000000000462,0.016901853643340858,-0.18904025225450524,1.2468873841440795,-0.20234722784298784,0.8590195397782892,0.8590195397782892,-1.0480597920327943,2.919128331144908,False
2024-01-04,C_REPLICATION_2024,0.03380199283589302,-1.7099999999999937,-0.07000000000000028,0.016998687885873807,0.8466125791066349,-0.4167449109421142,-0.5679922185066149,0.8582459714251666,-0.4167449109421142,1.2633574900487492,2.9179601743834365,False
2024-01-05,C_REPLICATION_2024,0.029457551155778517,-0.8499999999999943,-0.17999999999999972,0.022621485745022162,0.716387005912768,-0.19095682097764305,-1.3489815189531968,1.126883443322891,-0.19095682097764305,0.907343826890411,2.916792017621962,False
2024-01-06,C_REPLICATION_2024,0.03397154558120955,,-0.14000000000000057,0.0256799603264734,0.8361039418895233,,-1.0117361392149093,1.21756809737815,0.10291597908162031,0.733187962807903,2.9156238608604905,False
2024-01-07,C_REPLICATION_2024,0.030737856417146325,8.27000000000001,-0.14000000000000057,0.02861585270328978,0.721360271675573,1.8690640632438256,-1.0117361392149047,1.2964985651321896,1.2964985651321896,-0.5751382934566166,2.9144557040990167,False
2024-01-08,C_REPLICATION_2024,0.050547424999193076,-10.719999999999999,-0.14000000000000057,0.03159859231560432,1.2478021068271223,-2.365177101205945,-1.0117361392148974,1.381569878817259,-1.0117361392148974,2.2595382460420197,2.913287547337545,False
2024-01-09,C_REPLICATION_2024,0.03349625478479895,-5.39500000000001,-0.1299999999999999,0.029630559173745068,0.690693472871031,-1.1689673045807891,-0.9442870632672344,1.2571745622329713,-0.9442870632672344,1.6349805361382654,2.9121193905760734,False
2024-01-10,C_REPLICATION_2024,0.05252194624514647,-7.960000000000008,-0.03000000000000025,0.029220497385691085,1.2146924491030708,-1.742481576451692,-0.20234722784298095,1.2247200361008845,-0.20234722784298095,1.4170396769460518,2.9109512338145995,False
2024-01-11,C_REPLICATION_2024,0.04652797506770289,-9.560000000000002,-0.040000000000000036,0.029237592501958662,1.0474833014891172,-2.0560643790105573,-0.20234722784298095,1.2236524867418648,-0.20234722784298095,1.2498305293320982,2.909783077053128,False
2024-01-12,C_REPLICATION_2024,0.009165293672666306,-9.129999999999995,0.1200000000000001,0.034216047406880785,-0.012246734819135203,-1.9610501196903474,0.8768379873195761,1.4519902221459244,0.8768379873195761,-0.8890847221387113,2.9086149202916536,False
2024-01-13,C_REPLICATION_2024,-0.02251945389872809,-6.329999999999998,0.2600000000000007,0.041588021426917254,-0.8806947539179246,-1.3423526171401539,1.8211250505868166,1.7663192386698339,1.7663192386698339,-2.6470139925877585,2.907446763530182,False
2024-01-14,C_REPLICATION_2024,-0.022845848893647838,-9.14,0.2600000000000007,0.033462243096573495,-0.8806087873195566,-1.9501339091951007,1.8211250505868166,1.375384436189856,1.375384436189856,-2.2559932235094124,2.9062786067687107,False
2024-01-15,C_REPLICATION_2024,-0.05529946552022343,-6.439999999999998,0.2600000000000007,0.036813884378644086,-1.7594708003163764,-1.3434529061705964,1.8211250505868166,1.5146835573903217,1.5146835573903217,-3.2741543577066983,2.9051104500072364,True
2024-01-16,C_REPLICATION_2024,-0.08108853465436099,-4.844999999999999,0.2600000000000007,0.03608328824297684,-2.4578531554583414,-0.9550311638606649,1.8211250505868166,1.4685666546836338,1.4685666546836338,-3.926419810141975,2.925652939297205,False
2024-01-17,C_REPLICATION_2024,-0.06734044809838262,-8.100000000000001,0.14000000000000057,0.03249714150060165,-2.0855473146496033,-1.6426593137492214,1.0117361392148987,1.3032185030206254,1.0117361392148987,-3.097283453864502,2.9384321007212733,False
2024-01-18,C_REPLICATION_2024,-0.092345505851522,-6.784999999999997,0.020000000000000462,0.03268138651943249,-2.7626982049460684,-1.3086899840581558,0.13489815189532262,1.3169640068575867,0.13489815189532262,-2.897596356841391,2.959634235379426,False
2024-01-19,C_REPLICATION_2024,-0.07690121346044652,-2.5250000000000057,0.03000000000000025,0.037029400093198335,-2.3169860266707487,-0.40873395905240595,0.13489815189532262,1.5165851931931882,0.13489815189532262,-2.4518841785660714,2.958993517111224,False
2024-01-20,C_REPLICATION_2024,-0.03153859940177969,-6.660000000000004,-0.1299999999999999,0.028843292208308998,-1.0968694336879223,-1.2718512664893855,-0.9442870632672333,1.1583934112550311,-0.9442870632672333,-0.152582370420689,2.9578512162006696,False
2024-01-21,C_REPLICATION_2024,-0.03129673608339226,-2.8999999999999986,-0.1299999999999999,0.02745514709470336,-1.0904319942240663,-0.46413755132330425,-0.9442870632672333,1.0904690774468966,-0.46413755132330425,-0.6262944429007621,2.956708915290118,False
2024-01-22,C_REPLICATION_2024,-0.0482743245548039,-2.1850000000000023,-0.1299999999999999,0.029231156459902097,-1.5423078667443322,-0.2909063199269289,-0.9442870632672333,1.163587721718061,-0.2909063199269289,-1.2514015468174033,2.955566614379564,False
2024-01-23,C_REPLICATION_2024,-0.0955728749656773,-6.010000000000005,-0.23000000000000043,0.024488709693108915,-2.801207136911416,-1.0837792698710622,-1.6187778227438316,0.9439498826484123,-1.0837792698710622,-1.717427867040354,2.9544243134690125,False
2024-01-24,C_REPLICATION_2024,-0.05259290951178738,-5.380000000000003,-0.08999999999999986,0.024298635742285295,-1.651092811216605,-0.94062703589023,-0.6423721518824722,0.9341346070383322,-0.6423721518824722,-1.008720659334133,2.9532820125584607,False
2024-01-25,C_REPLICATION_2024,-0.054843000984151874,-2.740000000000002,-0.0,0.03069158567871283,-1.6752614693833912,-0.36442171502035603,-0.06744907594766102,1.1982980961954894,-0.06744907594766102,-1.6078123934357302,2.9521397116479062,False
2024-01-26,C_REPLICATION_2024,0.03803817527519555,-2.5999999999999943,0.05999999999999961,0.02974811508030041,0.7365745491290843,-0.3354336240528262,0.3372453797382931,1.1559582407586972,0.3372453797382931,0.39932916939079116,2.9509974107373544,False
2024-01-27,C_REPLICATION_2024,0.005913383572084407,4.240000000000002,0.04999999999999982,0.033530384748669734,-0.11317773130833696,1.0854050090141127,0.2697963037906309,1.3125275112416324,1.0854050090141127,-1.1985827403224496,2.9498551098268004,False
2024-01-28,C_REPLICATION_2024,0.016806257086450112,-0.894999999999996,0.04999999999999982,0.031705794178589666,0.16967640281341756,0.017599912373142318,0.22483025315886315,1.2187000728876654,0.22483025315886315,-0.05515385034544559,2.9487128089162487,False
2024-01-29,C_REPLICATION_2024,0.06407935198681793,-2.4499999999999957,0.04999999999999982,0.033633566423350886,1.3087330796501075,-0.30625526376234563,0.1927116455647431,1.2971427477684903,0.1927116455647431,1.1160214340853645,2.947570508005697,False
2024-01-30,C_REPLICATION_2024,0.10132075459262527,1.4799999999999969,0.08000000000000007,0.0333547443494235,2.088755234160132,0.53969791449142,0.38542329112948337,1.286460007060013,0.53969791449142,1.549057319668712,2.946428207095143,False
2024-01-31,C_REPLICATION_2024,0.07856323262382942,-0.6899999999999977,-0.05000000000000071,0.03649981603764528,1.5202685899220385,0.06103036513204747,-0.4496605063177377,1.4263429597207993,0.06103036513204747,1.459238224789991,2.9452859061845915,False
2024-02-01,C_REPLICATION_2024,0.07160699059396711,-1.8299999999999983,0.07000000000000028,0.03715408589003895,1.3353303861287413,-0.19837963514017623,0.3211860759412347,1.4802376897815923,0.3211860759412347,1.0141443101875067,2.944143605274037,False
2024-02-02,C_REPLICATION_2024,0.029474705662873753,-0.4750000000000014,0.08000000000000007,0.033395838159278365,0.3480119967151313,0.0922197222813772,0.3854232911294805,1.2677605326659296,0.3854232911294805,-0.037411294414349205,2.9430013043634853,False
2024-02-03,C_REPLICATION_2024,0.030268297907732552,-4.664999999999999,-0.020000000000000462,0.035103001763607596,0.36113359412296825,-0.806386408786011,-0.2569488607529946,1.335422376309412,-0.2569488607529946,0.6180824548759629,2.941859003452934,False
2024-02-04,C_REPLICATION_2024,0.014099533185019655,3.219999999999999,-0.020000000000000462,0.03079583578225504,-0.02186722860595356,0.8838880467399995,-0.2569488607529918,1.1167760909338469,0.8838880467399995,-0.9057552753459531,2.9407167025423795,False
2024-02-05,C_REPLICATION_2024,-0.010665702245482397,-0.6799999999999997,-0.020000000000000462,0.025253676928946672,-0.5805255184565474,0.04794958005757655,-0.2569488607529889,0.8484901938052325,0.04794958005757655,-0.628475098514124,2.9395744016318277,False
2024-02-06,C_REPLICATION_2024,-0.007698000582622629,3.0549999999999997,-0.16999999999999993,0.022684493720980418,-0.5083794160645593,0.8465874508802891,-1.1883884809825729,0.7092188122802429,0.7092188122802429,-1.2175982283448021,2.9384321007212733,False
2024-02-07,C_REPLICATION_2024,-0.005399508548896994,-2.7449999999999974,-0.02999999999999936,0.018669188809079026,-0.455426348105897,-0.3921210102486367,-0.2697963037906369,0.501436550068872,-0.2697963037906369,-0.1856300443152601,2.937289799810722,False
2024-02-08,C_REPLICATION_2024,0.05490973598002499,0.740000000000002,-0.14000000000000057,0.02172696301474161,0.9339887454496528,0.3505647075320677,-1.0117361392148974,0.6049415231346171,0.3505647075320677,0.5834240379175851,2.93614749890017,False
2024-02-09,C_REPLICATION_2024,0.0897813329912206,-0.1700000000000017,-0.2599999999999998,0.0219510058768469,1.7209492737494085,0.15663529485475242,-1.8211250505868057,0.5402762204049986,0.15663529485475242,1.564313978894656,2.935530171864701,False
2024-02-10,C_REPLICATION_2024,0.09204453301866229,,-0.1200000000000001,0.024371944451417934,1.7321434086826584,,-0.8768379873195753,0.6083657111781119,-0.1342361380707317,1.8663795467533901,2.934912844829233,False
2024-02-11,C_REPLICATION_2024,0.11418700282063524,3.969999999999999,-0.1200000000000001,0.02260363846780476,2.2043596300647414,1.0422004603639923,-0.8768379873195753,0.39906450044150543,0.39906450044150543,1.805295129623236,2.9342955177937635,False
2024-02-12,C_REPLICATION_2024,0.14845969745747156,4.614999999999995,-0.1200000000000001,0.02219923097966011,2.9177161867287236,1.1800915981967661,-0.8768379873195753,0.31955991834906644,0.31955991834906644,2.598156268379657,2.9336781907582954,False
2024-02-13,C_REPLICATION_2024,0.11606078461057244,3.9849999999999994,-0.0,0.028692170530649215,2.178436944229174,1.0454072310112663,-0.06744907594766102,0.6185754684505362,0.6185754684505362,1.5598614757786378,2.9330608637228277,False
2024-02-14,C_REPLICATION_2024,0.17637779782327534,4.809999999999995,-0.25,0.02095221097072809,3.475228046247662,1.2062293440521603,-1.7536759746391477,0.21041213030711187,0.21041213030711187,3.26481591594055,2.9324435366873582,True
2024-02-15,C_REPLICATION_2024,0.14820497167821436,1.2049999999999983,-0.14999999999999947,0.02112406424305167,2.8855192266054943,0.4382344183933135,-1.0791852151625494,0.21543646597958713,0.21543646597958713,2.670082760625907,2.9509974107373544,False
2024-02-16,C_REPLICATION_2024,0.09603356214641914,3.9299999999999997,-0.09999999999999964,0.03049196273692134,1.7556641750700521,1.0194309590515624,-0.7419398354242532,0.6903693939548042,0.6903693939548042,1.0652947811152478,2.9498551098268004,False
2024-02-17,C_REPLICATION_2024,0.07541704719100767,2.470000000000006,-0.15999999999999925,0.02945808833685486,1.2921367973766487,0.7095154566642066,-1.1466342911102074,0.6315740384745699,0.6315740384745699,0.6605627589020787,2.9487128089162487,False
2024-02-18,C_REPLICATION_2024,0.07471105152543175,4.350000000000001,-0.15999999999999925,0.02804595541674702,1.271366222709303,1.1016506618816295,-1.0920326582001985,0.5557145121927789,0.5557145121927789,0.7156517105165241,2.947570508005697,False
2024-02-19,C_REPLICATION_2024,0.043287364129488005,4.659999999999997,-0.15999999999999925,0.034123393284481295,0.5303857944616156,1.1570915121873662,-1.0423948101001905,0.8609459331295238,0.8609459331295238,-0.33056013866790823,2.946428207095143,False
2024-02-20,C_REPLICATION_2024,0.05846554067676433,2.144999999999996,-0.15999999999999925,0.032087079580703566,0.8287079256113534,0.6129854718308354,-1.0423948101001905,0.7547342326623266,0.6129854718308354,0.21572245378051802,2.9452859061845915,False
2024-02-21,C_REPLICATION_2024,-0.004565347124172827,-0.14000000000000057,-0.1299999999999999,0.030477096457920305,-0.6105022998234768,0.13016488340776405,-0.8672024050413318,0.6702921411069981,0.13016488340776405,-0.7406671832312408,2.944143605274037,False
2024-02-22,C_REPLICATION_2024,-0.0151571535525218,-1.5200000000000031,-0.0,0.03326945349011933,-0.8470161219524195,-0.16324928093553456,-0.03065867088529904,0.8217887164104918,-0.03065867088529904,-0.8163574510671204,2.9430013043634853,False
2024-02-23,C_REPLICATION_2024,-0.01916791520981285,-0.09000000000000341,-0.13000000000000078,0.03241003938191322,-0.936575969522442,0.12947356763852624,-0.8672024050413375,0.766342063732651,0.12947356763852624,-1.0660495371609682,2.941859003452934,False
2024-02-24,C_REPLICATION_2024,0.005163554163689784,2.280000000000001,-0.11000000000000032,0.029069035212179434,-0.3794617654906707,0.6249578443275322,-0.7387279746648407,0.5752297842640702,0.5752297842640702,-0.9546915497547409,2.9407167025423795,False
2024-02-25,C_REPLICATION_2024,-0.00885699076298526,1.4199999999999946,-0.11000000000000032,0.034810426133172055,-0.6815563153042077,0.44231545422250035,-0.7387279746648407,0.9030561192123904,0.44231545422250035,-1.123871769526708,2.9395744016318277,False
2024-02-26,C_REPLICATION_2024,0.030720293660428895,-0.8049999999999997,-0.11000000000000032,0.03168722388713526,0.2042562172356675,-0.059562552758357395,-0.7051494303618943,0.7126736982593365,-0.059562552758357395,0.26381876999402487,2.9384321007212733,False
2024-02-27,C_REPLICATION_2024,0.10418598772143846,0.34499999999999886,-0.05000000000000071,0.030848222749033195,1.7840344620725048,0.21377005522121126,-0.3065867088530013,0.6626638628764403,0.21377005522121126,1.5702644068512936,2.937289799810722,False
2024-02-28,C_REPLICATION_2024,0.19516293252570813,4.890000000000001,-0.11000000000000032,0.03357855324089577,3.646861296655955,1.2026605396796377,-0.6744907594765952,0.826581738876797,0.826581738876797,2.8202795577791577,2.93614749890017,False
2024-02-29,C_REPLICATION_2024,0.1887283550305832,0.9500000000000028,-0.0,0.037237796473150654,3.3525705636473337,0.33248756110298633,0.032118607594122765,1.0174769355289173,0.33248756110298633,3.0200830025443475,2.935530171864701,True
2024-03-01,C_REPLICATION_2024,0.18498978829779744,2.085000000000001,0.05000000000000071,0.03823898071655563,3.142779604198451,0.5866110505655365,0.3533046835353619,1.047635775779913,0.5866110505655365,2.556168553632914,2.956708915290118,False
2024-03-02,C_REPLICATION_2024,0.18874841413701843,4.339999999999996,0.1299999999999999,0.043559270719236654,3.207220898932125,1.0994028043966522,0.8672024050413318,1.3521251449477762,1.0994028043966522,2.1078180945354728,2.955566614379564,False
2024-03-03,C_REPLICATION_2024,0.2014540026947857,8.075000000000003,0.1299999999999999,0.0472274321297476,3.4649359351252005,1.9526536042764455,0.8672024050413318,1.575085985073223,1.575085985073223,1.8898499500519774,2.9544243134690125,False
2024-03-04,C_REPLICATION_2024,0.22015818571348097,4.340000000000003,0.1299999999999999,0.04510951345076786,3.8321641535217834,1.082112887908194,0.8672024050413318,1.4236441963884499,1.082112887908194,2.7500512656135894,2.9532820125584607,False
2024-03-05,C_REPLICATION_2024,0.1382358152903478,3.3900000000000006,0.08000000000000007,0.04810727071004668,2.2167098244193597,0.8588478539330379,0.5460163291000985,1.6054911894324897,0.8588478539330379,1.3578619704863217,2.9521397116479062,False
2024-03-06,C_REPLICATION_2024,0.07221796287673674,4.50500000000001,0.16000000000000014,0.049879846076091736,0.9108742701886442,1.0569005164533023,1.0277954430119514,1.7170661326298369,1.0569005164533023,-0.1460262462646581,2.9509974107373544,False
2024-03-07,C_REPLICATION_2024,0.07931556373987514,3.5799999999999983,0.08999999999999986,0.05046373428439729,1.0279084790249158,0.8237809116537382,0.5518560759353937,1.7590777804322961,0.8237809116537382,0.20412756737117754,2.9498551098268004,False
2024-03-08,C_REPLICATION_2024,0.09886271334412934,3.3500000000000085,0.13999999999999968,0.05388622725838188,1.3812331339026724,0.7449913536808589,0.8993210126354546,1.9749666276116458,0.8993210126354546,0.48191212126721783,2.9487128089162487,False
2024-03-09,C_REPLICATION_2024,0.09626315397395287,2.430000000000007,0.05999999999999961,0.05500479944796426,1.2911089795555841,0.5427419807772778,0.3533046835353576,2.090038939045672,0.5427419807772778,0.7483669987783064,2.947570508005697,False
2024-03-10,C_REPLICATION_2024,0.09959373759593829,1.9449999999999932,0.05999999999999961,0.061060783518546116,1.347332676285229,0.4345429130638886,0.32118607594123183,2.473385799096182,0.4345429130638886,0.9127897632213403,2.946428207095143,False
2024-03-11,C_REPLICATION_2024,0.0858013066413483,1.289999999999992,0.05999999999999961,0.060926833837058145,1.0755028557599977,0.29168625170011037,0.3372453797382886,2.46681360104014,0.3372453797382886,0.7382574760217091,2.9452859061845915,False
2024-03-12,C_REPLICATION_2024,0.0737286184786879,-1.059999999999988,0.10000000000000053,0.0608477012660964,0.8190405493482548,-0.22913322451118445,0.5460163291001036,2.4643787853445125,0.5460163291001036,0.2730242202481512,2.944143605274037,False
2024-03-13,C_REPLICATION_2024,0.08442802171983269,1.0250000000000057,-0.040000000000000036,0.06396693447936298,0.9706112000395712,0.22157184369279703,-0.35330468353536043,2.6721978712079713,0.22157184369279703,0.7490393563467742,2.9430013043634853,False
2024-03-14,C_REPLICATION_2024,0.05820427953501045,-2.6599999999999966,-0.0600000000000005,0.06406793530979353,0.5018224203407476,-0.6376394431475753,-0.48177911391185774,2.688232983086219,-0.48177911391185774,0.9836015342526054,2.941859003452934,False
2024-03-15,C_REPLICATION_2024,0.0012260476272190804,-3.454999999999984,-0.17999999999999972,0.07253129689737459,-0.4659558547189998,-0.8247541950048785,-1.2526256961708186,3.259885911352733,-0.8247541950048785,0.35879834028587865,2.9407167025423795,False
2024-03-16,C_REPLICATION_2024,0.001210052356280803,-1.9350000000000023,-0.23999999999999932,0.073009439121271,-0.46622556151861666,-0.47571699261097666,-1.6380489873002992,3.354080871617423,-0.47571699261097666,0.009491431092360003,2.9395744016318277,False
2024-03-17,C_REPLICATION_2024,-0.02043924765106795,-1.8250000000000028,-0.23999999999999932,0.06542276491149451,-0.8387826751150637,-0.45643930792051074,-1.6380489873002992,2.8973836496596586,-0.45643930792051074,-0.3823433671945529,2.9384321007212733,False
2024-03-18,C_REPLICATION_2024,-0.07705842921480709,-3.674999999999997,-0.23999999999999932,0.0675507222828823,-1.7663803096973458,-0.8833432281470128,-1.6380489873002992,3.0483643766676876,-0.8833432281470128,-0.883037081550333,2.937289799810722,False
2024-03-19,C_REPLICATION_2024,-0.08176113124594597,-6.2250000000000085,-0.22000000000000064,0.0627330729153439,-1.7992813290169534,-1.4506635429948904,-1.5095745569238133,2.727858293794175,-1.4506635429948904,-0.34861778602206295,2.93614749890017,False
2024-03-20,C_REPLICATION_2024,-0.14562525354923828,-6.939999999999998,-0.09999999999999964,0.06614907785448852,-2.8001931891226475,-1.6122249811944744,-0.738727974664841,2.973944935219117,-0.738727974664841,-2.0614652144578063,2.935530171864701,False
2024-03-21,C_REPLICATION_2024,-0.06584183350164517,-7.560000000000002,0.020000000000000462,0.0695402409669556,-1.492442345731487,-1.7523202143185923,0.03211860759412575,3.2659025567828928,0.03211860759412575,-1.5245609533256128,2.934912844829233,False
2024-03-22,C_REPLICATION_2024,-0.07052350073422968,-4.810000000000002,0.05999999999999961,0.0662613361291303,-1.5540687012809673,-1.1309300673971059,0.24526936708239602,3.198003077228294,0.24526936708239602,-1.7993380683633633,2.9342955177937635,False
2024-03-23,C_REPLICATION_2024,-0.03774449638962846,-3.530000000000001,0.1299999999999999,0.06937706395931588,-1.0274331088562403,-0.8319463837914961,0.6744907594765952,3.524491243666586,0.6744907594765952,-1.7019238683328355,2.9336781907582954,False
2024-03-24,C_REPLICATION_2024,-0.04161676157137605,-0.22499999999999432,0.1299999999999999,0.06943844772632078,-1.0884580913377018,-0.09380335065568422,0.6744907594765952,3.5209728752332774,0.6744907594765952,-1.762948850814297,2.9330608637228277,False
2024-03-25,C_REPLICATION_2024,0.04415522698775021,-0.625,0.1299999999999999,0.0690909311629788,0.26326599096249903,-0.1831398750896716,0.6744907594765952,3.5252003705210893,0.6744907594765952,-0.4112247685140962,2.9324435366873582,False
2024-03-26,C_REPLICATION_2024,0.07067424387792934,-1.6099999999999994,0.1900000000000004,0.06339746649026083,0.6747584926243744,-0.40785789643392106,1.0423948101001976,3.070734574939848,1.0423948101001976,-0.36763631747582326,2.93182620965189,False
2024-03-27,C_REPLICATION_2024,0.09285834750505054,-3.220000000000013,0.1200000000000001,0.07405000534359389,1.015652413239712,-0.7794876289721092,0.6102535442883469,3.904071158161244,0.6102535442883469,0.4053988689513651,2.9312088826164207,False
2024-03-28,C_REPLICATION_2024,0.05667884972841978,-4.8700000000000045,0.04999999999999982,0.07521973903723483,0.4350497962032954,-1.144487670602666,0.1605930379706167,4.059267543752939,0.1605930379706167,0.27445675823267873,2.930591555580953,False
2024-03-29,C_REPLICATION_2024,0.08923970700863591,-2.6699999999999875,0.03000000000000025,0.07167138995731029,0.9377618281299025,-0.6398728562584229,0.03211860759412562,3.7684252210958324,0.03211860759412562,0.9056432205357768,2.929974228545485,False
2024-03-30,C_REPLICATION_2024,0.06652712627817785,-0.2950000000000159,0.03000000000000025,0.06919428430493224,0.5696110471042384,-0.06433934112654563,0.03211860759412562,3.5517077811947653,0.03211860759412562,0.5374924395101127,2.9293569015100154,False
2024-03-31,C_REPLICATION_2024,0.07696454338104046,2.1200000000000045,0.03000000000000025,0.06718155780084709,0.7300295038890195,0.4605481699089599,0.03211860759412562,3.3894539774864376,0.4605481699089599,0.26948133398005963,2.9287395744745472,False
2024-04-01,C_REPLICATION_2024,-0.02289940545521112,-1.0750000000000028,0.03000000000000025,0.06479601668622065,-0.7962538415749556,-0.23517353357053133,2.9953406842712686e-15,3.1667277550121877,2.9953406842712686e-15,-0.7962538415749586,2.9281222474390782,False
2024-04-02,C_REPLICATION_2024,-0.06191019810743946,-1.690000000000012,-0.1299999999999999,0.05909545251316608,-1.3838882125285634,-0.36909179574264167,-1.0791852151625476,2.5627218582620985,-0.36909179574264167,-1.0147964167859218,2.92750492040361,False
2024-04-03,C_REPLICATION_2024,-0.04503911414087522,-0.7199999999999989,-0.16000000000000014,0.06128386572569807,-1.115262254626851,-0.16259544492785585,-1.281532443005518,2.6298204477838607,-0.16259544492785585,-0.9526668096989951,2.926887593368142,False
2024-04-04,C_REPLICATION_2024,-0.0415860941501441,-1.1899999999999977,-0.1200000000000001,0.06279447551430198,-1.0295723877989023,-0.27230285728869136,-1.0117361392148823,2.7399865864311574,-0.27230285728869136,-0.7572695305102108,2.926270266332673,False
2024-04-05,C_REPLICATION_2024,-0.01783271599330027,-1.5900000000000034,-0.11000000000000032,0.07044608178917679,-0.6679137845434415,-0.36345025721796226,-0.9442870632672249,3.319177677877938,-0.36345025721796226,-0.30446352732547927,2.925652939297205,False
2024-04-06,C_REPLICATION_2024,-0.02942181175754663,-1.0500000000000114,-0.14000000000000057,0.0750138513219325,-0.8243018068637221,-0.2428627137364554,-1.0920326582001998,3.641626446051167,-0.2428627137364554,-0.5814390931272667,2.925035612261736,False
2024-04-07,C_REPLICATION_2024,-0.005623907601177998,0.21999999999999886,-0.14000000000000057,0.07990213113940807,-0.48234093944922896,0.05061623500435265,-1.042394810100196,3.952538802662898,0.05061623500435265,-0.5329571744535816,2.9244182852262677,False
2024-04-08,C_REPLICATION_2024,0.0452506016196763,0.04999999999999716,-0.14000000000000057,0.0764551591032421,0.24869365872963128,-0.019354952228459555,-1.042394810100196,3.67679364764957,-0.019354952228459555,0.26804861095809085,2.9238009581907995,False
2024-04-09,C_REPLICATION_2024,0.04559045642499972,0.09000000000000341,-0.0600000000000005,0.06661547641174174,0.2504776398432978,-0.010631202863903011,-0.49853664830879113,2.883517603336944,-0.010631202863903011,0.2611088427072008,2.9226328014293252,False
2024-04-10,C_REPLICATION_2024,0.04872907969540202,-1.4199999999999875,-0.040000000000000036,0.06473298970003448,0.28886535729729357,-0.37504781859686936,-0.3679040506235994,2.736640837532268,-0.3679040506235994,0.656769407920893,2.9214646446678536,False
2024-04-11,C_REPLICATION_2024,0.03199149265620017,-2.8799999999999955,-0.29000000000000004,0.06181826510604813,0.03790739666718828,-0.722711193296194,-1.900837594888584,2.5025214453560882,-0.722711193296194,0.7606185899633823,2.9202964879063793,False
2024-04-12,C_REPLICATION_2024,0.012964900241336147,-2.470000000000013,-0.27999999999999936,0.0548217400318215,-0.25426079282544883,-0.6250796976614569,-1.8395202531179806,1.9515666245099346,-0.6250796976614569,0.37081890483600805,2.919128331144908,False
2024-04-13,C_REPLICATION_2024,-0.010490164266487917,-2.299999999999997,-0.14999999999999947,0.05694832005751782,-0.6134740475980331,-0.5871896505372489,-1.0423948101001892,2.0777705583763173,-0.5871896505372489,-0.026284397060784226,2.9179601743834365,False
2024-04-14,C_REPLICATION_2024,-0.08424611857057937,-8.490000000000009,-0.14999999999999947,0.05278552970157587,-1.7345220182969205,-2.071393469156366,-1.0423948101001892,1.7421585626001297,-1.0423948101001892,-0.6921272081967313,2.916792017621962,False
2024-04-15,C_REPLICATION_2024,-0.11184744316447667,-4.340000000000003,-0.14999999999999947,0.05489071859249738,-2.140066431700465,-1.0770287615798568,-1.0423948101001892,1.877566327808876,-1.0423948101001892,-1.097671621600276,2.9156238608604905,False
2024-04-16,C_REPLICATION_2024,-0.08945676634322984,-3.8200000000000074,-0.14999999999999947,0.05564292347555693,-1.7691508267539466,-0.9507449535175443,-1.0423948101001892,1.8877911803225973,-0.9507449535175443,-0.8184058732364023,2.9144557040990167,False
2024-04-17,C_REPLICATION_2024,-0.14373798080609396,-7.925000000000011,-0.22999999999999954,0.058258269474437706,-2.508817079234842,-1.9362849630216827,-1.5329335442649847,2.0507809791573757,-1.5329335442649847,-0.9758835349698571,2.913287547337545,False
2024-04-18,C_REPLICATION_2024,-0.09704866400240209,-7.284999999999997,0.040000000000000036,0.06683460069877435,-1.8379104609240635,-1.7812852911850467,0.11730274077853603,2.653612920372001,0.11730274077853603,-1.9552132017025996,2.9121193905760734,False
2024-04-19,C_REPLICATION_2024,-0.07281973627924093,-0.01999999999999602,-0.05000000000000071,0.04728822805405941,-1.4743881681399846,-0.016318324826045564,-0.43988527791952314,1.2581951346819213,-0.016318324826045564,-1.458069843313939,2.9109512338145995,False
2024-04-20,C_REPLICATION_2024,-0.04075780882154088,-1.4299999999999926,-0.08999999999999986,0.06540376223577025,-1.0004943496170577,-0.3531589548257657,-0.6744907594765952,2.4900207367181872,-0.3531589548257657,-0.6473353947912921,2.909783077053128,False
2024-04-21,C_REPLICATION_2024,0.0025736743390312464,-1.3100000000000023,-0.08999999999999986,0.06021961050152991,-0.35542793997459904,-0.3186130383162924,-0.6744907594765952,2.114767554702085,-0.3186130383162924,-0.03681490165830664,2.9086149202916536,False
2024-04-22,C_REPLICATION_2024,0.03079396930069642,-1.0499999999999972,-0.08999999999999986,0.057136607499935856,0.07198943623816707,-0.24852971081460185,-0.6451650742819638,1.880190233960285,-0.24852971081460185,0.3205191470527689,2.907446763530182,False
2024-04-23,C_REPLICATION_2024,0.062060606320803575,-4.189999999999998,-0.040000000000000036,0.07065887397250922,0.5422059118787953,-1.05510550666684,-0.3679040506235994,2.7600113426112256,-0.3679040506235994,0.9101099625023947,2.9062786067687107,False
2024-04-24,C_REPLICATION_2024,0.07368595647887612,-2.529999999999994,0.10999999999999943,0.0718417604683359,0.7260986681321451,-0.6199410786435674,0.5518560759353887,2.808024979454829,0.5518560759353887,0.17424259219675642,2.9051104500072364,False
2024-04-25,C_REPLICATION_2024,0.014201280437269375,-5.239999999999995,0.040000000000000036,0.0726877349382119,-0.17870083214229426,-1.32552097079748,0.12263468354119839,2.7412725749108864,0.12263468354119839,-0.30133551568349265,2.903942293245765,False
2024-04-26,C_REPLICATION_2024,-0.005377387099191915,-3.230000000000004,0.020000000000000462,0.06715694375535498,-0.4746165182524929,-0.7766863290942615,2.723036985701161e-15,2.288746334220457,2.723036985701161e-15,-0.4746165182524956,2.9027741364842905,False
2024-04-27,C_REPLICATION_2024,-0.031208931152547952,0.5900000000000034,0.009999999999999787,0.06543382198442474,-0.883203743162218,0.20514172816472642,-0.06131734177060055,2.174349691565598,0.20514172816472642,-1.0883454713269445,2.9016059797228193,False
2024-04-28,C_REPLICATION_2024,-0.013610507588755011,0.5350000000000037,0.009999999999999787,0.06440216049122931,-0.5961768268140191,0.19116922655598348,-0.029325685194636388,2.0985364925128995,0.19116922655598348,-0.7873460533700025,2.9004378229613477,False
2024-04-29,C_REPLICATION_2024,-0.052168556081426606,-0.365000000000002,0.009999999999999787,0.06385911051259036,-1.202564766752339,-0.03793608656732248,-4.992234473785492e-15,2.0520812162337054,-4.992234473785492e-15,-1.202564766752334,2.9002957496553496,False
2024-04-30,C_REPLICATION_2024,-0.10097438544515286,-7.089999999999996,-0.0,0.062438248708916934,-1.9422838033135355,-1.7855704989244738,-0.05620756328972001,1.9577263640176574,-0.05620756328972001,-1.8860762400238154,2.900153676349352,False
2024-05-01,C_REPLICATION_2024,-0.12745168448410565,-6.020000000000003,-0.17999999999999972,0.0591504407234374,-2.3064671419718783,-1.4817963017072615,-1.067943702504604,1.7476279438239741,-1.067943702504604,-1.2385234394672744,2.900011603043354,False
2024-05-02,C_REPLICATION_2024,-0.08798461111200484,-5.555000000000007,-0.07000000000000028,0.061915970053256365,-1.6758932850551143,-1.3094555954299871,-0.44966050631773014,1.8678040204689814,-0.44966050631773014,-1.2262327787373841,2.899869529737356,False
2024-05-03,C_REPLICATION_2024,-0.03160353805981108,-2.469999999999999,0.08999999999999986,0.056813548013090735,-0.7932619651762346,-0.48653853479485787,0.44966050631773014,1.486438147248377,0.44966050631773014,-1.2429224714939648,2.899727456431359,False
2024-05-04,C_REPLICATION_2024,0.014759387022837998,-0.9099999999999966,0.15000000000000036,0.053341027391559985,-0.0919065286185959,-0.07459805634764032,0.7869058860560302,1.245109884575144,0.7869058860560302,-0.8788124146746261,2.899585383125361,False
2024-05-05,C_REPLICATION_2024,0.009632701504197394,1.1400000000000006,0.15000000000000036,0.048243464769659274,-0.16761070847670334,0.45281823459243375,0.7869058860560302,0.9486236487004946,0.7869058860560302,-0.9545165945327335,2.899443309819363,False
2024-05-06,C_REPLICATION_2024,0.006356521170512686,0.2949999999999946,0.15000000000000036,0.044384456933290614,-0.21598905045361222,0.24093496497797184,0.7869058860560302,0.7119092856024992,0.7119092856024992,-0.9278983360561115,2.899301236513365,False
2024-05-07,C_REPLICATION_2024,0.05320755087677826,-2.5900000000000034,0.14999999999999947,0.037134335574983295,0.5181384961650681,-0.4931418288626055,0.7869058860560252,0.2825424366814389,0.2825424366814389,0.23559605948362922,2.899159163207367,False
2024-05-08,C_REPLICATION_2024,0.0904544616509186,-2.1000000000000085,0.21999999999999975,0.03662339665526902,1.0687297326169556,-0.3611748059259757,1.1803588290840403,0.24925814610780803,0.24925814610780803,0.8194715865091475,2.8990170899013696,False
2024-05-09,C_REPLICATION_2024,0.047036015725897225,-6.6100000000000065,0.1200000000000001,0.03646688687786314,0.4269096372098975,-1.5437472615152317,0.6182831961868802,0.23174219203919438,0.23174219203919438,0.1951674451707031,2.8988750165953716,False
2024-05-10,C_REPLICATION_2024,-0.009946026527293374,-1.7800000000000011,0.07000000000000028,0.03560654212116964,-0.42480761762226665,-0.27206911705349324,0.3372453797382963,0.1742145281844662,0.1742145281844662,-0.5990221458067329,2.8987329432893736,False
2024-05-11,C_REPLICATION_2024,-0.039751167865544834,-2.2349999999999994,-0.0600000000000005,0.03722236724527261,-0.8555551064977299,-0.3878838586162645,-0.3934529430280201,0.2620426205900813,-0.3878838586162645,-0.4676712478814654,2.8985908699833756,False
2024-05-12,C_REPLICATION_2024,-0.04735919788047861,-5.024999999999999,-0.0600000000000005,0.037805785345396005,-0.9362660857452124,-1.1867893553926103,-0.3934529430280216,0.28013600892572066,-0.3934529430280216,-0.5428131427171908,2.898448796677378,False
2024-05-13,C_REPLICATION_2024,-0.00021413088226585855,-2.335000000000001,-0.0600000000000005,0.03474990854887263,-0.2229476715124579,-0.4179842100570013,-0.3934529430280216,0.08364908010726657,-0.3934529430280216,0.1705052715155637,2.8983067233713804,False
2024-05-14,C_REPLICATION_2024,-0.035289492755716696,-4.269999999999996,-0.02999999999999936,0.03314387478263221,-0.7340249978740259,-0.9644788248566598,-0.22483025315886257,-0.01341331835876907,-0.22483025315886257,-0.5091947447151632,2.898164650065382,False
2024-05-15,C_REPLICATION_2024,0.03639934041203789,-3.684999999999995,0.010000000000000675,0.029765425928340708,0.322109176642846,-0.7799898355156896,4.992234473785492e-15,-0.20950879112869156,-0.20950879112869156,0.5316179677715376,2.898022576759385,False
2024-05-16,C_REPLICATION_2024,0.05189820549181566,-1.2250000000000014,0.10999999999999943,0.028211330498713695,0.535169234588473,-0.06703863532323291,0.5620756328971601,-0.302319659061668,-0.06703863532323291,0.6022078699117059,2.8978805034533868,False
2024-05-17,C_REPLICATION_2024,0.09160116948893238,-3.280000000000001,0.019999999999999574,0.02824321028957272,1.0914933719773625,-0.629342290789523,0.05620756328971502,-0.30514252986597873,-0.30514252986597873,1.3966359018433412,2.8977384301473887,False
2024-05-18,C_REPLICATION_2024,0.08885532323735473,-3.3900000000000006,0.040000000000000036,0.022783892207303643,1.02999208055352,-0.6429276110168567,0.16862268986915005,-0.6367079694331695,-0.6367079694331695,1.6667000499866895,2.897596356841391,False
2024-05-19,C_REPLICATION_2024,0.083092554395642,1.9350000000000023,0.040000000000000036,0.039076181199992774,0.9129665058600382,0.818583393749317,0.16862268986915005,0.34664488855469194,0.34664488855469194,0.5663216173053462,2.8957029977978275,False
2024-05-20,C_REPLICATION_2024,0.07632858005788422,-3.200000000000003,0.040000000000000036,0.02042108966883549,0.8029144246868055,-0.6149361338965282,0.16862268986915005,-0.8056393964748562,-0.6149361338965282,1.4178505585833339,2.893809638754268,False
2024-05-21,C_REPLICATION_2024,0.12588340722740937,-1.8800000000000026,0.02999999999999936,0.028574930678751144,1.4137251609840291,-0.22848974863245888,0.11241512657942795,-0.30063629715200085,-0.22848974863245888,1.642214909616488,2.8919162797107045,False
2024-05-22,C_REPLICATION_2024,0.08109701717093845,-0.04000000000000625,-0.010000000000000675,0.025990480881169634,0.7753691596508719,0.28063261259376365,-0.11241512657943795,-0.4638515024111675,-0.11241512657943795,0.8877842862303099,2.8900229206671453,False
2024-05-23,C_REPLICATION_2024,0.04012938707904724,0.14999999999999858,-0.1299999999999999,0.012624841758482342,0.21576177191101542,0.3327302510703288,-0.7869058860560252,-1.3008166029497914,-0.7869058860560252,1.0026676579670406,2.888129561623586,False
2024-05-24,C_REPLICATION_2024,0.02164248313219217,-3.0150000000000006,-0.1299999999999999,0.009509630845753481,-0.03619535465143334,-0.5587623449558762,-0.7869058860560252,-1.4915594606989948,-0.7869058860560252,0.7507105314045919,2.8862362025800223,False
2024-05-25,C_REPLICATION_2024,0.030165266279055185,1.720000000000006,-0.09999999999999964,0.008712355026155126,0.0799612477830037,0.7984356426282815,-0.6182831961868752,-1.5308126340339283,-0.6182831961868752,0.698244443969879,2.884342843536463,False
2024-05-26,C_REPLICATION_2024,0.031693807028296724,1.4100000000000037,-0.09999999999999964,0.007553406982775749,0.0829886265605553,0.7090800291933471,-0.6182831961868752,-1.573378231597358,-0.6182831961868752,0.7012718227474305,2.8824494844928994,False
2024-05-27,C_REPLICATION_2024,0.02849678778280973,-1.5750000000000028,-0.09999999999999964,0.0073110753594338735,0.01918577548094884,-0.1513280550107744,-0.6182831961868752,-1.5626105701489261,-0.6182831961868752,0.637468971667824,2.8805561254493397,False
2024-05-28,C_REPLICATION_2024,-0.02846024190177556,-1.6099999999999994,-0.09999999999999964,0.006774535952625134,-0.7531392468329573,-0.1620529746794417,-0.6158393890873222,-1.5773460299950484,-0.6158393890873222,-0.13729985774563513,2.8786627664057804,False
2024-05-29,C_REPLICATION_2024,-0.03882897370444682,-2.6300000000000026,-0.1200000000000001,0.005145708498803254,-0.890814356438018,-0.46375877301746365,-0.6744907594765952,-1.6481343883158586,-0.6744907594765952,-0.21632359696142278,2.8767694073622168,False
2024-05-30,C_REPLICATION_2024,0.012501666499421235,-1.8500000000000014,-0.13999999999999968,0.003598290014046922,-0.17479618368786753,-0.21677362594600594,-0.7869058860560252,-1.723236695853687,-0.7869058860560252,0.6121097023681576,2.8748760483186575,False
2024-05-31,C_REPLICATION_2024,-0.017616383906126472,-3.039999999999999,-0.05999999999999961,0.003244269917072087,-0.5568913878957592,-0.5695872427377232,-0.3372453797382951,-1.7414138784469286,-0.5695872427377232,0.012695854841964005,2.872982689275094,False
2024-06-01,C_REPLICATION_2024,-0.018101059056890658,1.1899999999999977,0.020000000000000462,0.0048090160487834765,-0.5387342458468299,0.7809474871207225,0.11730274077854078,-1.6484322036107177,0.11730274077854078,-0.6560369866253707,2.8710893302315346,False
2024-06-02,C_REPLICATION_2024,-0.010298366758490647,1.8100000000000023,0.020000000000000462,0.007850376059104746,-0.3932071862911449,0.9779718785814963,0.12263468354120162,-1.4362858647262058,0.12263468354120162,-0.5158418698323465,2.869195971187975,False
2024-06-03,C_REPLICATION_2024,-0.01553005141156294,2.240000000000002,0.020000000000000462,0.007338869040002754,-0.44349177069864176,1.0978080458766455,0.12263468354120162,-1.4202015478079006,0.12263468354120162,-0.5661264542398434,2.867302612144411,False
2024-06-04,C_REPLICATION_2024,0.044577566580385156,-0.4299999999999997,0.10999999999999943,0.0019330654613224235,0.43826088175186184,0.26212807937895705,0.6744907594765898,-1.7001093694908367,0.26212807937895705,0.1761328023729048,2.865409253100852,False
2024-06-05,C_REPLICATION_2024,0.054130808590985464,2.700000000000003,0.17000000000000082,0.0021027053831082928,0.5807397272057896,1.214549604910044,1.0423948101001947,-1.6803926755319467,1.0423948101001947,-0.46165508289440516,2.8635158940572882,False
2024-06-06,C_REPLICATION_2024,0.03256081112724339,2.825000000000003,0.2400000000000002,0.003964880914787493,0.26570034729288927,1.2091946458113811,1.4716162024943866,-1.5500692319926515,1.2091946458113811,-0.9434942985184919,2.861622535013729,False
2024-06-07,C_REPLICATION_2024,0.053222919271213504,2.3200000000000003,0.20000000000000018,0.005476324263462651,0.5713909064484035,1.0281145020277902,1.2263468354119889,-1.4317808346276886,1.0281145020277902,-0.4567235955793867,2.8597291759701697,False
2024-06-08,C_REPLICATION_2024,0.02461550835755402,4.519999999999996,0.019999999999999574,0.00800659002967214,0.15246438573828497,1.683249014543687,0.12263468354119617,-1.264232785346091,0.12263468354119617,0.029829702197088803,2.8577566950606164,False
2024-06-09,C_REPLICATION_2024,0.02206273325122028,-1.2299999999999969,0.019999999999999574,0.010690400648274484,0.09260231990799735,-0.028623655734043938,0.12263468354119617,-1.1090632762391182,-0.028623655734043938,0.12122597564204128,2.8557842141510674,False
2024-06-10,C_REPLICATION_2024,0.01283219168443095,0.3500000000000014,0.019999999999999574,0.01069323555182474,-0.0935670812221001,0.4414713249112818,0.08797705558390168,-1.097094398627261,0.08797705558390168,-0.1815441368060018,2.8538117332415145,False
2024-06-11,C_REPLICATION_2024,-0.062845341439706,-0.769999999999996,-0.04999999999999982,0.012329004198443476,-1.239345348191269,0.09079683300646453,-0.3679040506235954,-1.0042664867914757,-0.3679040506235954,-0.8714412975676737,2.8518392523319656,False
2024-06-12,C_REPLICATION_2024,-0.02408098437150134,1.9099999999999966,-0.040000000000000036,0.009482977128264118,-0.6338927593574738,0.904916335677874,-0.28906746834711305,-1.1335056009059001,-0.28906746834711305,-0.34482529101036075,2.8498667714224166,False
2024-06-13,C_REPLICATION_2024,-0.05762610877141648,1.0100000000000051,-0.03000000000000025,0.008656978357814494,-1.166071777476998,0.628710843675019,-0.18395202531180116,-1.1550856165330952,-0.18395202531180116,-0.9821197521651968,2.8478942905128637,False
2024-06-14,C_REPLICATION_2024,-0.08200550956590681,-1.9400000000000048,0.040000000000000036,0.009695866662081077,-1.5359865995091728,-0.2755070951180157,0.2569488607529889,-1.087557714314713,-0.2755070951180157,-1.2604795043911572,2.8459218096033148,False
2024-06-15,C_REPLICATION_2024,-0.04726309409837806,-1.7049999999999983,0.20000000000000018,0.011636705035109064,-1.0088311315395404,-0.20296461068918084,1.3489815189531904,-0.9940212233334075,-0.20296461068918084,-0.8058665208503596,2.8439493286937614,False
2024-06-16,C_REPLICATION_2024,-0.04450594554810633,-1.1350000000000051,0.20000000000000018,0.0084430741951061,-0.9328681437003272,-0.026238770963620643,1.3489815189531904,-1.121310913647179,-0.026238770963620643,-0.9066293727367066,2.8419768477842124,False
2024-06-17,C_REPLICATION_2024,-0.05998949069833891,-0.48499999999999943,0.20000000000000018,0.005878504527998836,-1.1173234343737246,0.17441065405230166,1.3489815189531904,-1.214594418873807,0.17441065405230166,-1.2917340884260262,2.8400043668746635,False
2024-06-18,C_REPLICATION_2024,-0.027237156479142766,-2.0899999999999963,0.1200000000000001,0.004904787352905353,-0.6152659718608847,-0.32103908002547044,0.8093889113719143,-1.211628239153219,-0.32103908002547044,-0.2942268918354143,2.83803188596511,False
2024-06-19,C_REPLICATION_2024,-0.06980401550658696,-1.8100000000000023,0.11999999999999922,0.0017931758363546053,-1.2471903224377363,-0.23467305226028987,0.8093889113719083,-1.2997544111827044,-0.23467305226028987,-1.0125172701774465,2.8360594050555616,False
2024-06-20,C_REPLICATION_2024,-0.03167194291446103,-1.0350000000000037,0.11999999999999922,0.004871993389759991,-0.677519677031298,0.010231481765686654,0.770846582258961,-1.171580658360738,0.010231481765686654,-0.6877511587969847,2.8340869241460083,False
2024-06-21,C_REPLICATION_2024,-0.02537711208991917,-0.769999999999996,0.04999999999999982,0.005411359563689263,-0.576616139227414,0.0949874560683012,0.3211860759412347,-1.1460774647411518,0.0949874560683012,-0.6716035952957151,2.8321144432364598,False
2024-06-22,C_REPLICATION_2024,-0.028548061248139845,-5.774999999999999,-0.020000000000000462,0.005574329210300457,-0.6241253878637301,-1.5228610312882844,-0.13489815189532203,-1.1293839892501614,-1.1293839892501614,0.5052586013864313,2.830141962326911,False
2024-06-23,C_REPLICATION_2024,-0.040837987514573126,0.5249999999999986,-0.020000000000000462,0.006958167140361444,-0.7827369006203702,0.5222897567443467,-0.13489815189532262,-1.057149970184715,-0.13489815189532262,-0.6478387487250475,2.8281694814173575,False
2024-06-24,C_REPLICATION_2024,-0.09096742805853474,-3.480000000000004,-0.020000000000000462,0.008220869731670822,-1.4966324524844437,-0.7720074957864633,-0.13489815189532262,-0.9344394469904186,-0.7720074957864633,-0.7246249566979803,2.8261970005078085,False
2024-06-25,C_REPLICATION_2024,-0.05257190041292028,-0.4100000000000037,-0.040000000000000036,0.004213558727890691,-0.9182210392754337,0.24608693163933798,-0.22483025315886315,-1.0036331767437612,-0.22483025315886315,-0.6933907861165706,2.824224519598255,False
2024-06-26,C_REPLICATION_2024,-0.05783494470530125,-4.205000000000005,0.09999999999999964,0.003856273584894859,-0.9832046715952247,-0.9949760657975935,0.8164888141032428,-0.9982252419591483,-0.9949760657975935,0.011771394202368723,2.8222520386887067,False
2024-06-27,C_REPLICATION_2024,-0.05014234496038537,-2.710000000000001,-0.019999999999999574,0.005906653704110542,-0.8734344780201604,-0.5023159187675741,-0.0354995136566556,-0.9165116145017829,-0.5023159187675741,-0.3711185592525863,2.8202795577791577,False
2024-06-28,C_REPLICATION_2024,-0.043623756300622464,-2.1400000000000006,-0.0,0.0066955567015699845,-0.766833378010659,-0.3117534737109903,0.14199805462665147,-0.8740127195674063,-0.3117534737109903,-0.45507990429966866,2.8189815607303594,False
2024-06-29,C_REPLICATION_2024,-0.05285437064507412,-1.0349999999999966,-0.009999999999999787,0.007693429604077609,-0.8735780009289529,0.0650009868331643,0.07494341771962316,-0.8284810211303184,0.0650009868331643,-0.9385789877621171,2.8176835636815554,False
2024-06-30,C_REPLICATION_2024,-0.03702997946741335,-2.604999999999997,-0.009999999999999787,0.008270589880884928,-0.6442188410462423,-0.46721231046767575,0.07494341771962316,-0.7986843971715722,-0.46721231046767575,-0.17700653057856652,2.8163855666327566,False
2024-07-01,C_REPLICATION_2024,0.04788624605373667,-1.0399999999999991,-0.009999999999999787,0.005580852580588125,0.5304753117307894,0.06331264951282153,0.07494341771962316,-0.8766126897420294,0.06331264951282153,0.4671626622179679,2.8150875695839583,False
2024-07-02,C_REPLICATION_2024,0.008653161691657101,0.4899999999999949,-0.05999999999999961,0.0033171863367341876,-0.03299101211712287,0.5799438695374431,-0.31949562290996186,-0.9438372257976764,-0.31949562290996186,0.286504610792839,2.81378957253516,False
2024-07-03,C_REPLICATION_2024,-0.012778527563186553,-3.4399999999999977,-0.08999999999999986,0.00426546967577977,-0.30567603654045783,-0.7527418942456289,-0.5324927048499406,-0.9071442675485355,-0.7527418942456289,0.44706585770517104,2.8124915754863613,False
2024-07-04,C_REPLICATION_2024,-0.05683938673533977,-3.3800000000000026,-0.0,0.005122636125062562,-0.9054490393301597,-0.7279670089491619,0.10649854096998938,-0.8677141071335244,-0.7279670089491619,-0.17748203038099786,2.8111935784375572,False
2024-07-05,C_REPLICATION_2024,-0.0765674199596609,-3.0,-0.0,0.003477524834965949,-1.1639899928265802,-0.58784333193678,0.07494341771962354,-0.8988725647638014,-0.58784333193678,-0.5761466608898003,2.809895581388759,False
2024-07-06,C_REPLICATION_2024,-0.053137567838603725,-7.149999999999999,0.10000000000000053,0.0037272699749121277,-0.8262581965636738,-2.01650079771168,0.8243775949158423,-0.8810913391461663,-0.8810913391461663,0.0548331425824925,2.8085975843399607,False
2024-07-07,C_REPLICATION_2024,-0.07553000499679104,-5.384999999999998,0.10000000000000053,0.0047998517231344386,-1.1098751346568223,-1.3644870536538023,0.8243775949158423,-0.8373289539352603,-0.8373289539352603,-0.272546180721562,2.807299587291162,False
2024-07-08,C_REPLICATION_2024,-0.12303816174916764,-3.519999999999996,0.10000000000000053,0.004324164928817467,-1.718539564785023,-0.7218687821729087,0.7454897867899261,-0.8370739783674498,-0.7218687821729087,-0.9966707826121143,2.8060015902423636,False
2024-07-09,C_REPLICATION_2024,-0.0707737424505122,-2.5799999999999983,0.08999999999999986,0.0024462651939501714,-0.9660379996998002,-0.39797539064902776,0.6070416835289368,-0.8849879833050087,-0.39797539064902776,-0.5680626090507724,2.8047035931935596,False
2024-07-10,C_REPLICATION_2024,-0.04737658238394202,-5.205000000000005,0.14999999999999947,0.002200253238511573,-0.6342847321144615,-1.3058002923541816,1.0117361392148927,-0.8879932375344279,-0.8879932375344279,0.2537085054199665,2.8034055961447613,False
2024-07-11,C_REPLICATION_2024,-0.011449476722426898,-11.329999999999998,0.1200000000000001,0.00372551329191092,-0.15487050896921548,-3.4216803957058537,0.8093889113719178,-0.8397972183456832,-0.8397972183456832,0.6849267093764677,2.8021075990959625,False
2024-07-12,C_REPLICATION_2024,0.029118495515371802,-6.3600000000000065,0.20999999999999996,0.008543944650761604,0.3709981159680633,-1.704794826129069,1.4164305949008547,-0.7011382366229507,-0.7011382366229507,1.0721363525910141,2.8008096020471642,False
2024-07-13,C_REPLICATION_2024,0.013211140008685812,-5.844999999999999,0.14999999999999947,0.009454742204397,0.15654062016162068,-1.5268881725411299,1.0117361392148927,-0.6616705904382691,-0.6616705904382691,0.8182112105998898,2.799511604998366,False
2024-07-14,C_REPLICATION_2024,0.0509422997055454,-1.1700000000000017,0.14999999999999947,0.006056800236582864,0.6519128977424318,0.08808970226198405,1.0117361392148927,-0.7481379072366473,0.08808970226198405,0.5638231954804477,2.798213607949562,False
2024-07-15,C_REPLICATION_2024,0.12766059087070317,-2.780000000000001,0.14999999999999947,0.0072103332350825665,1.648446419479568,-0.5036434958624741,1.0117361392148927,-0.7077811293518864,-0.5036434958624741,2.1520899153420423,2.796915610900763,False
2024-07-16,C_REPLICATION_2024,0.11158120219267681,-0.7800000000000011,0.17999999999999972,0.009307218847744884,1.4216542220938742,0.21016090242013513,1.2140833670578737,-0.6457846880236684,0.21016090242013513,1.211493319673739,2.795617613851965,False
2024-07-17,C_REPLICATION_2024,0.10745685860114514,-0.0799999999999983,0.1900000000000004,0.011423500271401012,1.3508094629794636,0.43800491338452807,1.281532443005538,-0.585193920583767,0.43800491338452807,0.9128045495949355,2.7943196168031665,False
2024-07-18,C_REPLICATION_2024,0.10315061299522527,1.1600000000000108,0.20000000000000018,0.012624330901278888,1.2691737545301012,0.8946370490279872,1.3489815189531964,-0.5482199260397305,0.8946370490279872,0.37453670550211393,2.7931321793578743,False
2024-07-19,C_REPLICATION_2024,0.1335486209502004,3.854999999999997,0.040000000000000036,0.01471210835952999,1.6210455157208223,1.876159049368275,0.26979630379063924,-0.48883040187280413,0.26979630379063924,1.351249211930183,2.7919447419125762,False
2024-07-20,C_REPLICATION_2024,0.13066669867064956,11.820000000000007,-0.040000000000000036,0.011843165801613,1.5264282624280934,4.746078415802837,-0.26979630379063924,-0.5704411754270236,-0.26979630379063924,1.7962245662187326,2.790757304467284,False
2024-07-21,C_REPLICATION_2024,0.11679549888981258,3.9399999999999977,-0.040000000000000036,0.018946265401400327,1.2992630845318762,1.8173778797008258,-0.26979630379063924,-0.36838434045428137,-0.26979630379063924,1.5690593883225155,2.7895698670219917,False
2024-07-22,C_REPLICATION_2024,0.05581909600633913,0.09000000000000341,-0.040000000000000036,0.01834056530307594,0.5350064767456751,0.4040182744734515,-0.28399610925330426,-0.3856142614332535,-0.28399610925330426,0.8190025859989793,2.7883824295766995,False
2024-07-23,C_REPLICATION_2024,0.020835685239293397,5.280000000000001,-0.05999999999999961,0.016601591221151,0.09697762778545653,2.1843520896824877,-0.42599416387995326,-0.4350816234147614,-0.42599416387995326,0.5229717916654097,2.787194992131407,False
2024-07-24,C_REPLICATION_2024,0.032949332888182456,0.9599999999999937,0.02999999999999936,0.01716473353650445,0.2413961133479077,0.6890235134830596,0.21299708193997346,-0.4190623134950544,0.21299708193997346,0.028399031407934233,2.786007554686109,False
2024-07-25,C_REPLICATION_2024,0.014972478623723298,5.220000000000006,0.04999999999999982,0.02027981096716804,0.01647937323159019,2.1198281012121587,0.35499513656662873,-0.330449915837875,0.35499513656662873,-0.3385157633350385,2.784820117240817,False
2024-07-26,C_REPLICATION_2024,0.01459618319359327,2.595000000000006,0.04999999999999982,0.019589187531967398,0.005526562451773882,1.227573182247407,0.35499513656662873,-0.3462813446059569,0.35499513656662873,-0.3494685741148548,2.7836326797955246,False
2024-07-27,C_REPLICATION_2024,0.027739840210462073,2.8049999999999997,0.1299999999999999,0.016662126293930386,0.16847651720127607,1.2983947119924475,0.9229873550732373,-0.4180646469189464,0.9229873550732373,-0.7545108378719612,2.7824452423502324,False
2024-07-28,C_REPLICATION_2024,0.0018637330327806508,3.5700000000000003,0.1299999999999999,0.01784410481191416,-0.15232540940749897,1.5333866280711772,0.8768379873195761,-0.3773282000249645,0.8768379873195761,-1.029163396727075,2.78125780490494,False
2024-07-29,C_REPLICATION_2024,-0.001671741736322198,1.6400000000000006,0.1299999999999999,0.019486279915797135,-0.19454532628309104,0.8788073034056345,0.8768379873195761,-0.3248544379719793,0.8768379873195761,-1.0713833136026671,2.7800703674596425,False
2024-07-30,C_REPLICATION_2024,0.004877695658504805,1.374999999999993,0.13999999999999968,0.020874264472094166,-0.10572718265882865,0.7918291762711809,0.9442870632672344,-0.281357967154406,0.7918291762711809,-0.8975563589300095,2.77888293001435,False
2024-07-31,C_REPLICATION_2024,-0.0004819367593103053,2.249999999999993,0.05000000000000071,0.01881310047668692,-0.17632045336835575,1.0496513002505554,0.3372453797383036,-0.33458296269720056,0.3372453797383036,-0.5135658331066594,2.7776954925690576,False
2024-08-01,C_REPLICATION_2024,-0.030680935266367424,-2.270000000000003,0.08000000000000007,0.020045137248713957,-0.573810234195818,-0.3838691649555744,0.5395926075812785,-0.288693188577784,-0.288693188577784,-0.285117045618034,2.7765080551237653,False
2024-08-02,C_REPLICATION_2024,-0.062583749361391,-4.770000000000003,0.25,0.01842796041335606,-0.9864889218171135,-1.1601551888232216,1.686226898691494,-0.3321619930060852,-0.3321619930060852,-0.6543269288110283,2.775320617678473,False
2024-08-03,C_REPLICATION_2024,-0.1200860572344699,-2.8400000000000034,0.4800000000000004,0.016522131401837725,-1.7569203068567,-0.5602624856942687,3.2375556454876713,-0.38543442158366964,-0.38543442158366964,-1.3714858852730305,2.774133180233175,False
2024-08-04,C_REPLICATION_2024,-0.14296631688498584,-5.240000000000002,0.4800000000000004,0.016818672093390354,-2.054356786088778,-1.3394029519547048,3.051267721441757,-0.37618594856611415,-0.37618594856611415,-1.6781708375226638,2.7729457427878828,False
2024-08-05,C_REPLICATION_2024,-0.21408880149631582,-8.500000000000007,0.4800000000000004,0.01525496724056034,-2.9901265739439475,-2.3263685917132535,3.170106569540013,-0.4249545747640886,-0.4249545747640886,-2.565171999179859,2.7717583053425905,False
2024-08-06,C_REPLICATION_2024,-0.15327353392129972,-7.859999999999999,0.4700000000000002,0.013908208437881025,-2.1588292048253095,-2.129888453938846,3.1026574935923517,-0.4669571154020047,-0.4669571154020047,-1.6918720894233048,2.7705708678972982,False
2024-08-07,C_REPLICATION_2024,-0.16753485583007596,-11.039999999999992,0.35999999999999943,0.013952976024564683,-2.3129292068763108,-3.103589969296668,2.3607176581680758,-0.4655609096558823,-0.4655609096558823,-1.8473682972204284,2.7703470761381572,False
2024-08-08,C_REPLICATION_2024,-0.054545414610129454,-4.450000000000003,0.29000000000000004,0.01671338018837625,-0.7997696524738903,-1.0441487386405428,1.7665234176767965,-0.3794697789820729,-0.3794697789820729,-0.4202998734918174,2.770123284379016,False
2024-08-09,C_REPLICATION_2024,-0.04647254618831944,-1.9499999999999957,0.1200000000000001,0.026512745019355796,-0.6779775157368645,-0.25789352568222496,0.6744907594765952,-0.07384844669886971,-0.07384844669886971,-0.6041290690379948,2.7698994926198752,False
2024-08-10,C_REPLICATION_2024,-0.003938332806285685,-4.359999999999999,-0.16999999999999993,0.022442700151308764,-0.10196489242178265,-0.9969719405627501,-1.2815324430055208,-0.20078448352163672,-0.9969719405627501,0.8950070481409674,2.7696757008607342,False
2024-08-11,C_REPLICATION_2024,0.02555208136228,-4.32,-0.16999999999999993,0.02098249744106843,0.31706232703892645,-0.9648751638981802,-1.2815324430055208,-0.24632509818437148,-0.9648751638981802,1.2819374909371066,2.7694519091015937,False
2024-08-12,C_REPLICATION_2024,0.09808292391538712,-8.449999999999996,-0.16999999999999993,0.0188188592630301,1.303972016032915,-2.2433980828974667,-1.2815324430055208,-0.3119761371833636,-1.2815324430055208,2.585504459038436,2.7692281173424527,False
2024-08-13,C_REPLICATION_2024,0.07434906817846958,-3.8500000000000014,-0.11999999999999966,0.023148253288614442,0.9811374523195893,-0.8104705689472506,-0.9442870632672231,-0.1769515521311747,-0.8104705689472506,1.79160802126684,2.769004325583311,False
2024-08-14,C_REPLICATION_2024,0.05218216556128116,-1.3200000000000003,0.06000000000000005,0.023675602186451535,0.6796170245129768,-0.015487732708992136,0.2697963037906399,-0.16050466240771688,-0.015487732708992136,0.695104757221969,2.76878053382417,False
2024-08-15,C_REPLICATION_2024,-0.0005131538605273398,-2.375,0.06000000000000005,0.023236157421311018,-0.03715949270551561,-0.34045724049770987,0.2697963037906399,-0.16257901121217405,-0.16257901121217405,0.12541951850665845,2.7685567420650297,False
2024-08-16,C_REPLICATION_2024,-0.031423350345800606,-3.1899999999999977,-0.040000000000000036,0.026596973531964427,-0.4546209289657512,-0.6092174601724075,-0.4046944556859589,-0.05147813053295949,-0.4046944556859589,-0.04992647327979227,2.768332950305889,False
2024-08-17,C_REPLICATION_2024,-0.017667175960620913,-1.8299999999999983,-0.009999999999999787,0.0261848716575775,-0.262479320705046,-0.1391942713824338,-0.20234722784297887,-0.06449062817968625,-0.1391942713824338,-0.1232850493226122,2.768109158546748,False
2024-08-18,C_REPLICATION_2024,-0.005694773837965853,-1.5649999999999977,-0.009999999999999787,0.028704953168636523,-0.08726351189542714,-0.03089270654091277,-0.21299708193997663,0.04237343847376339,-0.03089270654091277,-0.05637080535451437,2.767885366787606,False
2024-08-19,C_REPLICATION_2024,-0.015249031328495826,-4.979999999999997,-0.009999999999999787,0.02932085212622991,-0.21290771204579792,-1.2235155597365668,-0.22483025315886399,0.0624362716896488,-0.22483025315886399,0.011922541113066065,2.7676615750284657,False
2024-08-20,C_REPLICATION_2024,-0.039292726420236034,-1.5,-0.04999999999999982,0.023420290857878133,-0.5564476736128857,0.024687243484110756,-0.524603924037354,-0.1297737899568756,-0.1297737899568756,-0.4266738836560101,2.767437783269325,False
2024-08-21,C_REPLICATION_2024,0.01266367765693425,-1.7399999999999949,-0.06000000000000005,0.023241564560740953,0.18591330674935944,-0.0599547341756954,-0.5995473417569779,-0.1081676945005984,-0.1081676945005984,0.29408100124995784,2.767213991510184,False
2024-08-22,C_REPLICATION_2024,0.013209587669780152,-2.470000000000006,0.020000000000000018,0.02584729827614038,0.17933560133488344,-0.31299897988783254,0.0,-0.01653598515864283,-0.01653598515864283,0.19587158649352626,2.7669901997510435,False
2024-08-23,C_REPLICATION_2024,0.05269610159065712,-1.5849999999999937,0.08999999999999986,0.026768797440768353,0.7364112420903446,0.005360191466041911,0.5554629783924874,0.022748587575581725,0.022748587575581725,0.7136626545147629,2.7667664079919017,False
2024-08-24,C_REPLICATION_2024,0.07570382704209708,-4.820000000000007,0.1599999999999997,0.026250127790410832,1.035252435510743,-1.1629773737695577,1.180358829084021,0.005425675795005738,0.005425675795005738,1.0298267597157373,2.766542616232761,False
2024-08-25,C_REPLICATION_2024,0.06773218243787762,-1.5499999999999972,0.1599999999999997,0.03094733777232636,0.9233775778559267,0.02144076586415749,1.180358829084021,0.16230656149069947,0.16230656149069947,0.7610710163652272,2.76631882447362,False
2024-08-26,C_REPLICATION_2024,0.08172111617208831,0.14000000000000057,0.1599999999999997,0.035716123358123616,1.1175779270635864,0.6354556280398628,1.1109259567849747,0.321577982030354,0.6354556280398628,0.4821222990237236,2.7660950327144795,False
2024-08-27,C_REPLICATION_2024,0.04585300819287357,-4.324999999999996,0.14999999999999947,0.034169972197593136,0.6196415419660715,-0.9965945099205236,1.031574102728903,0.2699384844525749,0.2699384844525749,0.34970305751349656,2.765921876565268,False
2024-08-28,C_REPLICATION_2024,-0.011547815122489924,-6.309999999999995,0.16000000000000014,0.031600772570678955,-0.17742840947991237,-1.729368329662144,1.071250029756942,0.18413045914582146,0.18413045914582146,-0.36155886862573383,2.7657487204160565,False
2024-08-29,C_REPLICATION_2024,-0.0005755040855733269,-12.254999999999995,0.08999999999999986,0.03135041869777042,-0.01514443906255994,-3.8965451125440067,0.5157870513644522,0.175768955727739,0.175768955727739,-0.19091339479029895,2.7655755642668454,False
2024-08-30,C_REPLICATION_2024,-0.05290239581955631,-1.4749999999999943,0.1200000000000001,0.0348545313843267,-0.7538821748748322,0.09210287612163247,0.7538426135326631,0.2928018974018272,0.2928018974018272,-1.0466840722766595,2.7654024081176343,False
2024-08-31,C_REPLICATION_2024,-0.0864735578681351,-4.614999999999995,-0.010000000000000231,0.036414503550442,-1.237243426030452,-1.07788095126301,-0.27773148919624485,0.3464322660024112,-0.27773148919624485,-0.9595119368342071,2.7652292519684227,False
2024-09-01,C_REPLICATION_2024,-0.09669654521004219,-4.289999999999999,-0.010000000000000231,0.036240534668870415,-1.3850672556621477,-0.9324926893310318,-0.23805556216821566,0.34059616240385143,-0.23805556216821566,-1.147011693493932,2.7650560958192116,False
2024-09-02,C_REPLICATION_2024,-0.08788938717527355,-3.5799999999999983,-0.010000000000000231,0.036906224389604385,-1.249274468312095,-0.6464247010285755,-0.23805556216821566,0.37019057668659633,-0.23805556216821566,-1.0112189061438794,2.76488293967,False
2024-09-03,C_REPLICATION_2024,-0.064618781932021,-4.689999999999998,-0.010000000000000231,0.0389858461269826,-0.8645372732055643,-1.0601776780281893,-0.252934034803726,0.4495356139742161,-0.252934034803726,-0.6116032384018383,2.7647097835207886,False
2024-09-04,C_REPLICATION_2024,-0.013468274886069423,-9.195,0.03000000000000025,0.037740106339746754,-0.12323680987931222,-2.719185045386492,0.08431134493457158,0.408892546233213,0.08431134493457158,-0.2075481548138838,2.7645366273715775,False
2024-09-05,C_REPLICATION_2024,-0.06793300408818141,-3.375,0.07000000000000028,0.03463709775776565,-0.8919260419539353,-0.566535330121244,0.4215567246728654,0.3034455875490182,0.3034455875490182,-1.1953716295029535,2.7643634712223664,False
2024-09-06,C_REPLICATION_2024,-0.07954639839437469,-3.309999999999995,0.08000000000000007,0.03604480959274508,-1.0591311040567997,-0.5369912658091893,0.505868069607437,0.35672196396943867,0.35672196396943867,-1.4158530680262382,2.7641903150731553,False
2024-09-07,C_REPLICATION_2024,-0.07947902124013019,-7.3799999999999955,0.20999999999999996,0.03144113393320681,-1.0726862249209435,-2.08245454512591,1.60191555375689,0.1924486850136109,0.1924486850136109,-1.2651349099345544,2.7640171589239437,False
2024-09-08,C_REPLICATION_2024,-0.07545381222842802,-3.2050000000000054,0.20999999999999996,0.021378578838974524,-1.023746252730644,-0.49062670739546016,1.60191555375689,-0.17038522563548236,-0.17038522563548236,-0.8533610270951617,2.763844002774732,False
2024-09-09,C_REPLICATION_2024,-0.033370783961183065,-4.215000000000003,0.20999999999999996,0.02511570417713577,-0.35915845454942796,-0.882474941793589,1.5076852270653271,-0.02941763171015169,-0.02941763171015169,-0.32974082283927625,2.763670846625521,False
2024-09-10,C_REPLICATION_2024,-0.015514478166398685,-6.7350000000000065,0.22999999999999998,0.023605437268659917,-0.07088127369032045,-1.8069454153023692,1.57381177211207,-0.07085798674896178,-0.07085798674896178,-2.3286941358668933e-05,2.7634976904763104,False
2024-09-11,C_REPLICATION_2024,-0.01890980017927623,-4.260000000000005,0.29000000000000004,0.029905936815407104,-0.11592764796132911,-0.8405336863574819,2.0234722784298054,0.22357382147056373,0.22357382147056373,-0.33950146943189285,2.763324534327099,False
2024-09-12,C_REPLICATION_2024,0.030264110794162448,-6.125,0.13999999999999968,0.026585772979051573,0.6592662593576001,-1.5255011392018805,0.8993210126354647,0.08970670449573624,0.08970670449573624,0.5695595548618638,2.763151378177887,False
2024-09-13,C_REPLICATION_2024,0.0948209997294732,-5.989999999999995,0.10999999999999988,0.02441597118664577,1.6623985963929193,-1.352453800855251,0.6744907594765917,0.000841688433872493,0.000841688433872493,1.6615569079590469,2.762978222028676,False
2024-09-14,C_REPLICATION_2024,0.09646841423478193,-1.0249999999999986,0.0900000000000003,0.021085655278203778,1.6802170567132058,0.35940018570650895,0.4496605063177379,-0.12636544899139884,0.35940018570650895,1.3208168710066968,2.7628050658794647,False
2024-09-15,C_REPLICATION_2024,0.10624803681070281,-3.145000000000003,0.0900000000000003,0.02175980751007081,1.828201731526886,-0.3480173451844842,0.44966050631773574,-0.08239950128679752,-0.08239950128679752,1.9106012328136834,2.7626319097302536,False
2024-09-16,C_REPLICATION_2024,0.024158543836530853,-5.954999999999998,0.0900000000000003,0.024338784069989884,0.5438971168674829,-1.3403008141980162,0.44966050631773125,0.03648853826938551,0.03648853826938551,0.5074085785980974,2.7624127736529847,False
2024-09-17,C_REPLICATION_2024,0.06892269369710675,-8.150000000000006,0.1200000000000001,0.01871679286814046,1.246955174701168,-2.1024666917018138,0.6744907594765952,-0.21344014696668007,-0.21344014696668007,1.460395321667848,2.762193637575715,False
2024-09-18,C_REPLICATION_2024,0.044421379211238586,-6.789999999999999,-0.0,0.01605646179284045,0.7909480011623861,-1.6302363530206447,-0.2248302531588673,-0.330688260321625,-0.330688260321625,1.121636261484011,2.7619745014984454,False
2024-09-19,C_REPLICATION_2024,0.09035575993430955,-3.009999999999998,0.010000000000000231,0.019653149832113758,1.4033096717802476,-0.3177137940391659,-0.14988683543924375,-0.16521813365112376,-0.16521813365112376,1.5685278054313714,2.761755365421177,False
2024-09-20,C_REPLICATION_2024,0.055934546686448115,-2.8200000000000003,0.050000000000000266,0.0211333944004918,0.884101583400826,-0.251740437899886,0.14988683543924375,-0.0952385762218295,-0.0952385762218295,0.9793401596226555,2.761536229343908,False
2024-09-21,C_REPLICATION_2024,0.052499154022585974,-0.5250000000000057,0.020000000000000018,0.017981189620605995,0.8022402806629132,0.556694831236828,-0.0749434177196239,-0.23404904597788834,-0.0749434177196239,0.8771836983825371,2.7613170932666384,False
2024-09-22,C_REPLICATION_2024,0.04606159721316476,,0.020000000000000018,0.019747783447243775,0.711884486642549,,-0.07494341771962057,-0.1358080075979945,-0.10537571265880753,0.8172601993013565,2.761097957189368,False
2024-09-23,C_REPLICATION_2024,0.08957869875638497,0.769999999999996,0.020000000000000018,0.020329119893247313,1.3226786714252068,1.0086821707049745,-0.07935185405606505,-0.08467027761330669,-0.07935185405606505,1.402030525481272,2.7608788211120996,False
2024-09-24,C_REPLICATION_2024,0.03848113667733953,1.1350000000000051,-0.009999999999999787,0.01615028831164457,0.6054872072038444,1.068353976689209,-0.2777314891962443,-0.262086638258341,-0.262086638258341,0.8675738454621854,2.76065968503483,False
2024-09-25,C_REPLICATION_2024,0.05753953698621287,-0.10000000000000142,0.09999999999999964,0.013500164439577588,0.8792598439032875,0.6516266659350156,0.6744907594765859,-0.3852001612440172,0.6516266659350156,0.22763317796827187,2.760440548957561,False
2024-09-26,C_REPLICATION_2024,0.02763791423833582,-1.9499999999999957,0.08000000000000007,0.013807140012182313,0.4565525049521262,0.02408895569559286,0.5058680696074412,-0.3637163877689447,0.02408895569559286,0.4324635492565333,2.760221412880292,False
2024-09-27,C_REPLICATION_2024,0.053126572254985356,-1.7950000000000017,-0.010000000000000231,0.016626911312804863,0.8382168858528876,0.05487982557420911,-0.2529340348037281,-0.22165892865957793,-0.22165892865957793,1.0598758145124654,2.7600022768030223,False
2024-09-28,C_REPLICATION_2024,0.03575071638444842,-2.615000000000002,-0.0,0.01960172105308183,0.5861639497874677,-0.23545215488290844,-0.16862268986915208,-0.06759340595306094,-0.16862268986915208,0.7547866396566197,2.7597831407257534,False
2024-09-29,C_REPLICATION_2024,0.04651446920604472,0.5350000000000037,-0.0,0.016794601178630908,0.7035584030202536,0.89291393288223,-0.16862268986915208,-0.20184138339096605,-0.16862268986915208,0.8721810928894057,2.7595640046484844,False
2024-09-30,C_REPLICATION_2024,0.0040947216153184125,-3.1000000000000014,-0.0,0.01565628096274344,0.07611159986363626,-0.3716581735891474,-0.16862268986915255,-0.2525392415201981,-0.2525392415201981,0.3286508413838343,2.7593448685712154,False
2024-10-01,C_REPLICATION_2024,-0.012950780567099739,-0.8800000000000026,-0.0900000000000003,0.01609780897960566,-0.18086771871669946,0.4027057851420457,-0.927424794280324,-0.22926268119731602,-0.22926268119731602,0.04839496248061656,2.7591257324939464,False
2024-10-02,C_REPLICATION_2024,-0.026567241316278967,-1.7600000000000051,-0.11999999999999966,0.014131602941443855,-0.37937558166445534,0.11103410536838208,-1.1803588290840417,-0.33760919782741483,-0.33760919782741483,-0.04176638383704051,2.758906596416676,False
2024-10-03,C_REPLICATION_2024,-0.08243331326015209,-1.7149999999999963,-0.10000000000000009,0.01374377068704681,-1.1938203009746706,0.12594913444772005,-1.0117361392148965,-0.354999963071011,-0.354999963071011,-0.8388203379036596,2.758687460339407,False
2024-10-04,C_REPLICATION_2024,-0.06317361300581248,-2.3049999999999997,-0.10000000000000009,0.015259636394920784,-0.9084170131275633,-0.0696034690368959,-1.0117361392148965,-0.256624481534756,-0.256624481534756,-0.6517925315928073,2.758468324262138,False
2024-10-05,C_REPLICATION_2024,-0.055831195516572424,-11.644999999999996,-0.38000000000000034,0.016675286087433173,-0.7991557235273518,-3.1262892866250924,-3.37245379738298,-0.17294149567606162,-3.1262892866250924,2.3271335630977408,2.758249188184869,False
2024-10-06,C_REPLICATION_2024,-0.04929039570396188,-0.14999999999999858,-0.38000000000000034,0.01498199162100278,-0.6935168494336985,0.6794931631315504,-3.37245379738298,-0.27384263454973057,-0.27384263454973057,-0.41967421488396794,2.7578392920563055,False
2024-10-07,C_REPLICATION_2024,0.0052303651277481955,-1.5100000000000051,-0.38000000000000034,0.021214896750668986,0.11443855000865095,0.22594189841551982,-3.37245379738298,0.10017982387872124,0.10017982387872124,0.014258726129929719,2.75742939592774,False
2024-10-08,C_REPLICATION_2024,0.0019515597509996287,-1.1049999999999969,-0.33000000000000007,0.0143740708896897,0.0678543652167279,0.3632518642454805,-2.950897072710106,-0.3114992837395109,-0.3114992837395109,0.3793536489562388,2.7570194997991764,False
2024-10-09,C_REPLICATION_2024,0.00022651152449952876,2.2349999999999994,-0.3700000000000001,0.01620415541094396,0.043246005116313206,1.4840474546195221,-3.2881424524484033,-0.18931726731377876,-0.18931726731377876,0.23256327243009198,2.756609603670613,False
2024-10-10,C_REPLICATION_2024,0.0021604424782251616,-4.115000000000002,-0.3600000000000003,0.016867723633465302,0.07083414357385333,-0.6628616084511343,-3.203831107513831,-0.12911123942525524,-0.6628616084511343,0.7336957520249876,2.756199707542049,False
2024-10-11,C_REPLICATION_2024,0.00045006265014894465,-0.7850000000000037,-0.2799999999999998,0.013137721585703106,0.02277037500034734,0.44356904625677496,-2.529340348037232,-0.36689084012860634,-0.36689084012860634,0.3896612151289537,2.755789811413486,False
2024-10-12,C_REPLICATION_2024,0.017687843068030014,-1.0499999999999972,-0.020000000000000018,0.011716442303351764,0.2635407927757105,0.3493644826037397,-0.3372453797383013,-0.4628515902488169,-0.3372453797383013,0.6007861725140118,2.7553799152849203,False
2024-10-13,C_REPLICATION_2024,0.00043279977729207683,-6.384999999999998,-0.020000000000000018,0.013797536576832829,0.01350793708922335,-1.5254674430649457,-0.3372453797383013,-0.3195384393394136,-0.3372453797383013,0.3507533168275247,2.7549700191563566,False
2024-10-14,C_REPLICATION_2024,0.029094443607274277,-0.6850000000000023,-0.020000000000000018,0.01672465913009955,0.43018813359807045,0.4665518983944312,-0.3372453797383013,-0.11306865505033374,-0.11306865505033374,0.5432567886484042,2.754560123027793,False
2024-10-15,C_REPLICATION_2024,0.06643789716183697,-3.719999999999999,-0.020000000000000018,0.014063482396270264,0.9911184984604575,-0.6333414558480502,-0.3372453797383013,-0.281889260012062,-0.3372453797383013,1.3283638781987588,2.7541502268992293,False
2024-10-16,C_REPLICATION_2024,0.09278430752307805,7.520000000000003,0.040000000000000036,0.005993215333847218,1.3802684908718852,3.434100802281382,0.16862268986914739,-0.8535331831109297,0.16862268986914739,1.2116458010027378,2.7537403307706656,False
2024-10-17,C_REPLICATION_2024,0.11111290812626165,2.5900000000000034,0.04999999999999982,0.00834646812896943,1.6522300319925511,1.6489571936530247,0.25293403480371757,-0.6741049923823325,0.25293403480371757,1.3992959971888337,2.7533304346421,False
2024-10-18,C_REPLICATION_2024,0.09951537410631181,1.2749999999999986,0.03000000000000025,0.00872425353247041,1.4699803764225923,1.1708141485254098,0.08431134493457253,-0.6100915643621351,0.08431134493457253,1.3856690314880198,2.7529205385135365,False
2024-10-19,C_REPLICATION_2024,0.07597412639790029,2.740000000000002,0.029999999999999805,0.005067287488027929,1.108839801428454,1.676386847823795,0.08431134493456925,-0.8751666519594836,0.08431134493456925,1.0245284564938848,2.752510642384973,False
2024-10-20,C_REPLICATION_2024,0.0896834101005439,2.25,0.029999999999999805,0.0055866949524570955,1.3045452305465768,1.4852959244117168,0.04496605063177221,-0.833733803425519,0.04496605063177221,1.2595791799148046,2.7521007462564095,False
2024-10-21,C_REPLICATION_2024,0.0244015421343139,4.5,0.029999999999999805,0.006306539880527155,0.34253794794539716,2.206646164886625,4.2790581203874965e-15,-0.7767504464245222,4.2790581203874965e-15,0.3425379479453929,2.7516908501278454,False
2024-10-22,C_REPLICATION_2024,0.001462256527198716,3.0649999999999977,-0.0699999999999994,0.002350566069634598,0.004525613565039321,1.7033459535005369,-0.9635582278236855,-1.0676940931130507,-0.9635582278236855,0.9680838413887248,2.7512809539992804,False
2024-10-23,C_REPLICATION_2024,-0.029109495110526414,1.3899999999999935,-0.08000000000000007,0.0020077563934999014,-0.4455924822359656,1.100484923356548,-0.9442870632672364,-1.0920574685446647,-0.9442870632672364,0.49869458103127084,2.7508710578707167,False
2024-10-24,C_REPLICATION_2024,0.00281167953977545,-9.735,-0.14000000000000012,0.0017760412647293035,0.02750000787016694,-2.6826723153993552,-1.4838796708485062,-1.1105190891253334,-1.4838796708485062,1.5113796787186733,2.750461161742153,False
2024-10-25,C_REPLICATION_2024,-0.016384618787504218,3.059999999999995,-0.11000000000000032,-0.0005773805064553149,-0.26854134551139724,1.6525023607176565,-1.2140833670578635,-1.2876490991660579,-1.2140833670578635,0.9455420215464663,2.7500512656135894,False
2024-10-26,C_REPLICATION_2024,-0.015731094203432352,2.0800000000000054,-0.16000000000000014,-0.004475100302660574,-0.25881715840626496,1.3220018885741285,-1.6637438733755883,-1.5821195654417652,-1.5821195654417652,1.3233024070355004,2.750045934255538,False
2024-10-27,C_REPLICATION_2024,-0.009938507049735095,7.990000000000009,-0.16000000000000014,-0.0007000546516960825,-0.17362458016485763,3.3151220828274686,-1.5597598812896254,-1.3025761628170534,-1.3025761628170534,1.1289515826521956,2.750040602897486,False
2024-10-28,C_REPLICATION_2024,0.02032292824882164,1.9550000000000054,-0.16000000000000014,-0.002827043026831805,0.28203791279701473,1.2350747561947817,-1.4680093000373042,-1.4740216816281326,-1.4680093000373042,1.750047212834319,2.7500352715394345,False
2024-10-29,C_REPLICATION_2024,0.08269767952116835,-0.2150000000000034,-0.10000000000000053,0.0011152705766809745,1.2370614294608888,0.5223438692207162,-0.9918981757008845,-1.1635608059437912,-0.9918981757008845,2.2289596051617733,2.7500299401813826,False
2024-10-30,C_REPLICATION_2024,0.09039980686839509,-1.8799999999999955,-0.08000000000000007,-0.0034421731624075724,1.357296446391857,-0.02613651692971586,-0.8331944675887398,-1.5207849404811917,-0.8331944675887398,2.190490913980597,2.750024608823331,False
2024-10-31,C_REPLICATION_2024,0.041018742714964807,-7.049999999999997,-0.08000000000000007,0.00012236377130373508,0.5933508571143119,-1.817401930861837,-0.8431134493457477,-1.2468253153685815,-1.2468253153685815,1.8401761724828933,2.7500192774652796,False
2024-11-01,C_REPLICATION_2024,0.03271922630894716,-1.9099999999999966,-0.08999999999999986,0.005330403783852695,0.4655495997109738,-0.03625387832186517,-0.9274247942803202,-0.8321809504481774,-0.8321809504481774,1.2977305501591512,2.7500139461072277,False
2024-11-02,C_REPLICATION_2024,0.038197783910329484,2.1599999999999966,-0.09999999999999964,-0.00032681244944888696,0.5499119307144542,1.3422366113584234,-1.0117361392148883,-1.2932290748391677,-1.0117361392148883,1.5616480699293425,2.7500086147491762,False
2024-11-03,C_REPLICATION_2024,0.004765415695658348,2.1099999999999994,-0.09999999999999964,0.0015728910402348824,0.035098960080598936,1.3253743423715094,-1.0117361392148834,-1.1088915536511346,-1.0117361392148834,1.0468350992954822,2.7500032833911243,False
2024-11-04,C_REPLICATION_2024,-0.013971107899144436,-4.970000000000013,-0.09999999999999964,0.002760665101351267,-0.25534601550653235,-1.0623229461756418,-1.0117361392148834,-1.001484356819142,-1.0117361392148834,0.756390123708351,2.749997952033073,False
2024-11-05,C_REPLICATION_2024,-0.03564954390840109,-1.7650000000000148,-0.04999999999999982,0.00427520589327788,-0.5867285637109536,0.0176652341767633,-0.5901794145420157,-0.8497106468914154,-0.5901794145420157,0.0034508508310621133,2.7499926206750214,False
2024-11-06,C_REPLICATION_2024,0.030363659752330224,-1.3900000000000006,-0.08000000000000007,0.007856403390732227,0.4494103741766225,0.13248925632576014,-0.8431134493457421,-0.5294746119262742,-0.5294746119262742,0.9788849861028968,2.7499872893169695,False
2024-11-07,C_REPLICATION_2024,0.07509311018596922,1.8299999999999983,-0.11999999999999922,0.015672382439201115,1.1534867551815637,1.2199851612032915,-1.1803588290840303,0.11636974020470386,0.11636974020470386,1.0371170149768598,2.749981957958918,False
2024-11-08,C_REPLICATION_2024,0.08230890525024395,1.759999999999991,-0.04999999999999982,0.022292738652902724,1.2421075659933525,1.1369987088319737,-0.5901794145420152,0.6618909497987902,0.6618909497987902,0.5802166161945623,2.749976626600866,False
2024-11-09,C_REPLICATION_2024,0.08928806827874272,0.5200000000000031,-0.04999999999999982,0.025901182553543987,1.3565762726680963,0.705395261629018,-0.5901794145420152,0.9681842600971602,0.705395261629018,0.6511810110390783,2.7499712952428146,False
2024-11-10,C_REPLICATION_2024,0.157482202600608,1.2449999999999974,-0.04999999999999982,0.0322253152306685,2.3809488196428186,0.9309215781716141,-0.5901794145420152,1.4938319277621237,0.9309215781716141,1.4500272414712043,2.749965963884763,False
2024-11-11,C_REPLICATION_2024,0.2172819045241456,1.1300000000000026,-0.04999999999999982,0.03456230133197989,3.265603597566181,0.8633179597779952,-0.5901794145420152,1.6880769501607233,0.8633179597779952,2.402285637788186,2.749960632526711,False
2024-11-12,C_REPLICATION_2024,0.21502238929413522,-1.6599999999999966,-0.04999999999999982,0.03945925810614802,3.158571431096093,0.015225525044618642,-0.5901794145420152,2.095100970436024,0.015225525044618642,3.1433459060514743,2.7499553011686597,True
2024-11-13,C_REPLICATION_2024,0.21599911301631342,0.1700000000000017,-0.16999999999999993,0.041371990426351625,3.1732481171579865,0.5711973174538945,-1.6019155537569125,2.2540829738685595,0.5711973174538945,2.602050799704092,2.750461161742153,False
2024-11-14,C_REPLICATION_2024,0.1615248389599011,0.5,-0.07999999999999918,0.04050783652667521,2.3546933911679577,0.6729490663120776,-0.8431134493457327,2.182256447598553,0.6729490663120776,1.68174432485588,2.7500512656135894,False
2024-11-15,C_REPLICATION_2024,0.16318125573542333,0.41499999999999915,-0.07000000000000028,0.05040934185663797,2.3795834480489138,0.6408834562813529,-0.6744907594765988,3.0052472747665924,0.6408834562813529,1.738699991767561,2.750045934255538,False
2024-11-16,C_REPLICATION_2024,0.17471379811136734,2.905000000000001,-0.09999999999999964,0.06237504276297914,2.552876570867464,1.430810197664721,-0.8331944675887315,3.999809390160829,1.430810197664721,1.122066373202743,2.750040602897486,False
2024-11-17,C_REPLICATION_2024,0.12554034139587483,6.82,-0.09999999999999964,0.06520473625941556,1.8139742892868171,2.674923895356533,-0.7494341771962154,4.194653386637931,2.674923895356533,-0.8609496060697159,2.7500352715394345,False
2024-11-18,C_REPLICATION_2024,0.0820846922966107,-0.29999999999999716,-0.09999999999999964,0.0672806841319108,1.1609903338819105,0.40580407620683534,-0.7494341771962154,4.365557354615274,0.40580407620683534,0.7551862576750752,2.7500299401813826,False
2024-11-19,C_REPLICATION_2024,0.061533432187948045,-0.970000000000006,-0.03000000000000025,0.06778842460879694,0.8521779379686516,0.1902206607219521,-0.22483025315886673,4.407357470770528,0.1902206607219521,0.6619572772466995,2.750024608823331,False
2024-11-20,C_REPLICATION_2024,0.019237860386487084,1.3799999999999955,0.07000000000000028,0.0689245537156086,0.2118900388483744,0.9352515818829386,0.5246039240373548,4.306109721386872,0.9352515818829386,-0.7233615430345641,2.7500192774652796,False
2024-11-21,C_REPLICATION_2024,0.08537328062636007,0.41500000000000625,-0.040000000000000036,0.07315504063659989,1.1839447398521334,0.6044533442713527,-0.2997736708784875,4.644599182727993,0.6044533442713527,0.5794913955807808,2.7500139461072277,False
2024-11-22,C_REPLICATION_2024,0.10090612784632713,1.124999999999993,-0.0,0.08176915304734257,1.386547227738407,0.8122655274055928,0.0,5.0,0.8122655274055928,0.5742817003328142,2.7500086147491762,False
2024-11-23,C_REPLICATION_2024,0.07539842069843766,1.1649999999999991,-0.0600000000000005,0.08691145613084553,1.0017748477470403,0.8243775949158365,-0.4496605063177346,5.0,0.8243775949158365,0.17739725283120378,2.7500032833911243,False
2024-11-24,C_REPLICATION_2024,0.06378454206442738,2.0799999999999983,-0.0600000000000005,0.099956553174081,0.8324248456753984,1.101441139212619,-0.4761111243364243,5.0,1.101441139212619,-0.2690162935372207,2.749997952033073,False
2024-11-25,C_REPLICATION_2024,0.04815149086046082,2.5350000000000037,-0.0600000000000005,0.11300174497605232,0.6074064954760477,1.1869285442737507,-0.5058680696074501,5.0,1.1869285442737507,-0.579522048797703,2.7499926206750214,False
2024-11-26,C_REPLICATION_2024,0.01581783105263957,-4.789999999999999,0.08000000000000007,0.10970500369105256,0.1294229870181508,-0.9212898731312329,0.6744907594765952,5.0,0.6744907594765952,-0.5450677724584444,2.7499872893169695,False
2024-11-27,C_REPLICATION_2024,0.01729994017945876,0.4399999999999977,0.05999999999999961,0.10354930910138264,0.151033794641101,0.5268612558963762,0.4364351973083825,5.0,0.5268612558963762,-0.3758274612552752,2.749981957958918,False
2024-11-28,C_REPLICATION_2024,-0.022653374639246826,0.269999999999996,0.11999999999999922,0.10300647567569768,-0.4968883599424881,0.4794408532983268,0.9442870632672221,5.0,0.9442870632672221,-1.4411754232097103,2.749976626600866,False
2024-11-29,C_REPLICATION_2024,-0.011038362729001924,0.6400000000000006,0.11999999999999922,0.11565730983457126,-0.3236354824639616,0.5752601230515392,0.9442870632672221,5.0,0.9442870632672221,-1.2679225457311838,2.7499712952428146,False
2024-11-30,C_REPLICATION_2024,-0.00860874173945985,6.119999999999997,0.20999999999999996,0.11691632390815776,-0.2873945529777762,2.118125347587105,1.6440712262242045,5.0,2.118125347587105,-2.4055199005648813,2.749965963884763,False
2024-12-01,C_REPLICATION_2024,0.008099450466659604,3.0600000000000023,0.20999999999999996,0.11932990679246222,-0.03817032492328682,1.2599375205607513,1.5473611540933747,5.0,1.5473611540933747,-1.5855314790166615,2.749960632526711,False
2024-12-02,C_REPLICATION_2024,0.0026598384221062643,-0.9149999999999991,0.20999999999999996,0.11287638619352688,-0.08459129618446126,0.1451347060412213,1.5473611540933747,5.0,1.5473611540933747,-1.631952450277836,2.7499553011686597,False
2024-12-03,C_REPLICATION_2024,0.01144743253045906,1.5200000000000031,0.20000000000000018,0.11168542676765447,0.06975173652406431,0.828039071665135,1.468009300037306,5.0,1.468009300037306,-1.3982575635132417,2.749949969810608,False
2024-12-04,C_REPLICATION_2024,-0.00883162338953324,-0.05999999999999517,0.040000000000000036,0.11609995898761932,-0.22601241408291217,0.38492248123976275,0.19837963514017726,5.0,0.38492248123976275,-0.610934895322675,2.7499446384525563,False
2024-12-05,C_REPLICATION_2024,0.06190962374496663,0.759999999999998,0.08000000000000007,0.11614772306039615,0.8109813033394712,0.6319747821164249,0.548023742074736,5.0,0.6319747821164249,0.17900652122304628,2.7471643736139777,False
2024-12-06,C_REPLICATION_2024,0.01244090451461749,0.9599999999999937,0.040000000000000036,0.11477545719840597,0.104795989521572,0.7188058539188196,0.2107783623364375,5.0,0.7188058539188196,-0.6140098643972476,2.7443841087753866,False
2024-12-07,C_REPLICATION_2024,0.027995310783048847,2.7900000000000063,0.03000000000000025,0.11697010797075692,0.325462995553048,1.268613466320681,0.12646701740186475,5.0,1.268613466320681,-0.943150470767633,2.741603843936808,False
2024-12-08,C_REPLICATION_2024,0.026851448213664194,2.4949999999999974,0.03000000000000025,0.11278800944419164,0.30923526405744794,1.1320779734377473,0.12646701740186253,5.0,1.1320779734377473,-0.8228427093802994,2.73882357909823,False
2024-12-09,C_REPLICATION_2024,0.01728404401103303,0.15499999999999403,0.03000000000000025,0.11090046996225057,0.15572563331283784,0.44754611522219145,0.0843113449345758,5.0,0.44754611522219145,-0.2918204819093536,2.736043314259651,False
2024-12-10,C_REPLICATION_2024,0.012618345306810809,0.7299999999999969,0.040000000000000036,0.1088437854685408,0.06347217602551601,0.6096494325467664,0.16862268986914786,5.0,0.6096494325467664,-0.5461772565212504,2.7332630494210726,False
2024-12-11,C_REPLICATION_2024,0.05864005358872484,0.34499999999999886,0.019999999999999574,0.10904750273340211,0.7354803110246633,0.5123535576793365,-3.744175855339098e-15,5.0,0.5123535576793365,0.22312675334532672,2.730482784582481,False
2024-12-12,C_REPLICATION_2024,0.0041974384687458195,0.4450000000000003,-0.020000000000000462,0.10398070760479311,-0.11893426646445124,0.5640785750188452,-0.3372453797382995,5.0,0.5640785750188452,-0.6830128414832964,2.727702519743903,False
2024-12-13,C_REPLICATION_2024,0.01984103654998421,1.1199999999999974,-0.02999999999999936,0.11161647788146617,0.1217579441053399,0.7354029205747025,-0.42155672467286526,5.0,0.7354029205747025,-0.6136449764693626,2.7249222549053242,False
2024-12-14,C_REPLICATION_2024,0.020164407649438054,1.0349999999999966,-0.15000000000000036,0.11305547270740192,0.11879869590924713,0.6671752414779341,-1.4332928638877689,5.0,0.6671752414779341,-0.5483765455686869,2.7221419900667456,False
2024-12-15,C_REPLICATION_2024,0.032463524666635823,-2.039999999999999,-0.15000000000000036,0.11172833681793028,0.30923676495527375,-0.23238143175900003,-1.4838796708485038,5.0,-0.23238143175900003,0.5416181967142738,2.7193617252281674,False
2024-12-16,C_REPLICATION_2024,0.08781643302516262,-0.3500000000000014,-0.15000000000000036,0.10081133516597032,1.1761879713267844,0.2896851338777686,-1.2299537378690928,4.737691023806404,0.2896851338777686,0.8865028374490158,2.716581460389576,False
2024-12-17,C_REPLICATION_2024,0.10586285126631927,-4.574999999999996,-0.1200000000000001,0.10019281600993299,1.4646926476519166,-0.9733712801980763,-1.0117361392148927,4.678587514294437,-0.9733712801980763,2.438063927849993,2.7138011955509977,False
2024-12-18,C_REPLICATION_2024,0.03539491783408157,-10.809999999999995,-0.09999999999999964,0.1007572165906446,0.33921895901874577,-2.7453208997419725,-0.8431134493457403,4.68064389688376,-0.8431134493457403,1.182332408364486,2.711020930712419,False
2024-12-19,C_REPLICATION_2024,-0.007381519971750463,-4.460000000000001,-0.1999999999999993,0.0993721000914785,-0.34733601358170735,-0.8609635388180187,-1.6862268986914806,4.555281171796552,-0.8609635388180187,0.5136275252363114,2.7082406658738405,False
2024-12-20,C_REPLICATION_2024,-0.04309898007274732,-1.1699999999999946,-0.14000000000000057,0.09921721212509488,-0.928385539735066,0.07053937225601935,-1.1803588290840452,4.543525948182585,0.07053937225601935,-0.9989249119910854,2.705460401035262,False
2024-12-21,C_REPLICATION_2024,-0.04382634918458265,0.519999999999996,-0.04999999999999982,0.09804656296867645,-0.9400517515330535,0.5199055186099136,-0.3967592702803489,4.48416134490095,0.5199055186099136,-1.4599572701429673,2.702680136196671,False
2024-12-22,C_REPLICATION_2024,-0.07458604786894098,-1.1950000000000003,-0.04999999999999982,0.08865637148567922,-1.4334039627488147,0.04436527092137942,-0.3967592702803489,3.921168871927469,0.04436527092137942,-1.477769233670194,2.699899871358092,False
2024-12-23,C_REPLICATION_2024,-0.12810293546733817,0.10000000000000142,-0.04999999999999982,0.0844781879957011,-2.2917568063506497,0.384714792432555,-0.3967592702803489,3.68019669366384,0.384714792432555,-2.6764715987832046,2.697119606519514,False
2024-12-24,C_REPLICATION_2024,-0.0835180677954781,2.219999999999999,-0.04999999999999982,0.07765422886940959,-1.5766638765275267,0.9855216874285142,-0.42155672467287014,3.2813742795571375,0.9855216874285142,-2.562185563956041,2.6943393416809354,False
2024-12-25,C_REPLICATION_2024,-0.057008661622180594,-1.1750000000000043,-0.040000000000000036,0.06590971877985517,-1.151481748190761,0.0021851752466834767,-0.3372453797382976,2.576201008541289,0.0021851752466834767,-1.1536669234374446,2.6940921543058987,False
2024-12-26,C_REPLICATION_2024,-0.04256290390513273,0.19999999999999574,-0.040000000000000036,0.06619878289802153,-0.9197874593251556,0.4016219381265177,-0.3372453797382976,2.5804815853550105,0.4016219381265177,-1.3214093974516734,2.6938449669308606,False
2024-12-27,C_REPLICATION_2024,-0.026844583188535793,-1.0,0.04999999999999982,0.07319740510695913,-0.6676826399084768,0.04979953490163728,0.42155672467287014,2.885776576995526,0.42155672467287014,-1.089239364581347,2.693597779555824,False
2024-12-28,C_REPLICATION_2024,-0.025157689578547963,0.23499999999999943,0.010000000000000675,0.07368884569003276,-0.6493219051250677,0.411578509040006,0.08431134493458002,2.774350820293098,0.411578509040006,-1.0609004141650737,2.6933505921807868,False
2024-12-29,C_REPLICATION_2024,-0.019145473568983978,-2.990000000000002,0.010000000000000675,0.06673754787139327,-0.5310854940689034,-0.546824565396234,0.08431134493458002,2.3874815074486486,0.08431134493458002,-0.6153968390034834,2.69310340480575,False
2024-12-30,C_REPLICATION_2024,-0.01998989622144735,-0.1700000000000017,0.010000000000000675,0.06086589983218912,-0.5446550056242887,0.2929384405978685,0.08431134493458002,2.076814013442833,0.2929384405978685,-0.8375934462221573,2.692856217430713,False
2024-12-31,C_REPLICATION_2024,-0.037527499846093,-1.1000000000000014,0.05999999999999961,0.054738721951017755,-0.8264768093669589,0.02050569084184991,0.4364351973083825,1.7533636450589951,0.4364351973083825,-1.2629120066753414,2.6926090300556753,False
