evidence_key,payload_sha256,bar_open_ms,bar_close_ms,tv_total_volume,tv_delta
"TV-FOOTPRINT-CALIBRATION-001|MM-V1|BINANCE:BTCUSDT|5|1790556000000",2f5a40c0c90c894568a110103938dadfb1e000ae9c6a8759ec0bfebec3ff6f92,1790555700000,1790556000000,64.71641,-11.34079
"TV-FOOTPRINT-CALIBRATION-001|MM-V1|BINANCE:BTCUSDT|5|1790556300000",60c8ec8a9979fab2ed0cf4e5da7ec351ac1bfd76d11d65c37fae8b76725ed2ed,1790556000000,1790556300000,45.72525,-0.34905
"TV-FOOTPRINT-CALIBRATION-001|MM-V1|BINANCE:BTCUSDT|5|1790556600000",cd2e4eecb4b7281669e0a1949bc7386cbe34b9e2a58adb0cecda07f8ef4b4434,1790556300000,1790556600000,38.61698,12.60478
"TV-FOOTPRINT-CALIBRATION-001|MM-V1|BINANCE:BTCUSDT|5|1790556900000",76aa151fb195033776f513418d110783f20a3d965dfccab0d00ac6e9a23c2dfa,1790556600000,1790556900000,48.14079,6.39921
"TV-FOOTPRINT-CALIBRATION-001|MM-V1|BINANCE:BTCUSDT|5|1790557200000",e77452b6ebe9ce51e78feb7187961440de14c83e0cc28e55f2f63005d9c08a67,1790556900000,1790557200000,65.38825,-25.53357
"TV-FOOTPRINT-CALIBRATION-001|MM-V1|BINANCE:BTCUSDT|5|1790557500000",473c5f2cf3fe3afe13f01497dfef2a2ae9c2eea513f2475a8dc676a96584323c,1790557200000,1790557500000,274.53602,-96.34514
"TV-FOOTPRINT-CALIBRATION-001|MM-V1|BINANCE:BTCUSDT|5|1790557800000",5f2d353cce6e43efa18c5dc0c8907b76372c6dc0ee97054c20fe5d8f6fe5dfe1,1790557500000,1790557800000,75.65993,-4.98223
"TV-FOOTPRINT-CALIBRATION-001|MM-V1|BINANCE:BTCUSDT|5|1790558100000",3cf1f0be2bcb066728374b6a0d17583ceb0f5ecf6dfc98577c581d9279c0157a,1790557800000,1790558100000,64.11323,-8.86797
"TV-FOOTPRINT-CALIBRATION-001|MM-V1|BINANCE:BTCUSDT|5|1790558400000",ca3a8db69aced1666c7dba12bac7c98ace781ae909702338ba537396bef969c7,1790558100000,1790558400000,70.0343,-17.72486
"TV-FOOTPRINT-CALIBRATION-001|MM-V1|BINANCE:BTCUSDT|5|1790558700000",9b04e91123707a6fe10930e4e13a22355e9d1af5fe1c8bfde6a6e004fa1db20c,1790558400000,1790558700000,52.52115,1.28545
"TV-FOOTPRINT-CALIBRATION-001|MM-V1|BINANCE:BTCUSDT|5|1790559000000",a4ffdb1de5b443b4e9c69543d98e325aa8b9222914da032879f08a428b91fa42,1790558700000,1790559000000,48.74837,-1.30331
"TV-FOOTPRINT-CALIBRATION-001|MM-V1|BINANCE:BTCUSDT|5|1790559300000",81ff2a3022e378fd9b8b1151a92efb8082655882ef3cee2cb36f09e67bd04e97,1790559000000,1790559300000,46.38149,-14.40109
"TV-FOOTPRINT-CALIBRATION-001|MM-V1|BINANCE:BTCUSDT|5|1790559600000",1cca221867f963e851a78b5b79ae5443242a3a5c0308ccae7c96640052e5adaa,1790559300000,1790559600000,44.06041,-6.88665
"TV-FOOTPRINT-CALIBRATION-001|MM-V1|BINANCE:BTCUSDT|5|1790559900000",3e33511ff183758314e34a1a4d5b283f6cb8676b71a426db6a0ce0cd8ab37cd8,1790559600000,1790559900000,71.75616,-23.37396
"TV-FOOTPRINT-CALIBRATION-001|MM-V1|BINANCE:BTCUSDT|5|1790560200000",c57cc3e599a3fe557d781439cb4ffc94dceae933fe2ca657d5a6fb1f5a5577b8,1790559900000,1790560200000,121.41073,-8.87523
"TV-FOOTPRINT-CALIBRATION-001|MM-V1|BINANCE:BTCUSDT|5|1790560500000",7d39d4dcd6ea1e97fb307358a1b5125868cfbabcccd00bde00d38d20c088cfaa,1790560200000,1790560500000,88.35111,4.47339
"TV-FOOTPRINT-CALIBRATION-001|MM-V1|BINANCE:BTCUSDT|5|1790560800000",99c041555854da60d59e6522be8a43bb753116c27bbac627bdbf3b45ec98bca3,1790560500000,1790560800000,64.003,-20.96756
"TV-FOOTPRINT-CALIBRATION-001|MM-V1|BINANCE:BTCUSDT|5|1790561100000",6f122e1009a410e0a081361c15b26167c6190a3143773f6acbd0022ce8e41cfc,1790560800000,1790561100000,178.22253,-69.13055
"TV-FOOTPRINT-CALIBRATION-001|MM-V1|BINANCE:BTCUSDT|5|1790561400000",e62ddc2946d09ed530ab4409cfd2b54239ec1ce5ed67a314d9cd22956fd010ce,1790561100000,1790561400000,105.94211,-55.97413
"TV-FOOTPRINT-CALIBRATION-001|MM-V1|BINANCE:BTCUSDT|5|1790561700000",d67677393f7083ef67599e1c47b93a67582448ab17d50a72385aee54a77a297d,1790561400000,1790561700000,90.74202,26.91162
"TV-FOOTPRINT-CALIBRATION-001|MM-V1|BINANCE:BTCUSDT|5|1790562000000",b0bddf8d3aa68d9bd90a10629e4cc36e5bf15f77a50b3c820062615a5e6b0d28,1790561700000,1790562000000,44.76418,-9.6604
"TV-FOOTPRINT-CALIBRATION-001|MM-V1|BINANCE:BTCUSDT|5|1790562300000",60be8ee1391d6cbbb6cc55890b4ebb3c280cc3aa5cbb25b8755d58e2e14a0c2e,1790562000000,1790562300000,52.26755,2.90957
"TV-FOOTPRINT-CALIBRATION-001|MM-V1|BINANCE:BTCUSDT|5|1790562600000",a936273ba80fdfe6b6b42405e7f82590013b1b761e6bee5303bdbd0ed9897b91,1790562300000,1790562600000,37.79592,-8.40218
"TV-FOOTPRINT-CALIBRATION-001|MM-V1|BINANCE:BTCUSDT|5|1790562900000",28fb899a9177f12ded14159e4d0aad62bdf63cb945280304c7c766e7956d8768,1790562600000,1790562900000,102.04092,-64.25932
"TV-FOOTPRINT-CALIBRATION-001|MM-V1|BINANCE:BTCUSDT|5|1790563200000",df75f8a692832e7bd39f133f7f21db607821192e262855f3ac92536d031e0de8,1790562900000,1790563200000,62.02786,-26.19986
"TV-FOOTPRINT-CALIBRATION-001|MM-V1|BINANCE:BTCUSDT|5|1790563500000",01d9bace8df5ab56590fd02d808453db9b74357c40a56b045025af23088abd9b,1790563200000,1790563500000,39.66901,-5.34255
"TV-FOOTPRINT-CALIBRATION-001|MM-V1|BINANCE:BTCUSDT|5|1790563800000",cec001c9c9bb89a858c0c49fa346735d28f6d8552c7a11a7ddbed92b593b913f,1790563500000,1790563800000,75.59137,-24.36267
"TV-FOOTPRINT-CALIBRATION-001|MM-V1|BINANCE:BTCUSDT|5|1790564100000",c95274990597e93b50e880f1ceff43f1f85e0c3ff6bb34eb05add09bc58b5eb8,1790563800000,1790564100000,37.50667,-11.51111
"TV-FOOTPRINT-CALIBRATION-001|MM-V1|BINANCE:BTCUSDT|5|1790564400000",cbab12498b7111b08c39c31e8be07090cfeff53fa3b5af8d0313c791e1dae064,1790564100000,1790564400000,38.84648,-6.4084
"TV-FOOTPRINT-CALIBRATION-001|MM-V1|BINANCE:BTCUSDT|5|1790564700000",762fe3a6882330507853e03a1d12c5d19c2664ed2f1148ac32d6b5761b937064,1790564400000,1790564700000,50.11054,7.61114
"TV-FOOTPRINT-CALIBRATION-001|MM-V1|BINANCE:BTCUSDT|5|1790565000000",9b8057dc903c3935e5b093ee2cf55f1a0e44ab68751af655634c1ba20a6f0b6a,1790564700000,1790565000000,41.17492,-15.05026
"TV-FOOTPRINT-CALIBRATION-001|MM-V1|BINANCE:BTCUSDT|5|1790565300000",f65a1d0b677b305a8647fdc2dd9accb99f711e55a6985902f4ae550e9acdfb9a,1790565000000,1790565300000,62.09238,-7.30374
"TV-FOOTPRINT-CALIBRATION-001|MM-V1|BINANCE:BTCUSDT|5|1790565600000",e4585478ffacf5fab08699c710d9e168fba73889ba3758742c536eddfa771f08,1790565300000,1790565600000,55.22497,7.60011
"TV-FOOTPRINT-CALIBRATION-001|MM-V1|BINANCE:BTCUSDT|5|1790565900000",63dd0429ba498be0e8bb90eca3b797f92c1c17a9785ed7766fad5705b4b2cb8a,1790565600000,1790565900000,61.02067,-8.84825
"TV-FOOTPRINT-CALIBRATION-001|MM-V1|BINANCE:BTCUSDT|5|1790566200000",e1408895b25604daa649e87460bc92bda0274ff71f548764807cf52e446b0680,1790565900000,1790566200000,89.67162,-28.56696
"TV-FOOTPRINT-CALIBRATION-001|MM-V1|BINANCE:BTCUSDT|5|1790566500000",53c34356067f305182239a1e810b65154b7e9aadde2599450d6a58b3bf967f7f,1790566200000,1790566500000,86.86111,-28.98767
"TV-FOOTPRINT-CALIBRATION-001|MM-V1|BINANCE:BTCUSDT|5|1790566800000",dff9856f1734fb0a77c4da92045d17125b3b777dfaa0f59c878e6204d91d1442,1790566500000,1790566800000,59.29862,7.79702
"TV-FOOTPRINT-CALIBRATION-001|MM-V1|BINANCE:BTCUSDT|5|1790567100000",49ea7c79240fecfe6493b1c99005f83766afe59d11ce58e08414b26791e8de07,1790566800000,1790567100000,38.31318,-10.35416
"TV-FOOTPRINT-CALIBRATION-001|MM-V1|BINANCE:BTCUSDT|5|1790567400000",cbc61375c7c01e84ab7e72fdd3d833c1c4f599e6cb274e276208ea3ffca8292d,1790567100000,1790567400000,45.62359,-22.92779
"TV-FOOTPRINT-CALIBRATION-001|MM-V1|BINANCE:BTCUSDT|5|1790567700000",cbcfed837fc789f09a6eefc5447d79231abf04f4d644547fc70ed9d1cad86cd6,1790567400000,1790567700000,39.56477,-10.25329
"TV-FOOTPRINT-CALIBRATION-001|MM-V1|BINANCE:BTCUSDT|5|1790568000000",0bb0e059d0c41c5386509a4a5854fd968a687a0db0ed4827538c14910897c983,1790567700000,1790568000000,67.02084,-35.38122
"TV-FOOTPRINT-CALIBRATION-001|MM-V1|BINANCE:BTCUSDT|5|1790568300000",37187d912317fe677ee42a9f86bcbed6f50d96e29a8f8bb4e05c4f1799b353fc,1790568000000,1790568300000,59.51181,-14.18787
"TV-FOOTPRINT-CALIBRATION-001|MM-V1|BINANCE:BTCUSDT|5|1790568600000",66d571118610e6da3b49b6ac585529baba39ea5eec2712c73bcebfc7663f0e33,1790568300000,1790568600000,45.83255,-4.76493
"TV-FOOTPRINT-CALIBRATION-001|MM-V1|BINANCE:BTCUSDT|5|1790568900000",69110ff1deda11612758a72eb6eda02e1addeef25c55189dc879ed3bc7b55543,1790568600000,1790568900000,59.1027,39.78378
"TV-FOOTPRINT-CALIBRATION-001|MM-V1|BINANCE:BTCUSDT|5|1790569200000",d35486c887f9b15b3ae3d794e5a87cfb1f3972c7abf1ec1f4cbfb5cd17f6bb04,1790568900000,1790569200000,37.4907,13.63134
"TV-FOOTPRINT-CALIBRATION-001|MM-V1|BINANCE:BTCUSDT|5|1790569500000",ff700ddfbb339c5621c07a2be60c08f262101ff16712dd183c64906b66d775f2,1790569200000,1790569500000,34.26582,-0.28432
"TV-FOOTPRINT-CALIBRATION-001|MM-V1|BINANCE:BTCUSDT|5|1790569800000",da01e7da1d8b3c6078568016cf790fe0b4808048c29fc4f2c9fa6a49c7eff5a5,1790569500000,1790569800000,34.78491,-4.77513
"TV-FOOTPRINT-CALIBRATION-001|MM-V1|BINANCE:BTCUSDT|5|1790570100000",ac0d5dcbdcf04a04cdde97011c495b67bf3fc04c133565488364cad3659583d7,1790569800000,1790570100000,24.7375,-9.01494
"TV-FOOTPRINT-CALIBRATION-001|MM-V1|BINANCE:BTCUSDT|5|1790570400000",20d7db637c67c4d32fd1d357dcac5d8581a53e234a1bd4a97d48c0e2afb36a32,1790570100000,1790570400000,21.96456,2.83386
"TV-FOOTPRINT-CALIBRATION-001|MM-V1|BINANCE:BTCUSDT|5|1790570700000",70e4072e7ecb703590ff9ee78ca359fec4c64e68236d441ecebbf52add5933ff,1790570400000,1790570700000,19.08388,0.18392
"TV-FOOTPRINT-CALIBRATION-001|MM-V1|BINANCE:BTCUSDT|5|1790571000000",32201232d43482afa6c7f3f2135835d4b31d12f23e1e7e40e5f6561152c778a1,1790570700000,1790571000000,25.49731,-11.56527
"TV-FOOTPRINT-CALIBRATION-001|MM-V1|BINANCE:BTCUSDT|5|1790571300000",38682afca11ec9ad19a6e81087f44e5a91611f57059efdff99a05a89ce5ad311,1790571000000,1790571300000,16.42259,3.41961
"TV-FOOTPRINT-CALIBRATION-001|MM-V1|BINANCE:BTCUSDT|5|1790571600000",06afa70d5ea7839f201c70b1b197900b7e921b99d158838541b396633b7d25cb,1790571300000,1790571600000,109.38319,70.19091
"TV-FOOTPRINT-CALIBRATION-001|MM-V1|BINANCE:BTCUSDT|5|1790571900000",51259a9f259c87a7d178c6b90ab9f2cace3f61ff698c9e48b2300f75cfba063b,1790571600000,1790571900000,158.29781,-114.52715
"TV-FOOTPRINT-CALIBRATION-001|MM-V1|BINANCE:BTCUSDT|5|1790572200000",06b01a2b7461c9e7a4eaedfeeef48925129fbb3087221e44bb7c717541b1499e,1790571900000,1790572200000,40.37926,-3.62862
"TV-FOOTPRINT-CALIBRATION-001|MM-V1|BINANCE:BTCUSDT|5|1790572500000",97b6c96bdc456467f6e603fa01dbde8b07ccc724808bea7df8f3f7e5924bd1dd,1790572200000,1790572500000,70.92626,-20.33108
"TV-FOOTPRINT-CALIBRATION-001|MM-V1|BINANCE:BTCUSDT|5|1790572800000",3afaac42e302e14910d875267facbe44e9d2d6139636c4427010f713879ba78c,1790572500000,1790572800000,104.63996,-26.07032
"TV-FOOTPRINT-CALIBRATION-001|MM-V1|BINANCE:BTCUSDT|5|1790573100000",8b87b5966ede7290c3f691c6a575e3f76dda3061a94534fd5c234e0e7056a506,1790572800000,1790573100000,165.68522,-79.4932
"TV-FOOTPRINT-CALIBRATION-001|MM-V1|BINANCE:BTCUSDT|5|1790573400000",291027c78825a5354b3188cf4947cf1805061bcbf3a6f91c82897bfc35d7ab62,1790573100000,1790573400000,82.92321,-33.65563
"TV-FOOTPRINT-CALIBRATION-001|MM-V1|BINANCE:BTCUSDT|5|1790573700000",00e921f012e58b3a144c0253b5930f5dfabcadc395c2d659b71269c55152257d,1790573400000,1790573700000,190.94103,-95.47727
"TV-FOOTPRINT-CALIBRATION-001|MM-V1|BINANCE:BTCUSDT|5|1790574000000",90371126947610954384112e70a9466fccdff6b462e3be77669daafa2acd8800,1790573700000,1790574000000,278.66223,-94.20911
"TV-FOOTPRINT-CALIBRATION-001|MM-V1|BINANCE:BTCUSDT|5|1790574300000",96c6de07c65ca38c1f8470753e2a80024004e46687c7d14236fb3bf6aeb2c258,1790574000000,1790574300000,113.73878,58.66996
"TV-FOOTPRINT-CALIBRATION-001|MM-V1|BINANCE:BTCUSDT|5|1790574600000",f787ce5f69b74c9f186f15b0eb2352a3c9c835f296bba3cef78963122b2c4898,1790574300000,1790574600000,124.24754,14.41398
"TV-FOOTPRINT-CALIBRATION-001|MM-V1|BINANCE:BTCUSDT|5|1790574900000",39984097553377278f9fd6faafd85aa8b64b17663396447e5d2e280e367f4a97,1790574600000,1790574900000,53.2655,10.12
"TV-FOOTPRINT-CALIBRATION-001|MM-V1|BINANCE:BTCUSDT|5|1790575200000",e3fc474a3251db716cf9359c33ab191002d02e26c36220062dc5de4df7829755,1790574900000,1790575200000,53.05531,19.32211
"TV-FOOTPRINT-CALIBRATION-001|MM-V1|BINANCE:BTCUSDT|5|1790575500000",45243f7804cf930fa776da7bec12ae7ed89dcd8be1d72ca2a3c0932cc34ccb41,1790575200000,1790575500000,68.12299,21.15705
"TV-FOOTPRINT-CALIBRATION-001|MM-V1|BINANCE:BTCUSDT|5|1790575800000",55506f37218fbaceaf125c5a32876dbb5127ac9614bf41016575e7372efafb6c,1790575500000,1790575800000,62.57757,8.29831
"TV-FOOTPRINT-CALIBRATION-001|MM-V1|BINANCE:BTCUSDT|5|1790576100000",009cc651204f209d1358503e1eec475324053593d5add25cd1abb4035bea541d,1790575800000,1790576100000,45.49117,13.16097
"TV-FOOTPRINT-CALIBRATION-001|MM-V1|BINANCE:BTCUSDT|5|1790576400000",f4d7eeb2d8012a35574d66b38fedadfccec5a41954fe2730af69dcabfccdd965,1790576100000,1790576400000,61.86788,-29.77662
"TV-FOOTPRINT-CALIBRATION-001|MM-V1|BINANCE:BTCUSDT|5|1790576700000",449aba0ffd91e668c151bda93edfd70f690eeabcba60dbb29061ac649d2c8c5d,1790576400000,1790576700000,49.05494,-19.84394
"TV-FOOTPRINT-CALIBRATION-001|MM-V1|BINANCE:BTCUSDT|5|1790577000000",8bf4c65a080be7b3194a119d0eb56d1e1431adcac461762774c1266ca77fc3b5,1790576700000,1790577000000,41.4214,-10.18346
"TV-FOOTPRINT-CALIBRATION-001|MM-V1|BINANCE:BTCUSDT|5|1790577300000",6a92ba0ee7fc26ebc2df2090a93e21f0c685f52e115c0bad3fc15b0771aede15,1790577000000,1790577300000,48.07646,5.6333
"TV-FOOTPRINT-CALIBRATION-001|MM-V1|BINANCE:BTCUSDT|5|1790577600000",7909f669e48fe91a78a0eb53d8a7cc61c36642c47316b54c55ae22e0ad096f4d,1790577300000,1790577600000,29.97018,-6.02102
"TV-FOOTPRINT-CALIBRATION-001|MM-V1|BINANCE:BTCUSDT|5|1790577900000",1012eeecc4d5659bcb70a660076a0948c01f42ac3aafcb3ed940306ecee79eae,1790577600000,1790577900000,39.64781,11.06533
"TV-FOOTPRINT-CALIBRATION-001|MM-V1|BINANCE:BTCUSDT|5|1790578200000",81b3d62a46e27a1a8cfc08006a0f53eef71a4e25b92e6c6051ca862518ba0410,1790577900000,1790578200000,74.41923,3.62903
"TV-FOOTPRINT-CALIBRATION-001|MM-V1|BINANCE:BTCUSDT|5|1790578500000",6e2d632ad67bf1aa8353030971878f6cef4c79d3d2703a780fd78d07c1f2e0f0,1790578200000,1790578500000,87.48433,-16.73981
"TV-FOOTPRINT-CALIBRATION-001|MM-V1|BINANCE:BTCUSDT|5|1790578800000",b311a0a21f30e32d8b6c1829c72fff0aa4de0c00c7909a043b451eb5fd25de5c,1790578500000,1790578800000,26.10458,7.04754
"TV-FOOTPRINT-CALIBRATION-001|MM-V1|BINANCE:BTCUSDT|5|1790579100000",17eb94073b878ea49299aefad3e11b04dca3f0daf8b0873e08c5b71b322b4c97,1790578800000,1790579100000,61.48324,13.23278
"TV-FOOTPRINT-CALIBRATION-001|MM-V1|BINANCE:BTCUSDT|5|1790579400000",e557c5bc0c7e32187b07b4a0d659bd6f052fe49bdde0e74283e57b17e7c43c9c,1790579100000,1790579400000,50.75504,-24.90064
"TV-FOOTPRINT-CALIBRATION-001|MM-V1|BINANCE:BTCUSDT|5|1790579700000",7b426274ac837c4b0dae6b875188689a7326b5862f40830e89017253a22ac77c,1790579400000,1790579700000,75.69674,-26.58554
"TV-FOOTPRINT-CALIBRATION-001|MM-V1|BINANCE:BTCUSDT|5|1790580000000",8d78544f18252641edeaa8a65eab6bd3c50bd2bb20300035d6d54458935cb934,1790579700000,1790580000000,73.9918,0.8928
"TV-FOOTPRINT-CALIBRATION-001|MM-V1|BINANCE:BTCUSDT|5|1790580300000",731ce538e1c430c988d450d3e850b822436347cb1fc6b8f2de35ac87763ceca8,1790580000000,1790580300000,68.86527,-39.35041
"TV-FOOTPRINT-CALIBRATION-001|MM-V1|BINANCE:BTCUSDT|5|1790580600000",bfa723e14bdc80e70fe4d387a41f260ec34c58d3fb8a57525790afdd87666d1a,1790580300000,1790580600000,121.10066,-34.16248
"TV-FOOTPRINT-CALIBRATION-001|MM-V1|BINANCE:BTCUSDT|5|1790580900000",11e41803d90a687a1596d9cdcbd9e2c6cd1ce214c83628bace7e74315b53058e,1790580600000,1790580900000,154.26395,17.74937
"TV-FOOTPRINT-CALIBRATION-001|MM-V1|BINANCE:BTCUSDT|5|1790581200000",3f7326934a4fc9b9cecb82ffe564350d785c60720c8776360f11cd3080dc2fcb,1790580900000,1790581200000,125.07652,-11.31694
"TV-FOOTPRINT-CALIBRATION-001|MM-V1|BINANCE:BTCUSDT|5|1790581500000",14538fc578fd578f0aa11d945e4abbc8c11e411328bde3ab1555ce5cc4722d7b,1790581200000,1790581500000,107.0028,4.86858
"TV-FOOTPRINT-CALIBRATION-001|MM-V1|BINANCE:BTCUSDT|5|1790581800000",55979741282d8f1fbc6c2b9b40bb0dd124b936122631d0af0fbe8856b241854a,1790581500000,1790581800000,92.16981,21.93197
"TV-FOOTPRINT-CALIBRATION-001|MM-V1|BINANCE:BTCUSDT|5|1790582100000",89b585dea641cbc112027f44b08268095fd713aadf2dd2d981eec76317b5cd33,1790581800000,1790582100000,92.46198,11.44768
"TV-FOOTPRINT-CALIBRATION-001|MM-V1|BINANCE:BTCUSDT|5|1790582400000",12ad7203d8d01a63474ce799d8413ecd6e4893e83b77a0da436f6ef0a9b37486,1790582100000,1790582400000,111.42707,6.12001
"TV-FOOTPRINT-CALIBRATION-001|MM-V1|BINANCE:BTCUSDT|5|1790582700000",51c3724c340aef3c294057947e3d93a2ba2c516f192771dcb4dab863c7bd3706,1790582400000,1790582700000,103.72355,25.82367
"TV-FOOTPRINT-CALIBRATION-001|MM-V1|BINANCE:BTCUSDT|5|1790583000000",ddae0168bf6e6b1c1b6950875a2519cc4d709d29584bf40436ac073b3fdce411,1790582700000,1790583000000,237.4402,54.70184
"TV-FOOTPRINT-CALIBRATION-001|MM-V1|BINANCE:BTCUSDT|5|1790583300000",59e38af54913f2e7e84e1131a8d94da046211d756e73c4ce66ad5f95916392df,1790583000000,1790583300000,239.65953,114.35281
"TV-FOOTPRINT-CALIBRATION-001|MM-V1|BINANCE:BTCUSDT|5|1790583600000",899aef74da69a97b19adf2e58d43d980d04442760733eb2def070e5cdd203fa4,1790583300000,1790583600000,268.59408,76.83826
"TV-FOOTPRINT-CALIBRATION-001|MM-V1|BINANCE:BTCUSDT|5|1790583900000",d3573fdfd01de0d86e3c9e97b5f93f34d4ea2825bf8eaddae50cb6dda30636e7,1790583600000,1790583900000,274.80602,-4.49788
"TV-FOOTPRINT-CALIBRATION-001|MM-V1|BINANCE:BTCUSDT|5|1790584200000",3381204e484d0bba9eb53415e9373ea049c4c940fa2264774a6b66ff66b942ed,1790583900000,1790584200000,130.74746,8.33474
"TV-FOOTPRINT-CALIBRATION-001|MM-V1|BINANCE:BTCUSDT|5|1790584500000",d630f15d2ed04c53ceb3d5ed30bf5684fc76b1587e5345736007888142de5568,1790584200000,1790584500000,132.29769,-18.65993
"TV-FOOTPRINT-CALIBRATION-001|MM-V1|BINANCE:BTCUSDT|5|1790584800000",feede1008418e1384115947a0a97717950f50e253c1ecfb3418662513701ffc3,1790584500000,1790584800000,87.02039,-12.87979
"TV-FOOTPRINT-CALIBRATION-001|MM-V1|BINANCE:BTCUSDT|5|1790585100000",a9648f28a1dadccec75f12da718d300a4a7e20fe37c9603f5e724b4c495b265e,1790584800000,1790585100000,86.30904,1.68076
"TV-FOOTPRINT-CALIBRATION-001|MM-V1|BINANCE:BTCUSDT|5|1790585400000",76ee53f61534885805def211cede1597ba7e93d58af4ca9820170b5ca2d43403,1790585100000,1790585400000,138.85636,-51.37576
"TV-FOOTPRINT-CALIBRATION-001|MM-V1|BINANCE:BTCUSDT|5|1790585700000",6233a474a2cad96bcbdd3b8b9719a8e33ba0a4c8079c008ba99452f619436095,1790585400000,1790585700000,173.98895,19.67247
"TV-FOOTPRINT-CALIBRATION-001|MM-V1|BINANCE:BTCUSDT|5|1790586000000",25f6c8380a495eea234acfc748649da334d103148a82f4fe5741d0163be18956,1790585700000,1790586000000,112.82837,-2.92049
"TV-FOOTPRINT-CALIBRATION-001|MM-V1|BINANCE:BTCUSDT|5|1790586300000",4c6d146494cd59f657cebb45ffcac253d807614fc5d92c5c0e12e6e4233cec5e,1790586000000,1790586300000,153.65773,-21.96685
"TV-FOOTPRINT-CALIBRATION-001|MM-V1|BINANCE:BTCUSDT|5|1790586600000",da27721149a51011c5839e861290232c993d4ca14f46e269e4bb2175cbacb368,1790586300000,1790586600000,160.59088,-62.84568
"TV-FOOTPRINT-CALIBRATION-001|MM-V1|BINANCE:BTCUSDT|5|1790586900000",2387b9e6b96c4ad0da9f79f7609f759ecaa78baaebba045e61acc705c38af085,1790586600000,1790586900000,74.82512,30.37022
"TV-FOOTPRINT-CALIBRATION-001|MM-V1|BINANCE:BTCUSDT|5|1790587200000",3554f9981aea2e066f7794ae1604796267dc28016eb3f5d48ca111b95f50e25e,1790586900000,1790587200000,85.82307,-20.61463
"TV-FOOTPRINT-CALIBRATION-001|MM-V1|BINANCE:BTCUSDT|5|1790587500000",8467c5618837157fb60d8bc0fa6830d531ce9c6f2a7b275d18a4a4a6192d53b7,1790587200000,1790587500000,200.54357,-148.68533
"TV-FOOTPRINT-CALIBRATION-001|MM-V1|BINANCE:BTCUSDT|5|1790587800000",93a5deffcf57c6c6a65fcefcba5f87d5fbbadeefeda4e24f34ceaec68cc803ea,1790587500000,1790587800000,86.97488,-21.65732
"TV-FOOTPRINT-CALIBRATION-001|MM-V1|BINANCE:BTCUSDT|5|1790588100000",4e51b922245f9b6f11d7b009090dda5db9ca237fc26851ce9292f28f44375d5e,1790587800000,1790588100000,54.18195,-16.60719
"TV-FOOTPRINT-CALIBRATION-001|MM-V1|BINANCE:BTCUSDT|5|1790588400000",155d27e0bc1499a6a3505ef626c26b9fdea524a38129f2e54f737ef42f15d12e,1790588100000,1790588400000,102.77415,-34.98989
"TV-FOOTPRINT-CALIBRATION-001|MM-V1|BINANCE:BTCUSDT|5|1790588700000",4ff4452f5cc02e7716f05b3020d62c78adb6cc657d2abaecd3c10c9441afd339,1790588400000,1790588700000,63.91241,-22.80393
"TV-FOOTPRINT-CALIBRATION-001|MM-V1|BINANCE:BTCUSDT|5|1790589000000",8a803971434900f3d34248d30f8f85eaa9bc6030b443732a72f053e836af42e6,1790588700000,1790589000000,65.73715,20.67481
"TV-FOOTPRINT-CALIBRATION-001|MM-V1|BINANCE:BTCUSDT|5|1790589300000",66e032da7f4ac2d387108098b5254b9678e0efe579c0cd612954cc27121fcbd3,1790589000000,1790589300000,58.87244,-25.41768
"TV-FOOTPRINT-CALIBRATION-001|MM-V1|BINANCE:BTCUSDT|5|1790589600000",d8e5c54a628afa32f0b97bf19f31b8971c3ff76c81451fe78fed250c78dfdc86,1790589300000,1790589600000,54.32664,8.39122
"TV-FOOTPRINT-CALIBRATION-001|MM-V1|BINANCE:BTCUSDT|5|1790589900000",e14e28c636af15eef2988e06fcb85ee90d802fa772f257b59a7916225a1b6132,1790589600000,1790589900000,69.28751,25.81905
"TV-FOOTPRINT-CALIBRATION-001|MM-V1|BINANCE:BTCUSDT|5|1790590200000",29643bdae776cb7efc79d55de03262835589e9b6dd80fc44954c4295507ce767,1790589900000,1790590200000,64.54862,-11.10104
"TV-FOOTPRINT-CALIBRATION-001|MM-V1|BINANCE:BTCUSDT|5|1790590500000",daa2d2b927a6f8c014ea08befcecb1245462a3039e89e582a3a1284d7d744957,1790590200000,1790590500000,48.04407,-1.58975
"TV-FOOTPRINT-CALIBRATION-001|MM-V1|BINANCE:BTCUSDT|5|1790590800000",82f89744c9ed25ad0647c8a91bff68e47bec6696f740875c85cbbf62c6e587a3,1790590500000,1790590800000,52.10408,-13.15272
"TV-FOOTPRINT-CALIBRATION-001|MM-V1|BINANCE:BTCUSDT|5|1790591100000",2bd8d693f005fe8ca50fcde3e1aa24ba10791916be8de9289ec174588e8f9ced,1790590800000,1790591100000,49.76062,-2.79666
"TV-FOOTPRINT-CALIBRATION-001|MM-V1|BINANCE:BTCUSDT|5|1790591400000",53b38fabea52b4c495addd0c932ffbbddcc06f7c3117fddefa7fa1cdc21391bd,1790591100000,1790591400000,37.04512,-1.87378
"TV-FOOTPRINT-CALIBRATION-001|MM-V1|BINANCE:BTCUSDT|5|1790591700000",e61a813fce5ad232a3cc5684cf320d40b79feca04e2ce2974a75c88ecc366120,1790591400000,1790591700000,32.61716,4.96254
"TV-FOOTPRINT-CALIBRATION-001|MM-V1|BINANCE:BTCUSDT|5|1790592000000",13c012c37536fe093e8634ee9f28ff486a3ff91ff0bb669266eb58c6a68c4f5a,1790591700000,1790592000000,47.52365,18.09251
"TV-FOOTPRINT-CALIBRATION-001|MM-V1|BINANCE:BTCUSDT|5|1790592300000",dceaa4a7f5677ec5fe60ca058907c6f4128d0d121cd5b971087241d5a4b8c0bd,1790592000000,1790592300000,36.42209,10.13463
"TV-FOOTPRINT-CALIBRATION-001|MM-V1|BINANCE:BTCUSDT|5|1790592600000",40ed1bc0fa960c7346f9904ea937c89de68ff8218b8eb19019d63d3abf5ce4e6,1790592300000,1790592600000,82.99589,-13.36661
"TV-FOOTPRINT-CALIBRATION-001|MM-V1|BINANCE:BTCUSDT|5|1790592900000",0923f45aed64acef601b01df16cec8a4d8fbbbaa642e6343afc29f40c493d088,1790592600000,1790592900000,246.23705,184.60211
"TV-FOOTPRINT-CALIBRATION-001|MM-V1|BINANCE:BTCUSDT|5|1790593200000",faaf3e6eebe1efb59fe2dc78654bbfa3ac0cf79161554913a59b3997001505ef,1790592900000,1790593200000,37.92378,-4.25138
"TV-FOOTPRINT-CALIBRATION-001|MM-V1|BINANCE:BTCUSDT|5|1790593500000",c77939c6ed19ed8a2fbcded286f25a9061888f37562e083ab0e7a9263a97361d,1790593200000,1790593500000,94.37612,6.88148
"TV-FOOTPRINT-CALIBRATION-001|MM-V1|BINANCE:BTCUSDT|5|1790593800000",b6ae743cbf70f8accefe2504b154c91ad76a4441a2c9800ce13fc59b491a3869,1790593500000,1790593800000,43.64874,5.15508
"TV-FOOTPRINT-CALIBRATION-001|MM-V1|BINANCE:BTCUSDT|5|1790594100000",4a287117af4de9ecd9da564a0ab604f0b1ce53b3cd046dbb14fb3eab9b4b1632,1790593800000,1790594100000,38.3673,-14.02862
"TV-FOOTPRINT-CALIBRATION-001|MM-V1|BINANCE:BTCUSDT|5|1790594400000",bceb9df4816d980bc56e3ee7db49584d85c3754c512d50edc922396a50189e64,1790594100000,1790594400000,129.35661,31.01971
"TV-FOOTPRINT-CALIBRATION-001|MM-V1|BINANCE:BTCUSDT|5|1790594700000",b4ee85192582f71fb36a3eb21785c1d07f4778087f96647ffdf0bfc0261e8fa2,1790594400000,1790594700000,53.66369,-3.04063
"TV-FOOTPRINT-CALIBRATION-001|MM-V1|BINANCE:BTCUSDT|5|1790595000000",717c9ded7c5b85a127700a017fca6edd0ef49cf97d6bc6081257fd04fec34098,1790594700000,1790595000000,42.73475,-0.18557
"TV-FOOTPRINT-CALIBRATION-001|MM-V1|BINANCE:BTCUSDT|5|1790595300000",05bc4b1073404082422e7d799ba685b91ff6ce6de27fb3733765e365c60f5487,1790595000000,1790595300000,96.77112,-11.7079
"TV-FOOTPRINT-CALIBRATION-001|MM-V1|BINANCE:BTCUSDT|5|1790595600000",c15379c818e710cf707d4f6df35a36925533d360354b845be1075316218525c3,1790595300000,1790595600000,86.7603,-13.3256
"TV-FOOTPRINT-CALIBRATION-001|MM-V1|BINANCE:BTCUSDT|5|1790595900000",cd3352d14bc32fd7d1924145b2a9c9be0b14325da849ee8c236d6046c6b2716e,1790595600000,1790595900000,93.62548,-3.93678
"TV-FOOTPRINT-CALIBRATION-001|MM-V1|BINANCE:BTCUSDT|5|1790596200000",e574eb445665245dae3db4ad4e66d994777e07d2da273380c7353a5138480505,1790595900000,1790596200000,37.45452,-4.50482
"TV-FOOTPRINT-CALIBRATION-001|MM-V1|BINANCE:BTCUSDT|5|1790596500000",8f701b3db82494467fe9210a3bb8315da160d09c406122c49e4c5a0011e8f5e9,1790596200000,1790596500000,60.72032,-9.9308
"TV-FOOTPRINT-CALIBRATION-001|MM-V1|BINANCE:BTCUSDT|5|1790596800000",3b79b14326aea306381f80bcdcf0b095f9ab6df9fa216b7483b79a1378f9670a,1790596500000,1790596800000,48.8816,5.8351
"TV-FOOTPRINT-CALIBRATION-001|MM-V1|BINANCE:BTCUSDT|5|1790597100000",daebba9e9c3f3a4ed752fc9578c179455bb4683f401e327056f52d01776e696f,1790596800000,1790597100000,124.46992,52.47556
"TV-FOOTPRINT-CALIBRATION-001|MM-V1|BINANCE:BTCUSDT|5|1790597400000",74ecbd52e5d9d2b8e88cbbd4ab21e1f7e853eb2f0ca41cb12dd988de2ab4d280,1790597100000,1790597400000,176.66829,17.37059
"TV-FOOTPRINT-CALIBRATION-001|MM-V1|BINANCE:BTCUSDT|5|1790597700000",46d640d5ab013231d171ffdd3de25fb15bf222fb69a031b48f1f1a526f0a8661,1790597400000,1790597700000,122.02728,22.2412
"TV-FOOTPRINT-CALIBRATION-001|MM-V1|BINANCE:BTCUSDT|5|1790598000000",5287dbe4d50e9386f89dd8d48b63486bb8f0c860453eb809a76029af0c950322,1790597700000,1790598000000,90.79171,-30.02339
"TV-FOOTPRINT-CALIBRATION-001|MM-V1|BINANCE:BTCUSDT|5|1790598300000",84d8d0ba320a390a1a6b453ad2b0f78e4242c68f1646945f91746c1634bf8abd,1790598000000,1790598300000,75.67772,-13.03428
"TV-FOOTPRINT-CALIBRATION-001|MM-V1|BINANCE:BTCUSDT|5|1790598600000",78bbe4f9f2a96a834ca0305c3919a9f5fbe50e215df6a540c4cf59e742cb3b05,1790598300000,1790598600000,72.24058,-9.65386
"TV-FOOTPRINT-CALIBRATION-001|MM-V1|BINANCE:BTCUSDT|5|1790598900000",672adaa80d0ec301501d127d2f73ba5e9c044bdeb6f1530c0f1a059e40b86d0e,1790598600000,1790598900000,70.68578,-47.04024
"TV-FOOTPRINT-CALIBRATION-001|MM-V1|BINANCE:BTCUSDT|5|1790599200000",7fc6b4693c557d060252a8464505d8473a78eeb9bed37d7c4d1dd94888a1270d,1790598900000,1790599200000,84.77046,2.4507
"TV-FOOTPRINT-CALIBRATION-001|MM-V1|BINANCE:BTCUSDT|5|1790599500000",07748e921ed93bc8c3a928b043e55b9b72380480c75cb389cd7150f85fd7161c,1790599200000,1790599500000,40.85676,1.70778
"TV-FOOTPRINT-CALIBRATION-001|MM-V1|BINANCE:BTCUSDT|5|1790599800000",c457680a833d9fb3556a1ab47a974ecb1dd3fc7d40062f57a29b689e0fab7c7f,1790599500000,1790599800000,75.21673,27.02695
"TV-FOOTPRINT-CALIBRATION-001|MM-V1|BINANCE:BTCUSDT|5|1790600100000",69fa4de6de3f538c597acb27b972be8564c53d458e932b864f2a79413e7b8693,1790599800000,1790600100000,130.49614,57.27562
"TV-FOOTPRINT-CALIBRATION-001|MM-V1|BINANCE:BTCUSDT|5|1790600400000",c6327e8c42d676009de671a1c8bffd9d50c04b089348912540ba2928408802ac,1790600100000,1790600400000,144.30866,-2.41478
"TV-FOOTPRINT-CALIBRATION-001|MM-V1|BINANCE:BTCUSDT|5|1790600700000",4521422b71b178991bbc64964e51b2d1eadb26915ee393514b4645279189c229,1790600400000,1790600700000,57.4006,-23.60832
"TV-FOOTPRINT-CALIBRATION-001|MM-V1|BINANCE:BTCUSDT|5|1790601000000",5a917f31fbb3c5cfe5e57a7b98bb7395ebafd879d94b7a8da23479d4bc6d774a,1790600700000,1790601000000,41.01537,-5.76661
"TV-FOOTPRINT-CALIBRATION-001|MM-V1|BINANCE:BTCUSDT|5|1790601300000",e5ded7cf7470607ede7439d86f3ea99b4e3e63b1a9b5041299f6fc7afb63fc41,1790601000000,1790601300000,51.36667,-1.02839
"TV-FOOTPRINT-CALIBRATION-001|MM-V1|BINANCE:BTCUSDT|5|1790601600000",3e988a03d4c7fee604f355d8cdd84a690bbef0c208055d55d4ccfc1e0db54eae,1790601300000,1790601600000,70.2258,-34.01204
"TV-FOOTPRINT-CALIBRATION-001|MM-V1|BINANCE:BTCUSDT|5|1790601900000",8982465dbc52db77d4aed278aa7ed1281f876f59c8ad26cef5832cdd514f5597,1790601600000,1790601900000,41.00486,9.99202
"TV-FOOTPRINT-CALIBRATION-001|MM-V1|BINANCE:BTCUSDT|5|1790602200000",befeb150275cd417a1453ee1c9a771586388dc55abc4eaa0cd32caf40937169a,1790601900000,1790602200000,61.27134,24.08586
"TV-FOOTPRINT-CALIBRATION-001|MM-V1|BINANCE:BTCUSDT|5|1790602500000",bcc728719c6cbdc7b704ffe786780aa3032b759123085ba16dab0ffd35a32d47,1790602200000,1790602500000,264.79867,-82.28695
"TV-FOOTPRINT-CALIBRATION-001|MM-V1|BINANCE:BTCUSDT|5|1790602800000",d5131bd2a116dc268ee6a1ff5af2c97a647c2d53cce9f1a9bb8c59a5384c6530,1790602500000,1790602800000,162.23369,13.74349
"TV-FOOTPRINT-CALIBRATION-001|MM-V1|BINANCE:BTCUSDT|5|1790603100000",6ca1c6d2eef837f976090141b52291245b881327cb6eb15593cc5cdf307b9cab,1790602800000,1790603100000,120.81843,10.56149
"TV-FOOTPRINT-CALIBRATION-001|MM-V1|BINANCE:BTCUSDT|5|1790603400000",cda3f9447e227b108a6b3f972f81fec4661a398aec283194707db18d82a42d9e,1790603100000,1790603400000,116.668,-34.02912
"TV-FOOTPRINT-CALIBRATION-001|MM-V1|BINANCE:BTCUSDT|5|1790603700000",2955e5fb4193e1c9260dcf911989e59f0e80ed77b491efe912255932b8142f2e,1790603400000,1790603700000,81.93425,-10.17513
"TV-FOOTPRINT-CALIBRATION-001|MM-V1|BINANCE:BTCUSDT|5|1790604000000",13807e63830ac2a016123853208b3da22ea40146f4e61b2c2b4903f64b1bd073,1790603700000,1790604000000,104.47012,25.4842
"TV-FOOTPRINT-CALIBRATION-001|MM-V1|BINANCE:BTCUSDT|5|1790604300000",83eaf4a7c0599768201883c9362f9c9574c9a13d31441569fa7c2dfa2e7b28e2,1790604000000,1790604300000,110.1434,-77.24464
"TV-FOOTPRINT-CALIBRATION-001|MM-V1|BINANCE:BTCUSDT|5|1790604600000",615d46bd6b623bed74bd042bfd92ee33659c3c7b6e12f551518a2179c3e4fc15,1790604300000,1790604600000,87.65624,0.60526
"TV-FOOTPRINT-CALIBRATION-001|MM-V1|BINANCE:BTCUSDT|5|1790604900000",72c12df0b54c606793d93ed0eccb085665cba1624d790a0f210238698327b5c0,1790604600000,1790604900000,76.54404,-8.84736
"TV-FOOTPRINT-CALIBRATION-001|MM-V1|BINANCE:BTCUSDT|5|1790605200000",7363e14d3cb4354d2ccc5668dcf14cc13aadee1dd2176efb8f11e6543178f020,1790604900000,1790605200000,76.23999,-10.10711
"TV-FOOTPRINT-CALIBRATION-001|MM-V1|BINANCE:BTCUSDT|5|1790605500000",614c5e06f88aa189abfe22bd1e07aa0e305c2e57e699d37f0ad0f49a3289ed9f,1790605200000,1790605500000,64.56695,7.87751
"TV-FOOTPRINT-CALIBRATION-001|MM-V1|BINANCE:BTCUSDT|5|1790605800000",a145465ff4e665cf5c121408384a70ac26087d185f09e4e2e493c9d7aeaa39f8,1790605500000,1790605800000,145.27259,-55.29251
"TV-FOOTPRINT-CALIBRATION-001|MM-V1|BINANCE:BTCUSDT|5|1790606100000",4cc127a49709d427019377bb4e26bbb15a15ad1cd6113bf176df6cd38eb5b7f8,1790605800000,1790606100000,126.08743,-0.51825
"TV-FOOTPRINT-CALIBRATION-001|MM-V1|BINANCE:BTCUSDT|5|1790606400000",9ca20bf71b1280fdfe060f4a5bda9866570dceab8a26148dc286fd08ef267e2e,1790606100000,1790606400000,59.79196,-3.78064
"TV-FOOTPRINT-CALIBRATION-001|MM-V1|BINANCE:BTCUSDT|5|1790606700000",f001be7569ac0acf0f73964359b17cdc9a31079c72cfe27682591999968a5402,1790606400000,1790606700000,271.10004,-88.74486
"TV-FOOTPRINT-CALIBRATION-001|MM-V1|BINANCE:BTCUSDT|5|1790607000000",5b3833eeb4d23cc2f1e8a5affb35aac73a80d496c8964fcaf311801d2fb49195,1790606700000,1790607000000,124.35247,-46.50987
"TV-FOOTPRINT-CALIBRATION-001|MM-V1|BINANCE:BTCUSDT|5|1790607300000",a158caab43f52fee8c9ecaf2e00fb424479567fbcb53722d2f704e1f68330f1e,1790607000000,1790607300000,241.75511,-15.50433
"TV-FOOTPRINT-CALIBRATION-001|MM-V1|BINANCE:BTCUSDT|5|1790607600000",37479b6f699391eb518e3c57bc07b7b0cdd0d53f07ead85f1d93732179168644,1790607300000,1790607600000,112.7871,51.31038
"TV-FOOTPRINT-CALIBRATION-001|MM-V1|BINANCE:BTCUSDT|5|1790607900000",bc1eca11a481383406a48280e7a58265e653e52b32bfcbf4c18ca00aa77c2d07,1790607600000,1790607900000,74.20907,-26.74941
"TV-FOOTPRINT-CALIBRATION-001|MM-V1|BINANCE:BTCUSDT|5|1790608200000",c3bb6fa1d9047a46231ed7535fb8172e0f76576b0918e0b4f284ce3793acef3f,1790607900000,1790608200000,182.21821,54.44535
"TV-FOOTPRINT-CALIBRATION-001|MM-V1|BINANCE:BTCUSDT|5|1790608500000",a113110172e6af6f14fd9100867df5edda1b53793a2ec3e60af3372bea1a5aa4,1790608200000,1790608500000,125.56259,-47.43477
"TV-FOOTPRINT-CALIBRATION-001|MM-V1|BINANCE:BTCUSDT|5|1790608800000",10692cfbe461566401b41f51c862a2cbe482c90af30ee37242884f7779ddaa97,1790608500000,1790608800000,152.54757,-70.76909
"TV-FOOTPRINT-CALIBRATION-001|MM-V1|BINANCE:BTCUSDT|5|1790609100000",661e113174b2682a9a25b5ddda569c572f416016babec905c58886f7228b190b,1790608800000,1790609100000,365.4291,118.91588
"TV-FOOTPRINT-CALIBRATION-001|MM-V1|BINANCE:BTCUSDT|5|1790609400000",000568475764caadb2217e0c3feb620b132ed230643462374547278ea5ce9553,1790609100000,1790609400000,74.36404,-8.36894
"TV-FOOTPRINT-CALIBRATION-001|MM-V1|BINANCE:BTCUSDT|5|1790609700000",5649be2ca6b4fa007d05732677c620054ccf8aa90753478b9561d1b6c8855729,1790609400000,1790609700000,36.62575,-1.98959
"TV-FOOTPRINT-CALIBRATION-001|MM-V1|BINANCE:BTCUSDT|5|1790610000000",bc609023017727465af22f6aa2fbd741c108d67b9418bcae7f85da216dbb7eda,1790609700000,1790610000000,169.66232,109.16168
"TV-FOOTPRINT-CALIBRATION-001|MM-V1|BINANCE:BTCUSDT|5|1790610300000",e29f23b1868037e698c85ed97bdfda872839a0201c3abd65417376e7127c3f74,1790610000000,1790610300000,43.66229,-22.89547
"TV-FOOTPRINT-CALIBRATION-001|MM-V1|BINANCE:BTCUSDT|5|1790610600000",06f04020b77edc00dd273d4adb1ff14b8b4b8f7a5c57f181d9ce204eedd2f3d8,1790610300000,1790610600000,56.01795,13.68259
"TV-FOOTPRINT-CALIBRATION-001|MM-V1|BINANCE:BTCUSDT|5|1790610900000",a45c547c4a8a61493cb38394bdb9ec5ff352e416a55109cab806210e65c339cc,1790610600000,1790610900000,67.16391,2.01951
"TV-FOOTPRINT-CALIBRATION-001|MM-V1|BINANCE:BTCUSDT|5|1790611200000",586de3d6c317f04b131abc2a61cc438da43951b21aecfcd129eefa62233b35df,1790610900000,1790611200000,59.01684,1.62548
"TV-FOOTPRINT-CALIBRATION-001|MM-V1|BINANCE:BTCUSDT|5|1790611500000",44cd095242320d3022c40143d24d5cb427826e26195fea15bb86ba4dbb07b419,1790611200000,1790611500000,65.95199,-22.02533
"TV-FOOTPRINT-CALIBRATION-001|MM-V1|BINANCE:BTCUSDT|5|1790611800000",4c3fb46bdad2de085e88f0bf5e457475e153c6d09fa942db2f4ec3e78d6cc38d,1790611500000,1790611800000,67.77215,24.01169
"TV-FOOTPRINT-CALIBRATION-001|MM-V1|BINANCE:BTCUSDT|5|1790612100000",dcaed756489e8ef1d8c76b03835effe535fc5194feb8a96d98a30d15144ec35f,1790611800000,1790612100000,46.78759,10.47011
"TV-FOOTPRINT-CALIBRATION-001|MM-V1|BINANCE:BTCUSDT|5|1790612400000",8102fc6b720686db2b1aa285a468a3e07a38e5555d98468a1c6c4a882e1f742a,1790612100000,1790612400000,103.33035,44.97595
"TV-FOOTPRINT-CALIBRATION-001|MM-V1|BINANCE:BTCUSDT|5|1790612700000",c8dcf961420053a627e9b0267ff1d8059fe46f4805c2ad17b41a6b37daf1defc,1790612400000,1790612700000,175.42767,115.37677
"TV-FOOTPRINT-CALIBRATION-001|MM-V1|BINANCE:BTCUSDT|5|1790613000000",445ec8697cedc11c019b553627b369ec8487bea7b8d5ec9b2f03e841492b011e,1790612700000,1790613000000,192.54628,48.75362
"TV-FOOTPRINT-CALIBRATION-001|MM-V1|BINANCE:BTCUSDT|5|1790613300000",3ee53b1784f47b8a0f2e9cc6fd7c8e47c78ce04b4890bebb14d98422d6e468c2,1790613000000,1790613300000,88.57103,3.48967
"TV-FOOTPRINT-CALIBRATION-001|MM-V1|BINANCE:BTCUSDT|5|1790613600000",c8b4ec1ea17afb12b68aa47bd18ade98f24421baa9a3bbec156c9870adfdd130,1790613300000,1790613600000,69.54119,-18.56985
"TV-FOOTPRINT-CALIBRATION-001|MM-V1|BINANCE:BTCUSDT|5|1790613900000",1019dce4e8957c9c15e672798bfd22c7ef88a9e19a918a4ccc594fcb0962785d,1790613600000,1790613900000,104.99523,-13.29303
"TV-FOOTPRINT-CALIBRATION-001|MM-V1|BINANCE:BTCUSDT|5|1790614200000",672c3f250dc9ff60b8521066e3db9b64119561d38a5bc41fed7ae4a4a54656ad,1790613900000,1790614200000,95.62614,-39.57274
"TV-FOOTPRINT-CALIBRATION-001|MM-V1|BINANCE:BTCUSDT|5|1790614500000",f1a770c3484ceed58e761513a1d3389f56c42129c75964c083a6bf51c2e6e1cb,1790614200000,1790614500000,56.30153,-3.61643
"TV-FOOTPRINT-CALIBRATION-001|MM-V1|BINANCE:BTCUSDT|5|1790614800000",463c9534600361c2f7ec5f13a5aac72e9f65254573eb8195732c165d2e37ad37,1790614500000,1790614800000,39.41453,-10.28447
"TV-FOOTPRINT-CALIBRATION-001|MM-V1|BINANCE:BTCUSDT|5|1790615100000",fafb40f4f7d58b33fc0094010165413a7ea17ba2c224104f2b47bde1377d7d6e,1790614800000,1790615100000,116.05292,3.87412
"TV-FOOTPRINT-CALIBRATION-001|MM-V1|BINANCE:BTCUSDT|5|1790615400000",85dfc1f2d6456e29f39bb1e2d25e5338224dd1d166bf4dff2187727e06ff9fa9,1790615100000,1790615400000,59.29834,-30.63044
"TV-FOOTPRINT-CALIBRATION-001|MM-V1|BINANCE:BTCUSDT|5|1790615700000",7b405b0dc4f838247c38e0927643efec7f0668c09036d44ca07ae0cf5eabc41a,1790615400000,1790615700000,166.8829,103.5273
"TV-FOOTPRINT-CALIBRATION-001|MM-V1|BINANCE:BTCUSDT|5|1790616000000",d7e9de02b5ceb806313da1daabd9286605337d27e19118cab46c642779e178fd,1790615700000,1790616000000,143.12836,-17.36576
"TV-FOOTPRINT-CALIBRATION-001|MM-V1|BINANCE:BTCUSDT|5|1790616300000",7f1728d94cbf39ec3d40ba352022990d8653c3bd03871b2650056fe1340467de,1790616000000,1790616300000,75.305,23.7657
"TV-FOOTPRINT-CALIBRATION-001|MM-V1|BINANCE:BTCUSDT|5|1790616600000",336b1bee8a41324d4df451a13e15780b0640bac2754f2c48f1715ce5ab250fc0,1790616300000,1790616600000,69.95906,-19.08332
"TV-FOOTPRINT-CALIBRATION-001|MM-V1|BINANCE:BTCUSDT|5|1790616900000",648ac29812a928c796c3657288216507377582a714a0029753e308cbe13edd8b,1790616600000,1790616900000,35.61477,-1.80403
"TV-FOOTPRINT-CALIBRATION-001|MM-V1|BINANCE:BTCUSDT|5|1790617200000",0840c97373eebb6dd27e051dbfd5d3fd4c27836d6f17b6e8589ef4926eb0c0ba,1790616900000,1790617200000,37.2852,-17.57644
"TV-FOOTPRINT-CALIBRATION-001|MM-V1|BINANCE:BTCUSDT|5|1790617500000",2e05562e9e2ea474f7dfe404ab0fdd91d63998c1c2366d9582983bc33ec835b7,1790617200000,1790617500000,23.10227,3.35871
"TV-FOOTPRINT-CALIBRATION-001|MM-V1|BINANCE:BTCUSDT|5|1790617800000",c0384d52f88c06b477a04205bb043e3facba440c4f789018cc3fa379ecaeb6cb,1790617500000,1790617800000,27.38278,-8.5882
"TV-FOOTPRINT-CALIBRATION-001|MM-V1|BINANCE:BTCUSDT|5|1790618100000",613be45ead7ed52a9fc64a19246d318e23a75356b4bf87edde86043ac773c334,1790617800000,1790618100000,26.85983,-5.08177
"TV-FOOTPRINT-CALIBRATION-001|MM-V1|BINANCE:BTCUSDT|5|1790618400000",0db24f657775c5f97a2e5eadfa5eeed33d9e12f587aa2d4c337a0ff4e1a016f1,1790618100000,1790618400000,30.03001,-1.65477
"TV-FOOTPRINT-CALIBRATION-001|MM-V1|BINANCE:BTCUSDT|5|1790618700000",f1e387f0b2c4f15f75f12281d068b39880b87d426a6a734fe7614f96e803d1a8,1790618400000,1790618700000,35.5317,7.28412
"TV-FOOTPRINT-CALIBRATION-001|MM-V1|BINANCE:BTCUSDT|5|1790619000000",4c093b3611868abf793222877c244a9371d44a87fa06a42aa8f915fccf0f6c63,1790618700000,1790619000000,19.9812,-4.40492
"TV-FOOTPRINT-CALIBRATION-001|MM-V1|BINANCE:BTCUSDT|5|1790619300000",6a4782d3860928d7394cd81887143d7ac3e5def85866ed211a2bbb66275ba407,1790619000000,1790619300000,17.26329,-3.13557
"TV-FOOTPRINT-CALIBRATION-001|MM-V1|BINANCE:BTCUSDT|5|1790619600000",7a2fd186346378975c2144997495b9a520bbeeb4af567da26d5eab3366b85845,1790619300000,1790619600000,13.53592,-2.2191
"TV-FOOTPRINT-CALIBRATION-001|MM-V1|BINANCE:BTCUSDT|5|1790619900000",fffe8d2066475c73855058ec173d9fe789e83b37b7cf612a5bbaf87e83d59823,1790619600000,1790619900000,14.03953,-2.83715
"TV-FOOTPRINT-CALIBRATION-001|MM-V1|BINANCE:BTCUSDT|5|1790620200000",309a130559c379fd3759171833b49f0563b3e03de960b18aa77fde995e5b2a34,1790619900000,1790620200000,20.53911,1.85533
"TV-FOOTPRINT-CALIBRATION-001|MM-V1|BINANCE:BTCUSDT|5|1790620500000",8c57fbeb4a4110dcd7906319d5f88ce122270620b5b09be9aa033a42fc9c0f1d,1790620200000,1790620500000,32.72325,-5.79853
"TV-FOOTPRINT-CALIBRATION-001|MM-V1|BINANCE:BTCUSDT|5|1790620800000",32aa289a9bd4af98948aae6c774e770d3f97da4fec320a1545146fe07745d60e,1790620500000,1790620800000,21.37435,-5.44231
"TV-FOOTPRINT-CALIBRATION-001|MM-V1|BINANCE:BTCUSDT|5|1790621100000",9490fc74845ec24164bdb5124f7e9f1ef5be55e9656378afcdc731bf3683f455,1790620800000,1790621100000,18.13635,-3.46915
"TV-FOOTPRINT-CALIBRATION-001|MM-V1|BINANCE:BTCUSDT|5|1790621400000",d802318c44a896efcb2630b7c51a82ef842e1365bfc3c1ab35b8eee9061df7c9,1790621100000,1790621400000,62.84391,6.64925
"TV-FOOTPRINT-CALIBRATION-001|MM-V1|BINANCE:BTCUSDT|5|1790621700000",986bd790dfe73e74bc754c3f2b0c95496fb75ce20eb2c5afc400de4ee6e49f94,1790621400000,1790621700000,116.1588,9.82706
"TV-FOOTPRINT-CALIBRATION-001|MM-V1|BINANCE:BTCUSDT|5|1790622000000",3d99b0211529040d5dc9f39d6bb6c918bb41d40f9bcdc6827fa901790835c4a1,1790621700000,1790622000000,59.04246,6.12992
"TV-FOOTPRINT-CALIBRATION-001|MM-V1|BINANCE:BTCUSDT|5|1790622300000",4457f74ca1dc805597ffd6f832bfb7538c5b4b2057605d2525c102e96d1931ac,1790622000000,1790622300000,25.21743,-11.27089
"TV-FOOTPRINT-CALIBRATION-001|MM-V1|BINANCE:BTCUSDT|5|1790622600000",d9b295fe5d5041250b4b14c0f28169e87bdb31eed6a9ebc983f76ba3a88bf851,1790622300000,1790622600000,47.23285,-24.83245
"TV-FOOTPRINT-CALIBRATION-001|MM-V1|BINANCE:BTCUSDT|5|1790622900000",387a8751224be60cf46f5bcca98643f5e9f57cf74060e3db3aaf8887cee2c0e2,1790622600000,1790622900000,29.0288,8.50026
"TV-FOOTPRINT-CALIBRATION-001|MM-V1|BINANCE:BTCUSDT|5|1790623200000",6735c75574fb981ebb51165777427fbd1bc4b2a6b4f79a08d527fd4a0bb0f432,1790622900000,1790623200000,18.2306,-2.93614
"TV-FOOTPRINT-CALIBRATION-001|MM-V1|BINANCE:BTCUSDT|5|1790623500000",f057e9d03a135651f4b3737a7103e900fc49a8a43d9734851ae775613786aabd,1790623200000,1790623500000,17.11522,-6.26792
"TV-FOOTPRINT-CALIBRATION-001|MM-V1|BINANCE:BTCUSDT|5|1790623800000",a243ba3510c348f259e09180466b70e5248aa9c235f8a984973670bbdb9a50de,1790623500000,1790623800000,25.77682,-14.17352
"TV-FOOTPRINT-CALIBRATION-001|MM-V1|BINANCE:BTCUSDT|5|1790624100000",dda6937566a8a85f50f603eab7f4a82f3533d63012735ca2d003ab9e0a2ec441,1790623800000,1790624100000,49.30151,-27.14443
"TV-FOOTPRINT-CALIBRATION-001|MM-V1|BINANCE:BTCUSDT|5|1790624400000",db1e5b4529740f69a850c0f2dd0493372b8dbf31649899f352001f456e3e3c0e,1790624100000,1790624400000,79.17888,-43.57682
"TV-FOOTPRINT-CALIBRATION-001|MM-V1|BINANCE:BTCUSDT|5|1790624700000",9402493d2a39cbc02ffd50acc4eb49ae83668c951d9eb659109a5ca4458b914b,1790624400000,1790624700000,106.9058,-35.17462
"TV-FOOTPRINT-CALIBRATION-001|MM-V1|BINANCE:BTCUSDT|5|1790625000000",e14a42df1ec8b8a9fe8433b213d987db11cffa8c68b882acd05f756de314afa2,1790624700000,1790625000000,29.67094,-2.91836
"TV-FOOTPRINT-CALIBRATION-001|MM-V1|BINANCE:BTCUSDT|5|1790625300000",99fc23a5bb54a839cbce0e5fae20be076b2f73e7e07db20d4aba6b89b0f25a7e,1790625000000,1790625300000,23.91691,3.47373
"TV-FOOTPRINT-CALIBRATION-001|MM-V1|BINANCE:BTCUSDT|5|1790625600000",622f464f2621ec46720fba0d57a87ee4c8e1017e5b99874bd76f29b1910dd11a,1790625300000,1790625600000,34.43663,2.76909
"TV-FOOTPRINT-CALIBRATION-001|MM-V1|BINANCE:BTCUSDT|5|1790625900000",d6d75c6f6690eb6a611d5d9b9985b147a529dd2076fe7c3a32f740c82dfd017e,1790625600000,1790625900000,47.87021,-8.79613
"TV-FOOTPRINT-CALIBRATION-001|MM-V1|BINANCE:BTCUSDT|5|1790626200000",8f33bafd676c818ad754abfdd1f47ce2b644f33eb732b05249cbafd51616b445,1790625900000,1790626200000,43.77893,24.42555
"TV-FOOTPRINT-CALIBRATION-001|MM-V1|BINANCE:BTCUSDT|5|1790626500000",8edc7c647508fc1a5173b0579aa95ce1a6c1c81fadff6c314fc5ce102b681219,1790626200000,1790626500000,33.38314,-9.53574
"TV-FOOTPRINT-CALIBRATION-001|MM-V1|BINANCE:BTCUSDT|5|1790626800000",2fa3cdb6dad2e75b52d41724dd3a37f8e428c71bb48f18a9263b2db08c1ab8f9,1790626500000,1790626800000,13.56135,-4.36149
"TV-FOOTPRINT-CALIBRATION-001|MM-V1|BINANCE:BTCUSDT|5|1790627100000",0428ac70e60799357bec1c6f929019dbee008dc4236f282177fdc620350e9d54,1790626800000,1790627100000,17.05011,-2.48739
"TV-FOOTPRINT-CALIBRATION-001|MM-V1|BINANCE:BTCUSDT|5|1790627400000",919f5f35d95e134c1daae1bc03af7c2904d55ee9a63259d500e81a3d40825132,1790627100000,1790627400000,49.26849,-15.84629
"TV-FOOTPRINT-CALIBRATION-001|MM-V1|BINANCE:BTCUSDT|5|1790627700000",ef7d9273a75816661836e840100c52267a8e4fedf622b58478b4fb2d51f1ff27,1790627400000,1790627700000,14.45301,3.58263
"TV-FOOTPRINT-CALIBRATION-001|MM-V1|BINANCE:BTCUSDT|5|1790628000000",e1bdaa1e4f5d005ed3d0d020561fbff867df28f45be2399f02b2c472fb014966,1790627700000,1790628000000,8.18373,-1.67535
"TV-FOOTPRINT-CALIBRATION-001|MM-V1|BINANCE:BTCUSDT|5|1790628300000",358500c4335d7d34f3751655e8676bdc24f18783dba340b4323b36f47780bf7e,1790628000000,1790628300000,12.95662,-1.0961
"TV-FOOTPRINT-CALIBRATION-001|MM-V1|BINANCE:BTCUSDT|5|1790628600000",077e949131ec18247bd0ec4ca40f4fcbd8e3a2a66eccd3a991df6dc6fa670c25,1790628300000,1790628600000,13.44238,-2.90862
"TV-FOOTPRINT-CALIBRATION-001|MM-V1|BINANCE:BTCUSDT|5|1790628900000",2f2b5cf1ec1ff49719f1ca032c7710ffe8561cbd2c4b5e088c274683568dabe1,1790628600000,1790628900000,12.70488,-4.3686
"TV-FOOTPRINT-CALIBRATION-001|MM-V1|BINANCE:BTCUSDT|5|1790629200000",509c72a75d4f2f289f7bcc5aeac8b733ff8739239d1c966561e574ea3defa117,1790628900000,1790629200000,14.54255,-2.13321
"TV-FOOTPRINT-CALIBRATION-001|MM-V1|BINANCE:BTCUSDT|5|1790629500000",3ff1d51d5f7b27de57119de8803455b3a3e9a360082000c02dc790a7b74779bd,1790629200000,1790629500000,19.61089,7.76981
"TV-FOOTPRINT-CALIBRATION-001|MM-V1|BINANCE:BTCUSDT|5|1790629800000",6341372df4915a8b89e58d503a5812d8596fb1e9576886c617791d892f666881,1790629500000,1790629800000,14.10172,-2.8544
"TV-FOOTPRINT-CALIBRATION-001|MM-V1|BINANCE:BTCUSDT|5|1790630100000",aef9afd7b957860f38ce72b5c18f9c43da84f299fb710dd082ae7a67435c92b7,1790629800000,1790630100000,19.5526,-3.67256
"TV-FOOTPRINT-CALIBRATION-001|MM-V1|BINANCE:BTCUSDT|5|1790630400000",eb678523721d5cbd10d1a652f2a92e8b3338bf75cbe522f69614119c156de33e,1790630100000,1790630400000,9.61742,-1.6821
"TV-FOOTPRINT-CALIBRATION-001|MM-V1|BINANCE:BTCUSDT|5|1790630700000",e2c8ab0b52bc346ed314e087a7e1af6b0d4d24395c38df3b20a24cb9eb0fa7b8,1790630400000,1790630700000,9.2832,-6.2192
"TV-FOOTPRINT-CALIBRATION-001|MM-V1|BINANCE:BTCUSDT|5|1790631000000",1e5fe89b1affa4d2abee8f257001f638ff53e9f66ae94dc192c137fff27f0f88,1790630700000,1790631000000,19.11019,5.74835
"TV-FOOTPRINT-CALIBRATION-001|MM-V1|BINANCE:BTCUSDT|5|1790631300000",cf8e13af0aa0e01549d960faf00338fe49b5e0661015d5676bd669c93bc8bf65,1790631000000,1790631300000,11.50751,2.07063
"TV-FOOTPRINT-CALIBRATION-001|MM-V1|BINANCE:BTCUSDT|5|1790631600000",7fb57e73fe7f298237661e3c94cac5b6730f5d561fb05835c22ec6a7731ca19d,1790631300000,1790631600000,10.92759,-3.62651
"TV-FOOTPRINT-CALIBRATION-001|MM-V1|BINANCE:BTCUSDT|5|1790631900000",24580216246bad100cf60aa3c2e52410f1963009b295abea6c71c53ab2a83d83,1790631600000,1790631900000,15.73612,-3.00122
"TV-FOOTPRINT-CALIBRATION-001|MM-V1|BINANCE:BTCUSDT|5|1790632200000",3cedd00f0e0d66053452f7c94ed8a1f4f09fa4c08bc655aba2a2688207c25456,1790631900000,1790632200000,6.61943,-1.97717
"TV-FOOTPRINT-CALIBRATION-001|MM-V1|BINANCE:BTCUSDT|5|1790632500000",3cf6d71d3554c5f038f439f0abc36052f987971ff0d640058cc327524479a281,1790632200000,1790632500000,39.14877,-17.20733
"TV-FOOTPRINT-CALIBRATION-001|MM-V1|BINANCE:BTCUSDT|5|1790632800000",1258eab3ddfb5259a5648072e29eee1e8a842705d4e4e3aba8c7092df2c0482e,1790632500000,1790632800000,20.03798,-4.78308
"TV-FOOTPRINT-CALIBRATION-001|MM-V1|BINANCE:BTCUSDT|5|1790633100000",1a15c83a53178c52cbbf5c0128ca67353a243e92a654038ff7282b80a66b1b8f,1790632800000,1790633100000,68.53912,-25.1612
"TV-FOOTPRINT-CALIBRATION-001|MM-V1|BINANCE:BTCUSDT|5|1790633400000",1c628ae3989fa1a92950f091317ead471bcbe60612a715d0aa5aaca245431972,1790633100000,1790633400000,26.31454,3.77554
"TV-FOOTPRINT-CALIBRATION-001|MM-V1|BINANCE:BTCUSDT|5|1790633700000",708e6f33af9acf5162fa7890092edb7dd76ed5734542fa2b9b353d126bee5190,1790633400000,1790633700000,40.69225,-14.49387
"TV-FOOTPRINT-CALIBRATION-001|MM-V1|BINANCE:BTCUSDT|5|1790634000000",b52bd3bd8d9bea21e77567d933e51cbf4a063651df614c3f4998e581672768d8,1790633700000,1790634000000,9.26006,3.9349
"TV-FOOTPRINT-CALIBRATION-001|MM-V1|BINANCE:BTCUSDT|5|1790634300000",aeca635bdd0ec88c20bf8cb7903e2f698a67b095f8e41dc4f66ed1a3345cebcd,1790634000000,1790634300000,17.09097,-7.25689
"TV-FOOTPRINT-CALIBRATION-001|MM-V1|BINANCE:BTCUSDT|5|1790634600000",aa75dd3fcb13fa72bbbea159db1819cca7d80a958a05ae6169b6984408bf98fe,1790634300000,1790634600000,5.99384,-0.59486
"TV-FOOTPRINT-CALIBRATION-001|MM-V1|BINANCE:BTCUSDT|5|1790634900000",1eabf6669fe3f75e067837ff1e427a15d283352668bb9902066864e3e1427809,1790634600000,1790634900000,13.30929,5.57627
"TV-FOOTPRINT-CALIBRATION-001|MM-V1|BINANCE:BTCUSDT|5|1790635200000",e59c6d045b4947c867475f43182e2d86ac8bf7e11db259e9aa580b0f0a33c007,1790634900000,1790635200000,16.54184,7.29198
"TV-FOOTPRINT-CALIBRATION-001|MM-V1|BINANCE:BTCUSDT|5|1790635500000",4d364a476eeb440a02914d00add4785d586d579efb88d84017bd3fa91fd2466f,1790635200000,1790635500000,6.43023,-1.09587
"TV-FOOTPRINT-CALIBRATION-001|MM-V1|BINANCE:BTCUSDT|5|1790635800000",e95a24240f3adc72bc877c6409811c3df152f18a1125c37a998f0d144a02419f,1790635500000,1790635800000,16.99028,3.01398
"TV-FOOTPRINT-CALIBRATION-001|MM-V1|BINANCE:BTCUSDT|5|1790636100000",abc7c7f9940aa8d05ca6371a4c31598eed38d17cfe9fc8306aad76f4dda53b25,1790635800000,1790636100000,35.01329,0.72625
"TV-FOOTPRINT-CALIBRATION-001|MM-V1|BINANCE:BTCUSDT|5|1790636400000",542b41d480e4e6ce308ba5022e05aab1d0efe7c9089e7ac323b8cfaac92b498c,1790636100000,1790636400000,10.08144,5.80104
"TV-FOOTPRINT-CALIBRATION-001|MM-V1|BINANCE:BTCUSDT|5|1790636700000",3d3c684468b71375c225e89c505eee2d59fe81a741e723b26cc879b2b2a607c1,1790636400000,1790636700000,28.36666,13.30408
"TV-FOOTPRINT-CALIBRATION-001|MM-V1|BINANCE:BTCUSDT|5|1790637000000",4eb0358f2590e9de992a27de2b80ce69b78aad3c463c786eb0cc2c2b88be6d85,1790636700000,1790637000000,21.406,-8.1134
"TV-FOOTPRINT-CALIBRATION-001|MM-V1|BINANCE:BTCUSDT|5|1790637300000",63fedf3f3f5e781659c37598eb1d8ac90abb301219a07cd9671bd8b466cf3513,1790637000000,1790637300000,16.35155,-7.90727
"TV-FOOTPRINT-CALIBRATION-001|MM-V1|BINANCE:BTCUSDT|5|1790637600000",0f2c56532e22d056c140df9a65daf00b0f78d5a003a8db62aff1c4adb9df667a,1790637300000,1790637600000,16.61089,3.51693
"TV-FOOTPRINT-CALIBRATION-001|MM-V1|BINANCE:BTCUSDT|5|1790637900000",0bf3f9f9b6ba6b8970a32dd2df6c276214f1cf200a0f5292cb4ee5af6f283455,1790637600000,1790637900000,13.26734,-2.37324
"TV-FOOTPRINT-CALIBRATION-001|MM-V1|BINANCE:BTCUSDT|5|1790638200000",738b43ecbe5244f14f36f277d324c4ea071706e261be070c26ce58518b3283ce,1790637900000,1790638200000,13.35086,1.51124
"TV-FOOTPRINT-CALIBRATION-001|MM-V1|BINANCE:BTCUSDT|5|1790638500000",547a12c94424defa64f992bef998cdf22c89cf3671c148d398afd41e854185a5,1790638200000,1790638500000,14.68678,-0.9295
"TV-FOOTPRINT-CALIBRATION-001|MM-V1|BINANCE:BTCUSDT|5|1790638800000",0f95fb726d35dc79fb63e88bbf607808cef58f169f4f5ffc1bb135c45e26fb0f,1790638500000,1790638800000,4.12024,1.4129
"TV-FOOTPRINT-CALIBRATION-001|MM-V1|BINANCE:BTCUSDT|5|1790639100000",ceef7707a41b6ee14794d9de95d7dc4862db1a222d8d30d662b9b317adfe2da5,1790638800000,1790639100000,13.48812,5.1749
"TV-FOOTPRINT-CALIBRATION-001|MM-V1|BINANCE:BTCUSDT|5|1790639400000",e07fa4dd915e801c341be22060e108e7924f6ab1de031b5d515ef1be992ca0f7,1790639100000,1790639400000,8.28271,-4.57287
"TV-FOOTPRINT-CALIBRATION-001|MM-V1|BINANCE:BTCUSDT|5|1790639700000",1d5ecacafa9fc492b56211c7f4be7d7025ea3fb1c5e916f82eb2ed3d9adbc491,1790639400000,1790639700000,13.19882,0.43236
"TV-FOOTPRINT-CALIBRATION-001|MM-V1|BINANCE:BTCUSDT|5|1790640000000",09b9fb2f04359cc8f7cf4e668de2e3087d451451be2f876ee978c1e8b9215cd8,1790639700000,1790640000000,14.55138,-7.6298
"TV-FOOTPRINT-CALIBRATION-001|MM-V1|BINANCE:BTCUSDT|5|1790640300000",187a401120bc8c2caf6a3fba5a5e8613125cdad9ed65565cb462d6f8a3f4389e,1790640000000,1790640300000,20.51963,-0.88065
"TV-FOOTPRINT-CALIBRATION-001|MM-V1|BINANCE:BTCUSDT|5|1790640600000",eb07640270c2c9b33938f750bd223e19fbff7fd34467e8c26b451e7b6461fdd4,1790640300000,1790640600000,19.10857,1.32607
"TV-FOOTPRINT-CALIBRATION-001|MM-V1|BINANCE:BTCUSDT|5|1790640900000",87e3a8e2d786ced7d2c893d56f5c745c3d1186c5cd8b466d2f12b81b63a4e614,1790640600000,1790640900000,33.87901,5.83475
"TV-FOOTPRINT-CALIBRATION-001|MM-V1|BINANCE:BTCUSDT|5|1790641200000",0b253f46e4c0b5bca456378f03a3147f36576a3c82d02505faae774181a482cc,1790640900000,1790641200000,20.63373,-4.26189
"TV-FOOTPRINT-CALIBRATION-001|MM-V1|BINANCE:BTCUSDT|5|1790641500000",8e040758de378634942525f63bb9dde9fe1bec517c1ed0bec5a4647b9c8ae878,1790641200000,1790641500000,25.51004,-6.98202
"TV-FOOTPRINT-CALIBRATION-001|MM-V1|BINANCE:BTCUSDT|5|1790641800000",94523fe9a1114c56331e69e31ec9d1affef50ca9aa59c5b6e6a2acd5a08ff298,1790641500000,1790641800000,125.13408,108.27314
"TV-FOOTPRINT-CALIBRATION-001|MM-V1|BINANCE:BTCUSDT|5|1790642100000",d8487e43b0f78f5563c8a63ca8535a805472b177705b03837d042ba8cf1df6d7,1790641800000,1790642100000,151.00745,-59.92123
"TV-FOOTPRINT-CALIBRATION-001|MM-V1|BINANCE:BTCUSDT|5|1790642400000",5b0b3396ee9a3400d9511d69d5889825d343eebf9d51402ddb2855ccd499f5bc,1790642100000,1790642400000,29.37385,5.69715
"TV-FOOTPRINT-CALIBRATION-001|MM-V1|BINANCE:BTCUSDT|5|1790642700000",a428575f07a662cdc39eb032af15daa901c79e69fafffd0ab92c682ac1c9d9e4,1790642400000,1790642700000,17.58962,1.40056
"TV-FOOTPRINT-CALIBRATION-001|MM-V1|BINANCE:BTCUSDT|5|1790643000000",e680bcd7412900970c38244a0d476b6b7d62fc0d0ca7de7954abecaf96b85023,1790642700000,1790643000000,35.70232,-20.32966
"TV-FOOTPRINT-CALIBRATION-001|MM-V1|BINANCE:BTCUSDT|5|1790643300000",297fcfce36af30024be4ea74d63388749d4bec7c1298c39af8e7b5b181869858,1790643000000,1790643300000,27.23921,-16.23681
"TV-FOOTPRINT-CALIBRATION-001|MM-V1|BINANCE:BTCUSDT|5|1790643600000",734fb368130a2932788a9b95a3961f24946b402793cc2e1c0913630bdc625084,1790643300000,1790643600000,36.0141,-18.20086
"TV-FOOTPRINT-CALIBRATION-001|MM-V1|BINANCE:BTCUSDT|5|1790643900000",cafd3020917561acbccfb26e77de41c0c81f42562dd50e2f7a0e779cac742e87,1790643600000,1790643900000,76.89385,-34.44669
"TV-FOOTPRINT-CALIBRATION-001|MM-V1|BINANCE:BTCUSDT|5|1790644200000",d102b0d3ff48fe1513cd115423439c068a0e33b8387a85117a15719c5e0ca2ab,1790643900000,1790644200000,40.41679,-8.56857
"TV-FOOTPRINT-CALIBRATION-001|MM-V1|BINANCE:BTCUSDT|5|1790644500000",f73af12651187dc393678fd35e06b3bbbd3f05119937de6162951befd14da015,1790644200000,1790644500000,107.61817,-9.69049
"TV-FOOTPRINT-CALIBRATION-001|MM-V1|BINANCE:BTCUSDT|5|1790644800000",611d7241a05294f28fe53d32aaacefc58a4bdc8bf8849463a55df0a064ea8043,1790644500000,1790644800000,81.9404,-44.12402
"TV-FOOTPRINT-CALIBRATION-001|MM-V1|BINANCE:BTCUSDT|5|1790645100000",c6c4ac69c8883bbfa64cc7eae581b0b0334db2da847a380ad04dd5ebbd2dbcba,1790644800000,1790645100000,53.45295,21.55397
"TV-FOOTPRINT-CALIBRATION-001|MM-V1|BINANCE:BTCUSDT|5|1790645400000",9440758fb025c3178c7671da183d75c018fe5deb0c4826b6fcfa2ec842b00a88,1790645100000,1790645400000,61.79696,-33.23394
"TV-FOOTPRINT-CALIBRATION-001|MM-V1|BINANCE:BTCUSDT|5|1790645700000",c0c370e49e5d50df93ab26ff571eba6795957a9dcef6abf9f7247699ccf54f92,1790645400000,1790645700000,53.54716,-7.51916
"TV-FOOTPRINT-CALIBRATION-001|MM-V1|BINANCE:BTCUSDT|5|1790646000000",cf45d533d7292e88f2d129af4b6efff1acb9b134e989b58d49755dcfd7b2664e,1790645700000,1790646000000,62.44783,-6.51439
"TV-FOOTPRINT-CALIBRATION-001|MM-V1|BINANCE:BTCUSDT|5|1790646300000",2b84dd9e1941559551571ef18d0ff4c03eb50ae3ec791520adc071181d4fd8eb,1790646000000,1790646300000,55.69907,0.87891
"TV-FOOTPRINT-CALIBRATION-001|MM-V1|BINANCE:BTCUSDT|5|1790646600000",8748fe6d31573db02ec3e0ea062c4fab1511dd4c634a4cb0d21a42a4b891a630,1790646300000,1790646600000,68.85018,-41.58642
"TV-FOOTPRINT-CALIBRATION-001|MM-V1|BINANCE:BTCUSDT|5|1790646900000",281d7d2bef25670353c99473acd1159cb57760e4aac154317c766b8c475a50ba,1790646600000,1790646900000,31.87286,8.94344
"TV-FOOTPRINT-CALIBRATION-001|MM-V1|BINANCE:BTCUSDT|5|1790647200000",8d67cb946abf5f7fe56a930e1873b84cbac80b629e643ba62f7359d8aee74bc8,1790646900000,1790647200000,60.22583,26.08219
"TV-FOOTPRINT-CALIBRATION-001|MM-V1|BINANCE:BTCUSDT|5|1790647500000",a07873d83baf2afd7982358c5b10a5edb5b04efdce2eb3597313b4b718210033,1790647200000,1790647500000,40.54993,2.01743
"TV-FOOTPRINT-CALIBRATION-001|MM-V1|BINANCE:BTCUSDT|5|1790647800000",7f74b1883918800c9893812a7d20161fa00c93d1e8a99da63b6baa366978dd96,1790647500000,1790647800000,53.78198,4.43596
"TV-FOOTPRINT-CALIBRATION-001|MM-V1|BINANCE:BTCUSDT|5|1790648100000",41bf51208b4390f7c01a2a6e88d9e8a589f21f428cdad4791d9845790515b332,1790647800000,1790648100000,58.65298,8.48858
"TV-FOOTPRINT-CALIBRATION-001|MM-V1|BINANCE:BTCUSDT|5|1790648400000",673c8d2d0b4304f879f9979cd37e5ce243d80b6d130bb33d79a79fa3887fc46d,1790648100000,1790648400000,27.98607,8.29509
"TV-FOOTPRINT-CALIBRATION-001|MM-V1|BINANCE:BTCUSDT|5|1790648700000",d685ec3ddd84c61072676cf7982c0580b039196a1f5290dae5018ee5ee4f0d60,1790648400000,1790648700000,34.7455,-10.3314
"TV-FOOTPRINT-CALIBRATION-001|MM-V1|BINANCE:BTCUSDT|5|1790649000000",2e1ca92fd9f7a72f23cfd8c02da973fdc5309ea1a09b6ee29600d62fecc2e062,1790648700000,1790649000000,21.13555,-7.42225
"TV-FOOTPRINT-CALIBRATION-001|MM-V1|BINANCE:BTCUSDT|5|1790649300000",9d25c55504db3637364e4f50c2933ccde3c22487efef4249cf1412bddaf7008d,1790649000000,1790649300000,29.71337,-3.32873
"TV-FOOTPRINT-CALIBRATION-001|MM-V1|BINANCE:BTCUSDT|5|1790649600000",149388ae24475454abcb82523e949fae485a1f926d51c0d7f270b29e5d64c7ef,1790649300000,1790649600000,29.44492,-4.9425
"TV-FOOTPRINT-CALIBRATION-001|MM-V1|BINANCE:BTCUSDT|5|1790649900000",562d55be675cc9743676eb616be399ae481d0f5938ce15a6bbad7875a1f0a83f,1790649600000,1790649900000,34.76379,0.21001
"TV-FOOTPRINT-CALIBRATION-001|MM-V1|BINANCE:BTCUSDT|5|1790650200000",2588539bd8645fdfa5346ce6ebf8a30f47d8d684a508b3754809f3ff9902ddbf,1790649900000,1790650200000,33.57904,6.44072
"TV-FOOTPRINT-CALIBRATION-001|MM-V1|BINANCE:BTCUSDT|5|1790650500000",39b8ba624fabd89330acc3b84ce230211fa6969d8064d09a40d58e7c962d3957,1790650200000,1790650500000,27.99602,-12.4306
"TV-FOOTPRINT-CALIBRATION-001|MM-V1|BINANCE:BTCUSDT|5|1790650800000",ffd0a68cf2d6815eb3775a5274b9365e0368a3523178ab653d367a67215c2628,1790650500000,1790650800000,39.74321,-8.81909
"TV-FOOTPRINT-CALIBRATION-001|MM-V1|BINANCE:BTCUSDT|5|1790651100000",5124e7723da98d7735f2161a04d04e531126e0214c1f919c4e4827d38872dfab,1790650800000,1790651100000,29.48069,-1.41987
"TV-FOOTPRINT-CALIBRATION-001|MM-V1|BINANCE:BTCUSDT|5|1790651400000",1726f8b56b8083f93bcb2af183af53b496fd3d823229b2d82bc755e8be3b3f62,1790651100000,1790651400000,13.67581,-2.54059
"TV-FOOTPRINT-CALIBRATION-001|MM-V1|BINANCE:BTCUSDT|5|1790651700000",f0de888ebc1383df02ff77d193b846576e0b1e7a939a0b1306c9016f8236ac9d,1790651400000,1790651700000,18.37387,-4.79947
"TV-FOOTPRINT-CALIBRATION-001|MM-V1|BINANCE:BTCUSDT|5|1790652000000",be26d34c30e8c1257dac509a703af9e6e2c9567009e8a1014a49ce4fefe6d3f9,1790651700000,1790652000000,23.76895,-2.21637
"TV-FOOTPRINT-CALIBRATION-001|MM-V1|BINANCE:BTCUSDT|5|1790652300000",1a9c59bd960655828da6b3806f68926e78555af66c352437a904285884775ead,1790652000000,1790652300000,31.72641,6.25665
"TV-FOOTPRINT-CALIBRATION-001|MM-V1|BINANCE:BTCUSDT|5|1790652600000",1bb2b6d7ae329a29de8dc176bea5e8ae6b681f530ff972e4edf65a2e1f58bc78,1790652300000,1790652600000,51.43491,21.23275
"TV-FOOTPRINT-CALIBRATION-001|MM-V1|BINANCE:BTCUSDT|5|1790652900000",825ab0313c8a826c3f01ddc81e2c59528e560025a5093d26758fc0c68137dfdf,1790652600000,1790652900000,28.02256,2.00224
"TV-FOOTPRINT-CALIBRATION-001|MM-V1|BINANCE:BTCUSDT|5|1790653200000",0c0d43c35821e727af213666ed5982a54e2c1e8a07d53e0aae5bb33fa9c70419,1790652900000,1790653200000,14.24077,-5.79209
"TV-FOOTPRINT-CALIBRATION-001|MM-V1|BINANCE:BTCUSDT|5|1790653500000",d73036ba40943d991406e4c4c1c25ab650317d93c239cdb3c53ba74acf9abbd8,1790653200000,1790653500000,13.49999,-1.44705
"TV-FOOTPRINT-CALIBRATION-001|MM-V1|BINANCE:BTCUSDT|5|1790653800000",ead8fae8295ff4b795b50a54f5d82dfbbda39c323b5d4c8213b8ff3dccd6ed97,1790653500000,1790653800000,26.81112,2.19836
"TV-FOOTPRINT-CALIBRATION-001|MM-V1|BINANCE:BTCUSDT|5|1790654100000",81ba6c0fc742e87eabbe6e6d71be2dd42aaf76efcba1e595f9f4592c47900a2c,1790653800000,1790654100000,38.63332,-9.3347
"TV-FOOTPRINT-CALIBRATION-001|MM-V1|BINANCE:BTCUSDT|5|1790654400000",605f6b02f7d4b6019c78a29c42c352e2554eaab4a45a148bd2eb06082f05a974,1790654100000,1790654400000,18.79586,-3.10266
"TV-FOOTPRINT-CALIBRATION-001|MM-V1|BINANCE:BTCUSDT|5|1790654700000",6dabb914f2982d0ffdc1560b1903cd457dbf1a2e4743e4f6d56b2c2bce40ff87,1790654400000,1790654700000,29.88633,2.15733
"TV-FOOTPRINT-CALIBRATION-001|MM-V1|BINANCE:BTCUSDT|5|1790655000000",a12fda8006face3030c6ead8e2570d0e79e88c3b911435a39a7fcefd684ae044,1790654700000,1790655000000,19.85249,-7.62949
"TV-FOOTPRINT-CALIBRATION-001|MM-V1|BINANCE:BTCUSDT|5|1790655300000",ed491d821c1508acce8a17976b30a4b2db57d33dec0fbf28ccdcf5d6ace28ce8,1790655000000,1790655300000,17.52004,-0.8415
"TV-FOOTPRINT-CALIBRATION-001|MM-V1|BINANCE:BTCUSDT|5|1790655600000",14650c4060f4ed56ffe449b7d11541c6195eb760fd3127916e4fc11bd4701d79,1790655300000,1790655600000,23.44207,7.28535
"TV-FOOTPRINT-CALIBRATION-001|MM-V1|BINANCE:BTCUSDT|5|1790655900000",255f684a29b66f4990b71b89906c4302f577dc3cbdeb89d08bbe7cfed5645b31,1790655600000,1790655900000,49.49267,17.76281
"TV-FOOTPRINT-CALIBRATION-001|MM-V1|BINANCE:BTCUSDT|5|1790656200000",447b1068146fc414bc805efb72d122cdf881c00b17729e551b521c3d5a430687,1790655900000,1790656200000,10.41195,-4.61751
"TV-FOOTPRINT-CALIBRATION-001|MM-V1|BINANCE:BTCUSDT|5|1790656500000",4632278757de2d56f152130364f510bd35d480b757ed6c8e3a31d60e34196d04,1790656200000,1790656500000,14.78976,-6.31974
"TV-FOOTPRINT-CALIBRATION-001|MM-V1|BINANCE:BTCUSDT|5|1790656800000",2605f7691bc965e84882a05ed8c9fab7a15da39d0f4721578ffefd1bb567bcc6,1790656500000,1790656800000,34.70323,8.94427
"TV-FOOTPRINT-CALIBRATION-001|MM-V1|BINANCE:BTCUSDT|5|1790657100000",bd8a5193c289f71daa2c65b2fc8abe1eb01b87e65cb0ee2ab4c58a9fca26aaee,1790656800000,1790657100000,25.64953,-5.73561
"TV-FOOTPRINT-CALIBRATION-001|MM-V1|BINANCE:BTCUSDT|5|1790657400000",96af375488ea102cf2115a0ddc2dd9c56e0efb0ce037cda10db6df57d4bb2e4f,1790657100000,1790657400000,63.94362,-7.5169
"TV-FOOTPRINT-CALIBRATION-001|MM-V1|BINANCE:BTCUSDT|5|1790657700000",e4d1ca63f7415a40beb3d0d0e2e8399db0246b11dd7d0554aab26a897ae91d33,1790657400000,1790657700000,39.80725,-11.40817
"TV-FOOTPRINT-CALIBRATION-001|MM-V1|BINANCE:BTCUSDT|5|1790658000000",28fea9d8a89886ccf7a21508a1cb48ee9e653fe606c12c703c83393d08fc3650,1790657700000,1790658000000,20.7798,9.15878
"TV-FOOTPRINT-CALIBRATION-001|MM-V1|BINANCE:BTCUSDT|5|1790658300000",a8aff7c36b5bea626e6a36be67317f810b22990736f635fad3b6710bb7dcfd94,1790658000000,1790658300000,18.43979,3.12415
"TV-FOOTPRINT-CALIBRATION-001|MM-V1|BINANCE:BTCUSDT|5|1790658600000",cf74b8580538440ada5881fa43008809ba5b30a83e5bd9d17ed77fb48ed58878,1790658300000,1790658600000,21.42397,3.67549
"TV-FOOTPRINT-CALIBRATION-001|MM-V1|BINANCE:BTCUSDT|5|1790658900000",75d49a55052fa55ff4983f938b1056ffa8ecf4f3935072d5594744de506d41ad,1790658600000,1790658900000,17.54742,7.31462
"TV-FOOTPRINT-CALIBRATION-001|MM-V1|BINANCE:BTCUSDT|5|1790659200000",a517361960918c9867cb3878105fded08a7c02ae698a9e25d665c60c535ee066,1790658900000,1790659200000,47.00896,10.73238
"TV-FOOTPRINT-CALIBRATION-001|MM-V1|BINANCE:BTCUSDT|5|1790659500000",ac399d7c9969120b7b4cb69f5b996e7691974f7034beb92f955677eae4e79e5f,1790659200000,1790659500000,11.73576,1.46546
"TV-FOOTPRINT-CALIBRATION-001|MM-V1|BINANCE:BTCUSDT|5|1790659800000",7113678b4a9f6ae44b82cc99eaafd497eb187da0720e4cdc62670d4af9b2b935,1790659500000,1790659800000,18.40279,-4.69991
"TV-FOOTPRINT-CALIBRATION-001|MM-V1|BINANCE:BTCUSDT|5|1790660100000",6e09f4557aba5592b1942771a409dc56db48c5c392ad3de169cf76ad64f2b3bf,1790659800000,1790660100000,39.14852,-20.14126
"TV-FOOTPRINT-CALIBRATION-001|MM-V1|BINANCE:BTCUSDT|5|1790660400000",415349e108e1385dcccfcd2d263d3cbdea63b0efdce3ea960d7cb0592fcc8d6f,1790660100000,1790660400000,49.19469,6.76235
"TV-FOOTPRINT-CALIBRATION-001|MM-V1|BINANCE:BTCUSDT|5|1790660700000",52bbd1b921eea6c5b68f69a43ad6c94ee548efb86fe4cd7da5aeb904e14cab48,1790660400000,1790660700000,38.72854,11.57198
"TV-FOOTPRINT-CALIBRATION-001|MM-V1|BINANCE:BTCUSDT|5|1790661000000",b8a2b64a400e3f5fbddcdd780837ae6cea897219c6b8b3696b6842cc43a3707e,1790660700000,1790661000000,27.28938,2.92336
"TV-FOOTPRINT-CALIBRATION-001|MM-V1|BINANCE:BTCUSDT|5|1790661300000",27122641bfab3f42f83375a73e7cee9e819857a76a506b60c8322788c5a8d1d0,1790661000000,1790661300000,31.08937,6.06723
"TV-FOOTPRINT-CALIBRATION-001|MM-V1|BINANCE:BTCUSDT|5|1790661600000",d543a1089b56f0ef57bdfd727091c23061bba5476478771541d2c8f10209d4a4,1790661300000,1790661600000,38.96858,-0.4833
"TV-FOOTPRINT-CALIBRATION-001|MM-V1|BINANCE:BTCUSDT|5|1790661900000",c819e1675b90ad4bc12ea3775cf3f2caf52e482b4294668b3605ff32928f78e6,1790661600000,1790661900000,38.92441,10.83943
"TV-FOOTPRINT-CALIBRATION-001|MM-V1|BINANCE:BTCUSDT|5|1790662200000",13800d67066ce2f50282cbfe7612e0933936bb775d138347d4fb9a2afae19550,1790661900000,1790662200000,91.11491,40.37075
"TV-FOOTPRINT-CALIBRATION-001|MM-V1|BINANCE:BTCUSDT|5|1790662500000",6e632ce1b9bfd377babe15f21d487a67ea237571627aba0579b2317424c66a60,1790662200000,1790662500000,120.21257,-7.43891
"TV-FOOTPRINT-CALIBRATION-001|MM-V1|BINANCE:BTCUSDT|5|1790662800000",ed33055c4d7e5dcdf5a69391bd94b28c9cf6c328b81ea343ba4a9e2a26cb3956,1790662500000,1790662800000,62.2776,-11.63194
"TV-FOOTPRINT-CALIBRATION-001|MM-V1|BINANCE:BTCUSDT|5|1790663100000",c6dea72242c76302f923cc77d3a85b95c62618cde813c003565190f2ff84b421,1790662800000,1790663100000,36.22274,5.2448
"TV-FOOTPRINT-CALIBRATION-001|MM-V1|BINANCE:BTCUSDT|5|1790663400000",b64f5fabb78c7a47f65fe137013dacfc355493ebe687da08907f0b4d68676a98,1790663100000,1790663400000,36.28332,4.35918
"TV-FOOTPRINT-CALIBRATION-001|MM-V1|BINANCE:BTCUSDT|5|1790663700000",fac37ababa35cf57d1c1389524296d415bbd6e328e0c363a976c42f4a85b689c,1790663400000,1790663700000,68.4017,4.77812
"TV-FOOTPRINT-CALIBRATION-001|MM-V1|BINANCE:BTCUSDT|5|1790664000000",665d1f92def0a5127d616c71f3a889d6c46e3db15a41a386a96987efd4296d47,1790663700000,1790664000000,52.70186,-15.9227
"TV-FOOTPRINT-CALIBRATION-001|MM-V1|BINANCE:BTCUSDT|5|1790664300000",aa720a5a31d5c14ef603cc7b26aa0fd377b12ed2a140c9ca2641d0e9f610842f,1790664000000,1790664300000,16.85562,8.36086
"TV-FOOTPRINT-CALIBRATION-001|MM-V1|BINANCE:BTCUSDT|5|1790664600000",8926a72d72fd5752e307d04e659224e60d57e080a4b7ce78bab0788c9b65ab07,1790664300000,1790664600000,30.22856,5.29412
"TV-FOOTPRINT-CALIBRATION-001|MM-V1|BINANCE:BTCUSDT|5|1790664900000",4771609a9b6ba736a67a5f3124807c900fe10e39a24e3317c986155eca49427a,1790664600000,1790664900000,55.9881,27.88726
"TV-FOOTPRINT-CALIBRATION-001|MM-V1|BINANCE:BTCUSDT|5|1790665200000",5c0df795c5760aa94dd0a2084bbee35d6f34712188cb3cd6d57c4c6076d12ee7,1790664900000,1790665200000,48.19098,3.34504
"TV-FOOTPRINT-CALIBRATION-001|MM-V1|BINANCE:BTCUSDT|5|1790665500000",78fd2ed3b2d44caa57cb20d5a12a9823f4a7ce23c8aa20ee74abe695e192a46a,1790665200000,1790665500000,40.26872,-8.2892
"TV-FOOTPRINT-CALIBRATION-001|MM-V1|BINANCE:BTCUSDT|5|1790665800000",eb94807ed422f6073695c0b65f4ef74fe9c47fe1eb8a32571d4494cda7ec354a,1790665500000,1790665800000,33.88176,6.38484
"TV-FOOTPRINT-CALIBRATION-001|MM-V1|BINANCE:BTCUSDT|5|1790666100000",bc4e3d98a58d258ac0ed622eb2517c61083f8ceda9da0a4ae5d59588bf0d07cd,1790665800000,1790666100000,42.50006,-14.11446
"TV-FOOTPRINT-CALIBRATION-001|MM-V1|BINANCE:BTCUSDT|5|1790666400000",5ca924cddf6c261fe830b84cf520598a34539fc9477ec77b141ecf3ebee7ee71,1790666100000,1790666400000,70.45516,-18.71134
"TV-FOOTPRINT-CALIBRATION-001|MM-V1|BINANCE:BTCUSDT|5|1790666700000",a586ede1a2296c1980be97222ddcca7234fb0aba35e3a318c2b3bba8d86c09f9,1790666400000,1790666700000,41.68636,-10.38384
"TV-FOOTPRINT-CALIBRATION-001|MM-V1|BINANCE:BTCUSDT|5|1790667000000",362ec0bd251727bb4d08da7e9da1017d7ad34d8033dba0e0c7a390c9fcaf057f,1790666700000,1790667000000,37.55673,2.94481
"TV-FOOTPRINT-CALIBRATION-001|MM-V1|BINANCE:BTCUSDT|5|1790667300000",4e657c4e2f7fdd8907c8aeb5e01ca2d74e034d241e5bd32005b60273d9d634bb,1790667000000,1790667300000,55.67157,6.05885
"TV-FOOTPRINT-CALIBRATION-001|MM-V1|BINANCE:BTCUSDT|5|1790667600000",8087a46963f99dc14f71ffedbf4f6c89bea348ba90c6ac9938e1e65578da12b6,1790667300000,1790667600000,75.1842,24.7296
"TV-FOOTPRINT-CALIBRATION-001|MM-V1|BINANCE:BTCUSDT|5|1790667900000",b7a254b86e6435663b251959deea89a3aa33676938d8cbcc7067479c2ac07b62,1790667600000,1790667900000,48.93208,-15.97482
"TV-FOOTPRINT-CALIBRATION-001|MM-V1|BINANCE:BTCUSDT|5|1790668200000",15482ca5e8694787c12ba488706b64a6db75f9398dff991c204a4bec5646ca46,1790667900000,1790668200000,50.37498,-11.19696
"TV-FOOTPRINT-CALIBRATION-001|MM-V1|BINANCE:BTCUSDT|5|1790668500000",7aef3835f5a2199d0a85bed6b70ec1992d09cd3daf045e1ec05ae2b29225dca2,1790668200000,1790668500000,45.92782,-5.13298
"TV-FOOTPRINT-CALIBRATION-001|MM-V1|BINANCE:BTCUSDT|5|1790668800000",b6b46f9e8119ef9ad9dd3fa3c1a2f68e8d59553c41484a750df2e80aeff1a062,1790668500000,1790668800000,71.04141,-16.50359
"TV-FOOTPRINT-CALIBRATION-001|MM-V1|BINANCE:BTCUSDT|5|1790669100000",61fee291d84357b60e538ef36128df3f359c8f3d55e97c0b803de4789b54f1a4,1790668800000,1790669100000,60.45277,-13.63807
"TV-FOOTPRINT-CALIBRATION-001|MM-V1|BINANCE:BTCUSDT|5|1790669400000",9f5f90f9e39ce3926a12508253f8443f68fdf278004770113e730840c7343c04,1790669100000,1790669400000,45.46941,-1.56595
"TV-FOOTPRINT-CALIBRATION-001|MM-V1|BINANCE:BTCUSDT|5|1790669700000",4dfad3264dad830bb3c514c7d8d27cb37bdab7934da89a5e34484dedc73cd568,1790669400000,1790669700000,26.94112,-1.75086
"TV-FOOTPRINT-CALIBRATION-001|MM-V1|BINANCE:BTCUSDT|5|1790670000000",b3ea41eea0d7ed37390bbd1a7364c8f324e0e78a106381e3a67c462b7a0eb74a,1790669700000,1790670000000,39.31761,0.85835
"TV-FOOTPRINT-CALIBRATION-001|MM-V1|BINANCE:BTCUSDT|5|1790670300000",db8ea97f1eebb3982afd696fa6c4830a514d1ba0234cee31decfa3dc9eb9b7df,1790670000000,1790670300000,160.75648,82.69804
"TV-FOOTPRINT-CALIBRATION-001|MM-V1|BINANCE:BTCUSDT|5|1790670600000",d6b0f9c32aa8dce8806afd5ca0485678daca2a577c2b6a0924b49d09a56055d9,1790670300000,1790670600000,21.47534,0.12222
"TV-FOOTPRINT-CALIBRATION-001|MM-V1|BINANCE:BTCUSDT|5|1790670900000",bd6c2c165ae6c967b4bf7cf830bd490fd737d1dba0607f8c2dcdae454f60a39f,1790670600000,1790670900000,53.86313,-12.58159
"TV-FOOTPRINT-CALIBRATION-001|MM-V1|BINANCE:BTCUSDT|5|1790671200000",a6f5be2daf8dcc4cb0f24e9d5d2bc92fa1da628b4ff8d40291388463eb8944de,1790670900000,1790671200000,68.06995,-17.38789
"TV-FOOTPRINT-CALIBRATION-001|MM-V1|BINANCE:BTCUSDT|5|1790671500000",f95e2f6b8391f75c0ccf0f3b393f41ba27781da30aa1002034b309703c21d712,1790671200000,1790671500000,65.82047,-34.90177
"TV-FOOTPRINT-CALIBRATION-001|MM-V1|BINANCE:BTCUSDT|5|1790671800000",c252922b0be33783608bc16cd385d54582ad9f8777d4cc0408461afa7de5d2b2,1790671500000,1790671800000,50.91437,4.91725
"TV-FOOTPRINT-CALIBRATION-001|MM-V1|BINANCE:BTCUSDT|5|1790672100000",22eee52ec17007c27b9e0c5db37ad2e4f28d99c75172152505ced52a68b7a850,1790671800000,1790672100000,36.71615,-14.49931
"TV-FOOTPRINT-CALIBRATION-001|MM-V1|BINANCE:BTCUSDT|5|1790672400000",50c18afa54d3dbedc39d6cec3e87caf184f811070f237c0047db42c9afb54ef8,1790672100000,1790672400000,18.65724,4.41556
"TV-FOOTPRINT-CALIBRATION-001|MM-V1|BINANCE:BTCUSDT|5|1790672700000",e16df77dba71e989e7cafaaf79458cdd4082043e1413ce5969788dcd413176e4,1790672400000,1790672700000,41.08757,-9.10045
"TV-FOOTPRINT-CALIBRATION-001|MM-V1|BINANCE:BTCUSDT|5|1790673000000",c77cfe3c5beca3e627aa1f42d757a391342c07d69a14f711b1d885b01433e774,1790672700000,1790673000000,54.03224,-1.9806
"TV-FOOTPRINT-CALIBRATION-001|MM-V1|BINANCE:BTCUSDT|5|1790673300000",e061955f14ed802d1dff4368db395b4577cd006a3112dbdedbfe44d322893204,1790673000000,1790673300000,45.93395,-13.02901
"TV-FOOTPRINT-CALIBRATION-001|MM-V1|BINANCE:BTCUSDT|5|1790673600000",b1e20f975b582cb2d39f306b81a369de71552616825b5ac6072af9984d097b07,1790673300000,1790673600000,31.97423,-9.39699
"TV-FOOTPRINT-CALIBRATION-001|MM-V1|BINANCE:BTCUSDT|5|1790673900000",278e152ce6916809c4ef2ba0fa8aaf8b431751ec1490dce644e85cd908771a75,1790673600000,1790673900000,57.10457,3.98633
"TV-FOOTPRINT-CALIBRATION-001|MM-V1|BINANCE:BTCUSDT|5|1790674200000",1e57ece60cad2b7a5d8a27188336dbcc6c0bf7e42762da66309f610a7b99cad4,1790673900000,1790674200000,54.9908,6.4774
"TV-FOOTPRINT-CALIBRATION-001|MM-V1|BINANCE:BTCUSDT|5|1790674500000",52a0951f0d555f5ac09f6a5624a86ceaaa4c1b6f1cc50903bfd42bf4c6073958,1790674200000,1790674500000,26.99841,7.22059
"TV-FOOTPRINT-CALIBRATION-001|MM-V1|BINANCE:BTCUSDT|5|1790674800000",b8ba0c41890aafd5be7898259e6e27b90e1b15a3724d499bba948a0a661f134d,1790674500000,1790674800000,31.29661,2.12827
"TV-FOOTPRINT-CALIBRATION-001|MM-V1|BINANCE:BTCUSDT|5|1790675100000",259f570683fb76a4157647af600fc97c1f86040646a7b5eb455b3275c167937c,1790674800000,1790675100000,16.9797,-1.79322
"TV-FOOTPRINT-CALIBRATION-001|MM-V1|BINANCE:BTCUSDT|5|1790675400000",0cb1a214a2c3b67c71241b59bc4c921397f761f41137807ee7ebb167424abdef,1790675100000,1790675400000,150.98263,69.31779
"TV-FOOTPRINT-CALIBRATION-001|MM-V1|BINANCE:BTCUSDT|5|1790675700000",8fe8bb8eb8154ce09c6a51453656b391ff369fe3dc8e80a72a07f312b968a4fe,1790675400000,1790675700000,211.50282,66.37792
"TV-FOOTPRINT-CALIBRATION-001|MM-V1|BINANCE:BTCUSDT|5|1790676000000",d1118124ef1e9071d8fbd4c38e5fb2e2fbaca8d94b95f63796257d211b8faab5,1790675700000,1790676000000,158.73643,45.42379
"TV-FOOTPRINT-CALIBRATION-001|MM-V1|BINANCE:BTCUSDT|5|1790676300000",1eaa91446c28fd4a14f39e0a0fbd817f09201a7f01566cc5105aacfec793d918,1790676000000,1790676300000,101.98815,18.92469
"TV-FOOTPRINT-CALIBRATION-001|MM-V1|BINANCE:BTCUSDT|5|1790676600000",be7f9a44f0544a082953b9b0fda50ea5e08144b3800b0b4934c05003ff98202c,1790676300000,1790676600000,73.55729,34.43643
"TV-FOOTPRINT-CALIBRATION-001|MM-V1|BINANCE:BTCUSDT|5|1790676900000",de695276f0b8e1aaecd9838f4084d38eddb0028e9c917b55fd395b700d579204,1790676600000,1790676900000,80.93866,16.41706
"TV-FOOTPRINT-CALIBRATION-001|MM-V1|BINANCE:BTCUSDT|5|1790677200000",ccf805d61a2933e7e70f16288ae0d550a2a8236410c9313bbbb0ad32aa8594ac,1790676900000,1790677200000,45.21566,-30.00412
"TV-FOOTPRINT-CALIBRATION-001|MM-V1|BINANCE:BTCUSDT|5|1790677500000",35ede382e86529d91a1a4a0830c6fcb4cbd2a2fdbd69c4eb3f577079d92de271,1790677200000,1790677500000,29.58112,-3.10964
"TV-FOOTPRINT-CALIBRATION-001|MM-V1|BINANCE:BTCUSDT|5|1790677800000",a4295dede613322cd10c2d095c2a737f7f0cfb9977e494c3320a235181463b09,1790677500000,1790677800000,12.20253,4.81081
"TV-FOOTPRINT-CALIBRATION-001|MM-V1|BINANCE:BTCUSDT|5|1790678100000",4e364e4472e3565562b6b131a336afe985ccfc6b93c9aeb6169e4058292affb7,1790677800000,1790678100000,38.61618,-5.99298
"TV-FOOTPRINT-CALIBRATION-001|MM-V1|BINANCE:BTCUSDT|5|1790678400000",f01fd181fc1a9a23bdddf3a382a9c4fe65794e2c16bbc989083d9abf1dfd4fb7,1790678100000,1790678400000,16.9112,-5.78144
"TV-FOOTPRINT-CALIBRATION-001|MM-V1|BINANCE:BTCUSDT|5|1790678700000",90b2c6982e0a3a6c41d65d2e7c4b0ef3294835bee17aadd145439bee8f7e7082,1790678400000,1790678700000,41.39861,-3.47473
"TV-FOOTPRINT-CALIBRATION-001|MM-V1|BINANCE:BTCUSDT|5|1790679000000",d04530d2b6c08adc4862ef808069bd9680110a462e68ed4ca7214376438a51a3,1790678700000,1790679000000,25.64309,-4.87679
"TV-FOOTPRINT-CALIBRATION-001|MM-V1|BINANCE:BTCUSDT|5|1790679300000",e29719abccc600e0e40a582a32c3e89a18080b04e434d1880aa1c1731c1eca04,1790679000000,1790679300000,15.23409,0.25407
"TV-FOOTPRINT-CALIBRATION-001|MM-V1|BINANCE:BTCUSDT|5|1790679600000",0a679e5c8e041f2742269b738f4993e2c1ee50f73a2149772548a338a76ccda1,1790679300000,1790679600000,27.61032,-11.91394
"TV-FOOTPRINT-CALIBRATION-001|MM-V1|BINANCE:BTCUSDT|5|1790679900000",c67b3f8b80120439379ee772f87fc9ebbbd3180270490b7c6309731201ad55d7,1790679600000,1790679900000,26.32533,-11.81953
"TV-FOOTPRINT-CALIBRATION-001|MM-V1|BINANCE:BTCUSDT|5|1790680200000",b12f21934aeaf06248bbc7a5b042304249afd4fe3cee6ff6863c0b6084489d13,1790679900000,1790680200000,46.20159,7.60587
"TV-FOOTPRINT-CALIBRATION-001|MM-V1|BINANCE:BTCUSDT|5|1790680500000",a9c92c15ad947338f7cd4be6f129273d12d5928c3cd86c75511b61b9b6c913c3,1790680200000,1790680500000,42.20392,10.41594
"TV-FOOTPRINT-CALIBRATION-001|MM-V1|BINANCE:BTCUSDT|5|1790680800000",f493e39757d5e2e0a19e8206deeaa44b3b826b66bb545e9b6149913426f1dc62,1790680500000,1790680800000,30.49831,-10.75103
"TV-FOOTPRINT-CALIBRATION-001|MM-V1|BINANCE:BTCUSDT|5|1790681100000",f28f3c1d6fa97072737f659d9f53a6e5264a1f64d86d3a7effa750241fdd4724,1790680800000,1790681100000,17.53919,2.04461
"TV-FOOTPRINT-CALIBRATION-001|MM-V1|BINANCE:BTCUSDT|5|1790681400000",100c5909f69408fd35a79a60016d9d27e9c7f88fad545d7ec1a4bfd8fb42575a,1790681100000,1790681400000,28.38215,7.90397
"TV-FOOTPRINT-CALIBRATION-001|MM-V1|BINANCE:BTCUSDT|5|1790681700000",884a766fc852a0a9815cbc53d9fcd56d59a41e69ea245ec79eb97f540f54f0aa,1790681400000,1790681700000,60.81742,27.73332
"TV-FOOTPRINT-CALIBRATION-001|MM-V1|BINANCE:BTCUSDT|5|1790682000000",d57fbe36cf452eddec3339f0bdb1cf26757f0b60dce74a4e0fc716e088ba739e,1790681700000,1790682000000,29.88174,0.50828
"TV-FOOTPRINT-CALIBRATION-001|MM-V1|BINANCE:BTCUSDT|5|1790682300000",b8d6fcde5aa23f7315dac7d413199c47672f0830e223b10d93b25bb228ca480a,1790682000000,1790682300000,22.66034,-7.26216
"TV-FOOTPRINT-CALIBRATION-001|MM-V1|BINANCE:BTCUSDT|5|1790682600000",8c70827f9a3c7895f474fe43fe44ed81063f6a462407577f2d6a8b59248cafd8,1790682300000,1790682600000,76.78599,13.70807
"TV-FOOTPRINT-CALIBRATION-001|MM-V1|BINANCE:BTCUSDT|5|1790682900000",a7c6475848332fe41419814127229ccc4fc557fa8acc021ed4beaaa83b3a2961,1790682600000,1790682900000,73.0183,-5.1889
"TV-FOOTPRINT-CALIBRATION-001|MM-V1|BINANCE:BTCUSDT|5|1790683200000",d3f9cc299152cb3eaaa086cf8f4dcf9b5a2302f7979668b4cb3e626f3a848ada,1790682900000,1790683200000,36.91013,-10.99411
"TV-FOOTPRINT-CALIBRATION-001|MM-V1|BINANCE:BTCUSDT|5|1790683500000",caf266f1a7e21356252806446158ab320fc287b3a4d7f34b92d08908dd48ab7a,1790683200000,1790683500000,71.97559,-2.08399
"TV-FOOTPRINT-CALIBRATION-001|MM-V1|BINANCE:BTCUSDT|5|1790683800000",e46548cc545bc446ea8c8b6ba9b27e4126a9bc5edb07f6efdc9f91bdfd092d89,1790683500000,1790683800000,53.62095,-7.54571
"TV-FOOTPRINT-CALIBRATION-001|MM-V1|BINANCE:BTCUSDT|5|1790684100000",4d6292121b01ef8e435c123e3a02643b3300013342786ce2b4a7a736d309e18d,1790683800000,1790684100000,42.81555,1.86489
"TV-FOOTPRINT-CALIBRATION-001|MM-V1|BINANCE:BTCUSDT|5|1790684400000",9fa6bf2245fc04a8a3df96abe35d0ffb49988fed1c0cb9da09aa3300f5a921de,1790684100000,1790684400000,96.57912,7.77142
"TV-FOOTPRINT-CALIBRATION-001|MM-V1|BINANCE:BTCUSDT|5|1790684700000",8b785694756fd904dcaaeae7e06d85bc7b68a2c8e327be1ce7ef4154de537458,1790684400000,1790684700000,35.92905,-13.49659
"TV-FOOTPRINT-CALIBRATION-001|MM-V1|BINANCE:BTCUSDT|5|1790685000000",3f8d475fd81dab3fd1d14d810bcafced41c46e26a199ecfa53e1511b617a2157,1790684700000,1790685000000,41.76246,-6.07402
"TV-FOOTPRINT-CALIBRATION-001|MM-V1|BINANCE:BTCUSDT|5|1790685300000",afb171bf40697f5c60de6714587a2983e1b95e6ea2179a91b3caef3aeedb2618,1790685000000,1790685300000,40.63033,4.42817
"TV-FOOTPRINT-CALIBRATION-001|MM-V1|BINANCE:BTCUSDT|5|1790685600000",58257f434b8ccf119368b7ecf00eae64b81022749170af4f7a9b0c7eef52b4ad,1790685300000,1790685600000,62.32305,8.67683
"TV-FOOTPRINT-CALIBRATION-001|MM-V1|BINANCE:BTCUSDT|5|1790685900000",41dc63dbd99427202b4463199ab2ac7ec2ed26e4464c6ce96bacc6bb49c205a3,1790685600000,1790685900000,34.45417,-9.57407
"TV-FOOTPRINT-CALIBRATION-001|MM-V1|BINANCE:BTCUSDT|5|1790686200000",aecca542f6a470752396c290d0aea5dbf7157e3a9476b06883eef1189068555e,1790685900000,1790686200000,36.13586,-6.6684
"TV-FOOTPRINT-CALIBRATION-001|MM-V1|BINANCE:BTCUSDT|5|1790686500000",f9bb2500ea62d79547d0d0aea28ac9442de67ed1e63a2762f8eeacdecf9a317a,1790686200000,1790686500000,19.4056,2.29036
"TV-FOOTPRINT-CALIBRATION-001|MM-V1|BINANCE:BTCUSDT|5|1790686800000",bcc31f57ec6431db8faa1c36d744e8ffaadd1a13012ae5c5434e19ca6b8f6657,1790686500000,1790686800000,54.77624,7.0076
"TV-FOOTPRINT-CALIBRATION-001|MM-V1|BINANCE:BTCUSDT|5|1790687100000",8e6e5ff39f9ad4e93bb120aba9de19b3cebbb19e5513675fa3066587d4d27cfb,1790686800000,1790687100000,71.15304,-7.13604
"TV-FOOTPRINT-CALIBRATION-001|MM-V1|BINANCE:BTCUSDT|5|1790687400000",9c59c03b1cffc75ed3ddbc313772ec14688594576691d2874045585b59375c4e,1790687100000,1790687400000,29.98441,17.16345
"TV-FOOTPRINT-CALIBRATION-001|MM-V1|BINANCE:BTCUSDT|5|1790687700000",3782bf0bb497921d0c55d799ff7583813559ad3e33c523c2b89e5ec86dd94025,1790687400000,1790687700000,48.69175,-24.00067
"TV-FOOTPRINT-CALIBRATION-001|MM-V1|BINANCE:BTCUSDT|5|1790688000000",e47a0bba5c156357258cee94870d2eadf5193c4f93b734a92511c6673ebdb6f7,1790687700000,1790688000000,42.07969,-6.53269
"TV-FOOTPRINT-CALIBRATION-001|MM-V1|BINANCE:BTCUSDT|5|1790688300000",c4f880dae26f2ee06944b09a250e2582af3ca2bc6afeed2fba0d47c776030824,1790688000000,1790688300000,33.12344,1.64786
"TV-FOOTPRINT-CALIBRATION-001|MM-V1|BINANCE:BTCUSDT|5|1790688600000",850ccb2b4da931224263ff17c1a46f5d58b4e18ca1a20e0f0ea463993b90fd61,1790688300000,1790688600000,122.29097,-19.69961
"TV-FOOTPRINT-CALIBRATION-001|MM-V1|BINANCE:BTCUSDT|5|1790688900000",e947bd7789334fc756ace7f5b5d2c6be308e91a9a6b56bd60b54006f1a67273b,1790688600000,1790688900000,152.30133,-91.85789
"TV-FOOTPRINT-CALIBRATION-001|MM-V1|BINANCE:BTCUSDT|5|1790689200000",f10d11c50e8ef242d597604171be929f21e746b0707972509e8de58f9af4d14d,1790688900000,1790689200000,97.42993,-7.01047
"TV-FOOTPRINT-CALIBRATION-001|MM-V1|BINANCE:BTCUSDT|5|1790689500000",8f37e65c9f8bd6e2c626d2325886a1ee5e6d4bbc42a26d03a3b8ecb8992c7da4,1790689200000,1790689500000,66.77311,-5.34935
"TV-FOOTPRINT-CALIBRATION-001|MM-V1|BINANCE:BTCUSDT|5|1790689800000",2096f28d4fdea3327d2732bcc90f43a6a22b6af9e45f59dccd8f1ea29e9cadc5,1790689500000,1790689800000,69.07112,-2.70722
"TV-FOOTPRINT-CALIBRATION-001|MM-V1|BINANCE:BTCUSDT|5|1790690100000",a09314297d2b0a78341ff4edf36234df096062498be7006983f9dd066833a3eb,1790689800000,1790690100000,63.11607,2.01577
"TV-FOOTPRINT-CALIBRATION-001|MM-V1|BINANCE:BTCUSDT|5|1790690400000",fb9a057f03bdb1ee3cbec61bb712749b1cd2187770bdb76e96a32270b13842f1,1790690100000,1790690400000,60.71842,-33.58294
"TV-FOOTPRINT-CALIBRATION-001|MM-V1|BINANCE:BTCUSDT|5|1790690700000",b4a0cb767358c67cf2994273684613828183b2f06f7a3164d1bb193191b0cb79,1790690400000,1790690700000,145.65833,-49.12665
"TV-FOOTPRINT-CALIBRATION-001|MM-V1|BINANCE:BTCUSDT|5|1790691000000",30698e8ddb9a8095fc401d89bb772bdefabec986776eb5721f8cd23ef29963cc,1790690700000,1790691000000,93.99577,-20.16517
"TV-FOOTPRINT-CALIBRATION-001|MM-V1|BINANCE:BTCUSDT|5|1790691300000",aca05bd87ea9aa6aa9c564b847a3fe1e1e12f35644b6ff710fadd4df012c7fa8,1790691000000,1790691300000,77.24343,-9.21419
"TV-FOOTPRINT-CALIBRATION-001|MM-V1|BINANCE:BTCUSDT|5|1790691600000",50595ab30d6f3c30e5fa4669db5042b5c357d4aecb332aca8acc616307d5a3d4,1790691300000,1790691600000,74.22125,-2.51771
"TV-FOOTPRINT-CALIBRATION-001|MM-V1|BINANCE:BTCUSDT|5|1790691900000",e22fd28877415e0103365587caf86520d11778156cb71d2a0e931404945cc657,1790691600000,1790691900000,65.74787,-20.14543
"TV-FOOTPRINT-CALIBRATION-001|MM-V1|BINANCE:BTCUSDT|5|1790692200000",9267de4afb04c1593e5c52c93fd81e82cb0fe1ab83c45414e08f66216b35ae3b,1790691900000,1790692200000,67.48832,-14.7753
"TV-FOOTPRINT-CALIBRATION-001|MM-V1|BINANCE:BTCUSDT|5|1790692500000",d7101060ecf49a97d8509345b9ca565de67703fab033e770e32baeb5fe612bf1,1790692200000,1790692500000,36.83796,-4.24746
"TV-FOOTPRINT-CALIBRATION-001|MM-V1|BINANCE:BTCUSDT|5|1790692800000",f74f72b5a86b8004e8d294009db5d109d4d66cf2c03f494b987cc9f489e37abe,1790692500000,1790692800000,100.29245,-24.59663
"TV-FOOTPRINT-CALIBRATION-001|MM-V1|BINANCE:BTCUSDT|5|1790693100000",7033f166fb44b0442a68be03a782d08e2ff5675fb47b6ebb968243e9ec51ba9d,1790692800000,1790693100000,196.69907,-48.73149
"TV-FOOTPRINT-CALIBRATION-001|MM-V1|BINANCE:BTCUSDT|5|1790693400000",8becf03b799e1ba1941e38bfb22ae44a7670c0671d7d4c7d3b2db94e8c4ea8ea,1790693100000,1790693400000,89.49487,-21.70427
"TV-FOOTPRINT-CALIBRATION-001|MM-V1|BINANCE:BTCUSDT|5|1790693700000",a75b6ce132069df679aba9116482efb440aa6b527b58f68bdf3bd785c0f98a06,1790693400000,1790693700000,76.22289,-36.14415
"TV-FOOTPRINT-CALIBRATION-001|MM-V1|BINANCE:BTCUSDT|5|1790694000000",fd935c5e2b4fe0d96a24601ffa829c479e984e2d3a5bdb47737162025d8aa081,1790693700000,1790694000000,26.50071,-9.50107
"TV-FOOTPRINT-CALIBRATION-001|MM-V1|BINANCE:BTCUSDT|5|1790694300000",c79ae84e63904ef77291407673476dd5f36730bdfad78866aef7512cf52384bf,1790694000000,1790694300000,54.13983,-0.87389
"TV-FOOTPRINT-CALIBRATION-001|MM-V1|BINANCE:BTCUSDT|5|1790694600000",8a5fc4c97d9e02f5a59a4ddaf2ec0d7414c1cfbe0d8bd3bbba1d78c08b778f0b,1790694300000,1790694600000,172.13924,-1.1007
"TV-FOOTPRINT-CALIBRATION-001|MM-V1|BINANCE:BTCUSDT|5|1790694900000",83c26f98e9af18eb0c8e93deae026a75dd05edfdad0a72c1455f0d392d64376e,1790694600000,1790694900000,89.20959,-26.52393
"TV-FOOTPRINT-CALIBRATION-001|MM-V1|BINANCE:BTCUSDT|5|1790695200000",7d775c103db5246ef2cb1d4e731f762994ff394ff9dfcf2b406e812f938298fc,1790694900000,1790695200000,93.2225,-23.7709
"TV-FOOTPRINT-CALIBRATION-001|MM-V1|BINANCE:BTCUSDT|5|1790695500000",0cf759c464af6b3757344f7b375c86eddc3bf33a6e2934ef387b2db355b6e7bc,1790695200000,1790695500000,260.43187,-138.78705
"TV-FOOTPRINT-CALIBRATION-001|MM-V1|BINANCE:BTCUSDT|5|1790695800000",0466af4502b8600f996b8ed4650667d3c9bce672f658ee95662d2e28b154c358,1790695500000,1790695800000,169.01287,-11.61683
"TV-FOOTPRINT-CALIBRATION-001|MM-V1|BINANCE:BTCUSDT|5|1790696100000",0fdd2b5de5340d68000a17bf9ebaff7db7a8000d3b7ec11ccda421f702f82ff1,1790695800000,1790696100000,135.00344,25.31022
"TV-FOOTPRINT-CALIBRATION-001|MM-V1|BINANCE:BTCUSDT|5|1790696400000",4fe5f2e3a6a92254c3c22280a768c84528a641a37ef43dc21d096460cbf5d4bc,1790696100000,1790696400000,66.24752,7.3499
"TV-FOOTPRINT-CALIBRATION-001|MM-V1|BINANCE:BTCUSDT|5|1790696700000",5aba57ffc2271aa89d2163817c0a2806c8da72f492f91c7910f0d3be77f3e82a,1790696400000,1790696700000,77.57615,6.56565
"TV-FOOTPRINT-CALIBRATION-001|MM-V1|BINANCE:BTCUSDT|5|1790697000000",b3bb904ec243a6cfda93164160b9d90bfc078f2ce52eb5cba361626d3acc9f45,1790696700000,1790697000000,113.24411,-7.75675
"TV-FOOTPRINT-CALIBRATION-001|MM-V1|BINANCE:BTCUSDT|5|1790697300000",9ed88e84046c982a9cc77836bd1bafc43543d9327fe1629ebb8b8bfd9e024e26,1790697000000,1790697300000,129.29645,-17.75507
"TV-FOOTPRINT-CALIBRATION-001|MM-V1|BINANCE:BTCUSDT|5|1790697600000",cdc42e37d77d00d1990f065e3bdc022a5e6e394452c36a267ee970ade73b5524,1790697300000,1790697600000,130.48942,57.32042
"TV-FOOTPRINT-CALIBRATION-001|MM-V1|BINANCE:BTCUSDT|5|1790697900000",b0893689d6c9fb28ecd8cbb5347a073b3c29b916af2a1c7e78f21b9abbf9aa0f,1790697600000,1790697900000,53.74033,6.07295
"TV-FOOTPRINT-CALIBRATION-001|MM-V1|BINANCE:BTCUSDT|5|1790698200000",b6777df1b8b711a120ebdd88e237369f6a8992e32f6d21db61cb1dd9e66bf7c8,1790697900000,1790698200000,70.57801,10.81341
"TV-FOOTPRINT-CALIBRATION-001|MM-V1|BINANCE:BTCUSDT|5|1790698500000",59cb0de1c1e8d0894370dbe450451e6de6e1ffbc4714100c9bc59fc2969edff6,1790698200000,1790698500000,53.32462,5.6773
"TV-FOOTPRINT-CALIBRATION-001|MM-V1|BINANCE:BTCUSDT|5|1790698800000",5c09b53212d918547f99d272872f9d5d8cc63659c6dba80ee6f57a96f1207253,1790698500000,1790698800000,155.29179,61.34213
"TV-FOOTPRINT-CALIBRATION-001|MM-V1|BINANCE:BTCUSDT|5|1790699100000",50134014a056441145c3132d3f96770b85c77546aa79b66d9b7fff111ba66e86,1790698800000,1790699100000,39.77873,10.42745
"TV-FOOTPRINT-CALIBRATION-001|MM-V1|BINANCE:BTCUSDT|5|1790699400000",a55f6713937762aa1c9752f8114a693ed86ee4fc041dd82bf4c4271aa4389d7a,1790699100000,1790699400000,28.75238,2.75986
"TV-FOOTPRINT-CALIBRATION-001|MM-V1|BINANCE:BTCUSDT|5|1790699700000",ae457f8c19d9fa1029730b0eacef3e0d51fc6e2733c228daf7e354a6f3f30bf0,1790699400000,1790699700000,23.86874,-1.26796
"TV-FOOTPRINT-CALIBRATION-001|MM-V1|BINANCE:BTCUSDT|5|1790700000000",9e586a43244a511836673db7443712739bffbf6c1017462a205e444d311b725a,1790699700000,1790700000000,30.41288,-2.43238
"TV-FOOTPRINT-CALIBRATION-001|MM-V1|BINANCE:BTCUSDT|5|1790700300000",fff71d6b48d401d65f144da3cfffcef45e4226afdc96b7fb91648e3817caf9da,1790700000000,1790700300000,38.13896,-11.04172
"TV-FOOTPRINT-CALIBRATION-001|MM-V1|BINANCE:BTCUSDT|5|1790700600000",6f338d5cf3962ae90e1d793c67ac0b6d26a545f3a1cf9ce4281a96cfea51017c,1790700300000,1790700600000,62.42635,1.34753
"TV-FOOTPRINT-CALIBRATION-001|MM-V1|BINANCE:BTCUSDT|5|1790700900000",f4ae5250c9c68d2d652fb84a554c1437c0478547f86602ac146a0d925e724a7a,1790700600000,1790700900000,87.25183,11.37445
"TV-FOOTPRINT-CALIBRATION-001|MM-V1|BINANCE:BTCUSDT|5|1790701200000",f8c0b91c24529e8e4571d5eabe7711078f111dd1628072ca32e512fa1f7629c5,1790700900000,1790701200000,40.03412,13.87026
"TV-FOOTPRINT-CALIBRATION-001|MM-V1|BINANCE:BTCUSDT|5|1790701500000",38eab810a022a4ed180ddcac5b649472fb630589be85077759df517f042960f6,1790701200000,1790701500000,23.14978,2.92046
"TV-FOOTPRINT-CALIBRATION-001|MM-V1|BINANCE:BTCUSDT|5|1790701800000",14aebf00f2598fc59a5586c4d3cd658516ea4f1b90a6d02e510a1a6b1ee6fd2b,1790701500000,1790701800000,58.53333,36.17709
"TV-FOOTPRINT-CALIBRATION-001|MM-V1|BINANCE:BTCUSDT|5|1790702100000",c4ebe58e2a935181e798c1de957bc1ad98b7d0329e7010be7c8713da77067616,1790701800000,1790702100000,50.03157,3.03599
"TV-FOOTPRINT-CALIBRATION-001|MM-V1|BINANCE:BTCUSDT|5|1790702400000",116162dca1e5860eb93b2574205d5c7fc674ee5e77713c8d051f94c930e2e6dc,1790702100000,1790702400000,47.4568,12.2182
"TV-FOOTPRINT-CALIBRATION-001|MM-V1|BINANCE:BTCUSDT|5|1790702700000",591d1d82ad3aab993208f6b2de1f9b6cbf31f768321ac5196f8987e9c155eebc,1790702400000,1790702700000,18.57279,4.26827
"TV-FOOTPRINT-CALIBRATION-001|MM-V1|BINANCE:BTCUSDT|5|1790703000000",d8319cd700d3b5068e7d5945c958fa249b25fe6954a95a07407fcf30037fb034,1790702700000,1790703000000,26.34601,3.35185
"TV-FOOTPRINT-CALIBRATION-001|MM-V1|BINANCE:BTCUSDT|5|1790703300000",ac4979583e59952f8ceb5350207fe1851d527ca0e019c39675366eb619a43f82,1790703000000,1790703300000,25.67645,-9.01577
"TV-FOOTPRINT-CALIBRATION-001|MM-V1|BINANCE:BTCUSDT|5|1790703600000",89cc4ec5e4080c3f4d53e6f23e24dc9d02cddc4b662ff547b8debc2a51776665,1790703300000,1790703600000,27.81599,3.33151
"TV-FOOTPRINT-CALIBRATION-001|MM-V1|BINANCE:BTCUSDT|5|1790703900000",5d80c96aeca26c6bb4a22b068c38ce424e65ba16362d39357b7fe53ba19c4ef7,1790703600000,1790703900000,30.30326,-9.83344
"TV-FOOTPRINT-CALIBRATION-001|MM-V1|BINANCE:BTCUSDT|5|1790704200000",8d5dfb49ab970e0f5c067ad90eb7b87d42491269b0c48c8874ee668a448cc3f4,1790703900000,1790704200000,19.22972,-6.1351
"TV-FOOTPRINT-CALIBRATION-001|MM-V1|BINANCE:BTCUSDT|5|1790704500000",b34fc6bb7444ca0ec3bd87d7f215a4e70a70e2380dda49356f66c1892ae946e8,1790704200000,1790704500000,35.174,-4.53254
"TV-FOOTPRINT-CALIBRATION-001|MM-V1|BINANCE:BTCUSDT|5|1790704800000",55a45c41893f9e84e5b9378bf245dc23097d2066291ded211970a6b3969c7402,1790704500000,1790704800000,20.98759,-0.65765
"TV-FOOTPRINT-CALIBRATION-001|MM-V1|BINANCE:BTCUSDT|5|1790705100000",f99630a5b4b6037ceb6b00a523314023807c5b0e5f7fee7c40aa051086cda9fd,1790704800000,1790705100000,57.28316,28.52784
"TV-FOOTPRINT-CALIBRATION-001|MM-V1|BINANCE:BTCUSDT|5|1790705400000",347329f48ed86d350810ce3175e39e5601e3c03a755416b310c2ebf94bbbf16e,1790705100000,1790705400000,66.15562,38.02954
"TV-FOOTPRINT-CALIBRATION-001|MM-V1|BINANCE:BTCUSDT|5|1790705700000",4cad75ff6bc6aa3114ba15e3306681bf42f04c9c5c1ad86137abde64dafe4bc4,1790705400000,1790705700000,17.88943,5.47361
"TV-FOOTPRINT-CALIBRATION-001|MM-V1|BINANCE:BTCUSDT|5|1790706000000",c34322072f50f239ff429e3a831bfb3f06c0ad9712866691e9786241237d82f8,1790705700000,1790706000000,25.4184,10.09252
"TV-FOOTPRINT-CALIBRATION-001|MM-V1|BINANCE:BTCUSDT|5|1790706300000",13ff20610f0ec9e667e881f25e8e0146a1db967d97c45a2ff059376a3009a761,1790706000000,1790706300000,21.84885,8.20211
"TV-FOOTPRINT-CALIBRATION-001|MM-V1|BINANCE:BTCUSDT|5|1790706600000",a6bad3606cc1a3c8648bb0decb4589a1f338152ae51e6fd837e870e215f75c26,1790706300000,1790706600000,22.01455,-4.18497
"TV-FOOTPRINT-CALIBRATION-001|MM-V1|BINANCE:BTCUSDT|5|1790706900000",3e8aeed1494f4addeb6283a02703b218953baa613830966a6016a51386ded879,1790706600000,1790706900000,51.07016,29.53054
"TV-FOOTPRINT-CALIBRATION-001|MM-V1|BINANCE:BTCUSDT|5|1790707200000",ec365c5e39e3e9b94d9c18bab60c4a4650a9c0fbd82c6a269f76d71451128e08,1790706900000,1790707200000,31.89378,-0.22686
"TV-FOOTPRINT-CALIBRATION-001|MM-V1|BINANCE:BTCUSDT|5|1790707500000",2942421e94a5618c0e78c4e35a1d14f5678ba785f19996d8941ca8a592536b7d,1790707200000,1790707500000,27.8635,3.28522
"TV-FOOTPRINT-CALIBRATION-001|MM-V1|BINANCE:BTCUSDT|5|1790707800000",af83d94e6cf8c0610f687771fa417fa0b60ea0ed1f6b8d0b6d4d8aabfa9d8086,1790707500000,1790707800000,31.76716,-3.5081
"TV-FOOTPRINT-CALIBRATION-001|MM-V1|BINANCE:BTCUSDT|5|1790708100000",90154d567e3064029803e73c35de7e3e7bf6a9569aa277206b74cab6745f0618,1790707800000,1790708100000,17.58584,-1.14218
"TV-FOOTPRINT-CALIBRATION-001|MM-V1|BINANCE:BTCUSDT|5|1790708400000",710998ce89fb788497a6ffd76c29a4651aec63c625b797d45683033c210e6689,1790708100000,1790708400000,17.92546,3.21384
"TV-FOOTPRINT-CALIBRATION-001|MM-V1|BINANCE:BTCUSDT|5|1790708700000",5416667ee37e6c62404459dd2285df6a67f083513f4d12b3c3c511d842656d98,1790708400000,1790708700000,20.61329,5.65763
"TV-FOOTPRINT-CALIBRATION-001|MM-V1|BINANCE:BTCUSDT|5|1790709000000",b793e9fe179c8b06254981d64749e829c66ed568038f22a60411349e625aa712,1790708700000,1790709000000,16.14602,1.08186
"TV-FOOTPRINT-CALIBRATION-001|MM-V1|BINANCE:BTCUSDT|5|1790709300000",0f941fae3dfba3968d766839bac9779c9d1ba7b9b61cf6371db65d979a55fb77,1790709000000,1790709300000,16.8311,-4.74446
"TV-FOOTPRINT-CALIBRATION-001|MM-V1|BINANCE:BTCUSDT|5|1790709600000",31d3393712f4e9fed1cb0ac038252c82b1bc4c323ceb8bed9fcf8770e47adc10,1790709300000,1790709600000,38.65884,-2.55392
"TV-FOOTPRINT-CALIBRATION-001|MM-V1|BINANCE:BTCUSDT|5|1790709900000",457333f55c212c2ac13d6e26d002c6c4e14074b120a7af9d704834346c3f7439,1790709600000,1790709900000,15.37119,-1.95377
"TV-FOOTPRINT-CALIBRATION-001|MM-V1|BINANCE:BTCUSDT|5|1790710200000",afed9da142a4f389f27fa2557b6cc1d00375a776a85813981d8b1870bda00191,1790709900000,1790710200000,13.44102,-4.61198
"TV-FOOTPRINT-CALIBRATION-001|MM-V1|BINANCE:BTCUSDT|5|1790710500000",5c9ca26d764de1c48ebb458fc8f57efe85c4c7bc3c4396d4e5369fdce659a96e,1790710200000,1790710500000,19.46142,0.91308
"TV-FOOTPRINT-CALIBRATION-001|MM-V1|BINANCE:BTCUSDT|5|1790710800000",283462327bd8c66ba5ca515cd548144c36f332e5430e82959f1d238e227eb29e,1790710500000,1790710800000,18.45284,-4.95358
"TV-FOOTPRINT-CALIBRATION-001|MM-V1|BINANCE:BTCUSDT|5|1790711100000",a619e795fe159710738a6772f84b72f15649a84e8b80bbec78a6a088f7f6f286,1790710800000,1790711100000,24.10448,-14.07016
"TV-FOOTPRINT-CALIBRATION-001|MM-V1|BINANCE:BTCUSDT|5|1790711400000",1974a5ef1e8aaf3dfc8673a53f549c5e20e60f389985fd6f53f56e715df833b5,1790711100000,1790711400000,66.88485,0.09537
"TV-FOOTPRINT-CALIBRATION-001|MM-V1|BINANCE:BTCUSDT|5|1790711700000",32dfd93a66ab7a0f6afac9c3975a4df9861bd0041c0139e71931d569b053b6ad,1790711400000,1790711700000,33.53759,-14.81689
"TV-FOOTPRINT-CALIBRATION-001|MM-V1|BINANCE:BTCUSDT|5|1790712000000",46cacc5219c0390035a0241078e16960cfc4779cdde3ea957569d8a366f5d8dc,1790711700000,1790712000000,23.43386,-4.0909
"TV-FOOTPRINT-CALIBRATION-001|MM-V1|BINANCE:BTCUSDT|5|1790712300000",0c0c5876761386b0024ae905d249e76a6f777ea7b836b222835c1c0746f44ae2,1790712000000,1790712300000,20.85448,-5.6647
"TV-FOOTPRINT-CALIBRATION-001|MM-V1|BINANCE:BTCUSDT|5|1790712600000",ffe32e3d2225fe1da0114214fadc23ca6312e6cadc446e7506211e7a931a9b76,1790712300000,1790712600000,18.57788,1.05462
"TV-FOOTPRINT-CALIBRATION-001|MM-V1|BINANCE:BTCUSDT|5|1790712900000",23bbb7dd78995c08a9b1404bfb64d9d3bad74c47cce4685be54afd08ae0c0ae0,1790712600000,1790712900000,27.85731,-18.13823
"TV-FOOTPRINT-CALIBRATION-001|MM-V1|BINANCE:BTCUSDT|5|1790713200000",11491a6831b193237d49c90458a67dde987177868e2219eb844d34fb9422df22,1790712900000,1790713200000,14.74729,1.53869
"TV-FOOTPRINT-CALIBRATION-001|MM-V1|BINANCE:BTCUSDT|5|1790713500000",5171dd62a6192f040644259de86a9ea855378811c6aeb6d25c7825c459933a34,1790713200000,1790713500000,18.40105,-7.77339
"TV-FOOTPRINT-CALIBRATION-001|MM-V1|BINANCE:BTCUSDT|5|1790713800000",3008c09c9f054321f738c1664a99e4fa330d7541315a1290f4e9a7a1e8d6ecfc,1790713500000,1790713800000,17.57912,-2.23248
"TV-FOOTPRINT-CALIBRATION-001|MM-V1|BINANCE:BTCUSDT|5|1790714100000",9e4e8fd905b2adf0dac8e8d467b76ad8112348df938db97a89cddf4bbc312249,1790713800000,1790714100000,16.61948,-2.40654
"TV-FOOTPRINT-CALIBRATION-001|MM-V1|BINANCE:BTCUSDT|5|1790714400000",b6f4e2a91ac28279f5b230c1a91259e14e878adf5dd44260896a1b1f760374c4,1790714100000,1790714400000,15.81624,1.20396
"TV-FOOTPRINT-CALIBRATION-001|MM-V1|BINANCE:BTCUSDT|5|1790714700000",4b5f80b8344293dff4aefb629217bb160853613c442884e3586000e9b5b45397,1790714400000,1790714700000,13.47049,-2.30757
"TV-FOOTPRINT-CALIBRATION-001|MM-V1|BINANCE:BTCUSDT|5|1790715000000",436ede0452d0f8eb77913fed2466242015ede387df2bc85b1506927c364d3b91,1790714700000,1790715000000,8.43973,0.18091
"TV-FOOTPRINT-CALIBRATION-001|MM-V1|BINANCE:BTCUSDT|5|1790715300000",ae24bb8cf037544c279cc12b206f496f7386e3a0d9d6c541f00faa427130d500,1790715000000,1790715300000,12.60322,1.93164
"TV-FOOTPRINT-CALIBRATION-001|MM-V1|BINANCE:BTCUSDT|5|1790715600000",df1eec26a8111cb44e4b01a0e450ffd477cddfd09cf8a7296e512befd105cfb5,1790715300000,1790715600000,15.59691,-1.80333
"TV-FOOTPRINT-CALIBRATION-001|MM-V1|BINANCE:BTCUSDT|5|1790715900000",2bfb516a4a3b2e6bc455f0abb5a9a81a37a77a1722eec67c794360620afbd2d2,1790715600000,1790715900000,21.81828,-3.7174
"TV-FOOTPRINT-CALIBRATION-001|MM-V1|BINANCE:BTCUSDT|5|1790716200000",645403ddc57ab147360a99e012df6e09d049d88d8cec04e80f0b8e3f29c18457,1790715900000,1790716200000,52.87848,4.83438
"TV-FOOTPRINT-CALIBRATION-001|MM-V1|BINANCE:BTCUSDT|5|1790716500000",9bc785f57242d82824cb6e504c1d762f4569b424f1d6ceefadcc756c502cb8b5,1790716200000,1790716500000,18.84726,-9.7044
"TV-FOOTPRINT-CALIBRATION-001|MM-V1|BINANCE:BTCUSDT|5|1790716800000",2cb56cf293f2220ebb296f573de6f98c0206d0bbb3ec3e103a6ed912cb357be9,1790716500000,1790716800000,48.38858,-41.01828
"TV-FOOTPRINT-CALIBRATION-001|MM-V1|BINANCE:BTCUSDT|5|1790717100000",2541f49ed928f068a7872c4734ce24182452e8794e212ba9b30cc71b167cbdd8,1790716800000,1790717100000,39.37663,-17.92429
"TV-FOOTPRINT-CALIBRATION-001|MM-V1|BINANCE:BTCUSDT|5|1790717400000",8ac5dfbc9aaaa6945862aa621aa7219cd8e171e5386063626957cdb23d0a1f2b,1790717100000,1790717400000,54.35257,-17.62759
"TV-FOOTPRINT-CALIBRATION-001|MM-V1|BINANCE:BTCUSDT|5|1790717700000",709297be1db42d43b2f6cb17e99127efdfd4f835184cd6ab710ddee3c347c942,1790717400000,1790717700000,20.36542,4.32302
"TV-FOOTPRINT-CALIBRATION-001|MM-V1|BINANCE:BTCUSDT|5|1790718000000",171079ebd54ef7306d9dee19443d192555d7b1c8558f8ecec7a335bb2e0ddb86,1790717700000,1790718000000,15.38718,1.13454
"TV-FOOTPRINT-CALIBRATION-001|MM-V1|BINANCE:BTCUSDT|5|1790718300000",8c8a30c449ccf07803cb80918a9e130633fca7662365417b5096f94c1bf396af,1790718000000,1790718300000,24.16569,2.57805
"TV-FOOTPRINT-CALIBRATION-001|MM-V1|BINANCE:BTCUSDT|5|1790718600000",095a84c2e11c18070280d604023f2b00ab56815f59a1cc661839c57286ec8c90,1790718300000,1790718600000,27.16963,-9.52895
"TV-FOOTPRINT-CALIBRATION-001|MM-V1|BINANCE:BTCUSDT|5|1790718900000",5f7178beb6bf6f81d0d955ab7d83e6470ffe16a77897fb5d4c3abcb16959a30a,1790718600000,1790718900000,13.74657,7.31841
"TV-FOOTPRINT-CALIBRATION-001|MM-V1|BINANCE:BTCUSDT|5|1790719200000",272111f5ea002a8d583d6d627127c1b14fbcf96be360447c29098b9d5269ff72,1790718900000,1790719200000,7.60387,0.52127
"TV-FOOTPRINT-CALIBRATION-001|MM-V1|BINANCE:BTCUSDT|5|1790719500000",92271db2814980b23b41cdd15f811511d29c0b654b3081f6232b77368c548b60,1790719200000,1790719500000,22.97181,7.29561
"TV-FOOTPRINT-CALIBRATION-001|MM-V1|BINANCE:BTCUSDT|5|1790719800000",8ecbf56ee7e379f7d8be96ee0b0e6abcf2c9079a56fcc29655e7320795358fa3,1790719500000,1790719800000,17.24187,-4.06305
"TV-FOOTPRINT-CALIBRATION-001|MM-V1|BINANCE:BTCUSDT|5|1790720100000",3c6f4909655b304ad5d0064921682b1522b72f860470dd8381a3b49c77962a49,1790719800000,1790720100000,33.03872,8.99678
"TV-FOOTPRINT-CALIBRATION-001|MM-V1|BINANCE:BTCUSDT|5|1790720400000",9ea65d2bfd10490e8e8ba2763dcaac96ba206e37f039b2c18867ff9bcb06dd76,1790720100000,1790720400000,31.89316,4.2275
"TV-FOOTPRINT-CALIBRATION-001|MM-V1|BINANCE:BTCUSDT|5|1790720700000",c3f3f6fdd8f1c8c1096ee501518cc2cccd449fefca13d2b7a4b189b7d7f8bd9b,1790720400000,1790720700000,14.95672,0.355
"TV-FOOTPRINT-CALIBRATION-001|MM-V1|BINANCE:BTCUSDT|5|1790721000000",d542a0066e654285050d0285fc11e53dfa5004dc976d08302f97d4d25538bfcc,1790720700000,1790721000000,24.83501,-17.71835
"TV-FOOTPRINT-CALIBRATION-001|MM-V1|BINANCE:BTCUSDT|5|1790721300000",22af98f80e889e0b6476fdbcfffacb28a3c747965c14378c16b02c0b7e82f5e4,1790721000000,1790721300000,28.31472,-12.6353
"TV-FOOTPRINT-CALIBRATION-001|MM-V1|BINANCE:BTCUSDT|5|1790721600000",4028710ff84f2e739891599ef69aef7eed4607eace79e2e61ef0f04955641277,1790721300000,1790721600000,16.34638,-0.2969
"TV-FOOTPRINT-CALIBRATION-001|MM-V1|BINANCE:BTCUSDT|5|1790721900000",4e3d1c696865631360f6f64d83b05c710c468a236361dc2760c15347fc7bee15,1790721600000,1790721900000,12.88463,-0.96115
"TV-FOOTPRINT-CALIBRATION-001|MM-V1|BINANCE:BTCUSDT|5|1790722200000",cb6a4c2f7cf5f22b01bbdc1382adf9737492973a51e166dee4e076f9af70f252,1790721900000,1790722200000,25.7092,-7.0357
"TV-FOOTPRINT-CALIBRATION-001|MM-V1|BINANCE:BTCUSDT|5|1790722500000",798a204ebec0de9150812654208e457e633861003ef4132cba1d080a193a839b,1790722200000,1790722500000,18.23161,-6.55897
"TV-FOOTPRINT-CALIBRATION-001|MM-V1|BINANCE:BTCUSDT|5|1790722800000",45857d3175675b99a7e6c93738097affeb1a6c4efcfb90eed1f67added381ed7,1790722500000,1790722800000,28.23056,-15.02222
"TV-FOOTPRINT-CALIBRATION-001|MM-V1|BINANCE:BTCUSDT|5|1790723100000",cd768ebe4ebb418a543bdcadc90ab250dccdced4ebb6f4f003281097a95e9484,1790722800000,1790723100000,28.86136,18.28256
"TV-FOOTPRINT-CALIBRATION-001|MM-V1|BINANCE:BTCUSDT|5|1790723400000",39a02b4f87fab437f42c3e787e192aed2d03fdde5fb9d4d72df15083d90d2400,1790723100000,1790723400000,53.53285,2.80451
"TV-FOOTPRINT-CALIBRATION-001|MM-V1|BINANCE:BTCUSDT|5|1790723700000",072243b8051d71f6090ca9f08babb24a1297321fe200b4d194002d75d16c9bac,1790723400000,1790723700000,14.41817,3.56611
"TV-FOOTPRINT-CALIBRATION-001|MM-V1|BINANCE:BTCUSDT|5|1790724000000",9f905a5c3d6c49f3347b5661401116aa06b71eb4b0049f1bc282ec9c0af0f0c4,1790723700000,1790724000000,24.59978,3.7173
"TV-FOOTPRINT-CALIBRATION-001|MM-V1|BINANCE:BTCUSDT|5|1790724300000",144542cf6982925d53db05ed440a37ef44ababa0c8fa74817cdd565ec7f147da,1790724000000,1790724300000,12.28036,-6.7836
"TV-FOOTPRINT-CALIBRATION-001|MM-V1|BINANCE:BTCUSDT|5|1790724600000",e5b4bdfa9c98f9ac8210970969270101da240ead541bd97f6e43fa56284991c1,1790724300000,1790724600000,53.12338,0.92176
"TV-FOOTPRINT-CALIBRATION-001|MM-V1|BINANCE:BTCUSDT|5|1790724900000",e998826e96cebf68c00919419ba245984dbb81f2877d58c9715169a9b521d6a7,1790724600000,1790724900000,20.59326,-15.16688
"TV-FOOTPRINT-CALIBRATION-001|MM-V1|BINANCE:BTCUSDT|5|1790725200000",3bf3c644569b241df04b9e341cea32747157d7f3875dac15a408a7623a58fa85,1790724900000,1790725200000,32.55996,-11.1202
"TV-FOOTPRINT-CALIBRATION-001|MM-V1|BINANCE:BTCUSDT|5|1790725500000",827560ddec3fb3ccd4015a8ac3f199e1ff26c3a1dfaa9a1332e6b2d49549724c,1790725200000,1790725500000,16.81218,-7.48504
"TV-FOOTPRINT-CALIBRATION-001|MM-V1|BINANCE:BTCUSDT|5|1790725800000",c1108c1860ddacba394fda660e5b5807387019fc8971b30b7cad34fd8bccd1cb,1790725500000,1790725800000,12.26894,2.08684
"TV-FOOTPRINT-CALIBRATION-001|MM-V1|BINANCE:BTCUSDT|5|1790726100000",24fd76ae6a854a501d95c481737f078d18379b66c05e02829d009566ab5ead93,1790725800000,1790726100000,12.38212,-5.21894
"TV-FOOTPRINT-CALIBRATION-001|MM-V1|BINANCE:BTCUSDT|5|1790726400000",455818c695da2a217f0428929028e5c88e046fcef21c5eed587c3e71901e9232,1790726100000,1790726400000,7.30763,1.72057
"TV-FOOTPRINT-CALIBRATION-001|MM-V1|BINANCE:BTCUSDT|5|1790726700000",6149631180b3919cafa17cd2a806c198c6936492ab3af53c8b2e646de8d8b39a,1790726400000,1790726700000,26.40883,4.15609
"TV-FOOTPRINT-CALIBRATION-001|MM-V1|BINANCE:BTCUSDT|5|1790727000000",22b4ff3e5c959b1488f6ba9299e4fcbc65055082ca8b8533f91f27cac17255e2,1790726700000,1790727000000,24.24036,-10.37048
"TV-FOOTPRINT-CALIBRATION-001|MM-V1|BINANCE:BTCUSDT|5|1790727300000",6c574f59c26521944d61762d580460719c13b50d95cce6eb23be76f2a0acecbf,1790727000000,1790727300000,39.99899,-8.62525
"TV-FOOTPRINT-CALIBRATION-001|MM-V1|BINANCE:BTCUSDT|5|1790727600000",6fcf961f2fd0dad4fe69c607bcd019756bc9174a8650fcad048acfbf2007a126,1790727300000,1790727600000,23.99487,-10.43215
"TV-FOOTPRINT-CALIBRATION-001|MM-V1|BINANCE:BTCUSDT|5|1790727900000",7f1abadfbab27e71eb8dd91d3f4c987092dda6e5a1c7f182475a4c9884639a40,1790727600000,1790727900000,22.37017,1.15129
"TV-FOOTPRINT-CALIBRATION-001|MM-V1|BINANCE:BTCUSDT|5|1790728200000",ef86e5c8c1d95f4845ae650e386b09ae5ceaef5999543f9b933a67c967ea33d6,1790727900000,1790728200000,93.92402,61.68404
"TV-FOOTPRINT-CALIBRATION-001|MM-V1|BINANCE:BTCUSDT|5|1790728500000",531ca56b7e077452634d69dd52280bf669c084849b7f2a1e4833cf2cea0da199,1790728200000,1790728500000,27.65914,-2.07816
"TV-FOOTPRINT-CALIBRATION-001|MM-V1|BINANCE:BTCUSDT|5|1790728800000",f8b4ac5b5e8d2f6406f21fcd8f6dc084dab2c77e7b96c5caf3583f4e56147ba4,1790728500000,1790728800000,24.88035,-9.41609
"TV-FOOTPRINT-CALIBRATION-001|MM-V1|BINANCE:BTCUSDT|5|1790729100000",0ce4669ac05a8a5491cbf1815ef915254a8c14c9861e34ba3cb4b470b237fa36,1790728800000,1790729100000,20.57354,-0.42632
"TV-FOOTPRINT-CALIBRATION-001|MM-V1|BINANCE:BTCUSDT|5|1790729400000",958a9bb2ff7087a474dd98956c0a15408d9deec4c04f4808211bfeeef30c7565,1790729100000,1790729400000,27.65397,-5.94611
"TV-FOOTPRINT-CALIBRATION-001|MM-V1|BINANCE:BTCUSDT|5|1790729700000",23b90357959837386d395cdd5e4ccfe75fee3a4e801821a3e90e132ce7f7871a,1790729400000,1790729700000,31.23158,-1.77378
"TV-FOOTPRINT-CALIBRATION-001|MM-V1|BINANCE:BTCUSDT|5|1790730000000",3a0b7db7f62d5955d5f2e8087e1e9211d501e910071087930208e04f99058f03,1790729700000,1790730000000,47.90887,-0.68657
"TV-FOOTPRINT-CALIBRATION-001|MM-V1|BINANCE:BTCUSDT|5|1790730300000",59b48710a8e77ebbb6be07f304fc986c53c5452d2ab622e7f17a6944674e7dd6,1790730000000,1790730300000,76.76465,-14.55365
"TV-FOOTPRINT-CALIBRATION-001|MM-V1|BINANCE:BTCUSDT|5|1790730600000",81e3aec00edd7126b6f95243e20856357502e66d576c808ad914216e0f1c3304,1790730300000,1790730600000,70.48617,5.62107
"TV-FOOTPRINT-CALIBRATION-001|MM-V1|BINANCE:BTCUSDT|5|1790730900000",22ab35ecc8a8db5ca20107d04829c2c6c19d74d53aaaaadaeaa32a62882f5a68,1790730600000,1790730900000,88.31095,-64.43043
"TV-FOOTPRINT-CALIBRATION-001|MM-V1|BINANCE:BTCUSDT|5|1790731200000",1cfd2c62d1e89dc665fa1ea2e8fbecddd4bab71edfbeec8377d2585f2fc94956,1790730900000,1790731200000,12.81995,-1.42065
"TV-FOOTPRINT-CALIBRATION-001|MM-V1|BINANCE:BTCUSDT|5|1790731500000",e5c86af5ac80c3e8938215919193cba526d15895207b6e3da5175155e272ba43,1790731200000,1790731500000,11.90845,8.02445
"TV-FOOTPRINT-CALIBRATION-001|MM-V1|BINANCE:BTCUSDT|5|1790731800000",b0ff27c8efd3b4ca70ffde260241eb16afd89ab8ecc65a5bf848ec12a7b9a5b7,1790731500000,1790731800000,13.657,-5.98898
"TV-FOOTPRINT-CALIBRATION-001|MM-V1|BINANCE:BTCUSDT|5|1790732100000",8c992dd63ff51f1fcb2173d1e0e0e9943b0ef9ea945f39fd5f9178c55509f0ca,1790731800000,1790732100000,32.26735,-2.64571
"TV-FOOTPRINT-CALIBRATION-001|MM-V1|BINANCE:BTCUSDT|5|1790732400000",410cc5b28811c8c4ed51ce474e9e564812e235cfcd03d1dfb99ac6ee02ef264f,1790732100000,1790732400000,25.12529,3.83445
"TV-FOOTPRINT-CALIBRATION-001|MM-V1|BINANCE:BTCUSDT|5|1790732700000",c4993847898a4a294f3ec2c0506d0cec1a80e23e1ecfeba4e927b2caa354acd5,1790732400000,1790732700000,20.90894,10.35522
"TV-FOOTPRINT-CALIBRATION-001|MM-V1|BINANCE:BTCUSDT|5|1790733000000",de88fd9350194a5f8aa69d58ba5aa5f235bb9e3be376e3c70c6e8327e1c4c08a,1790732700000,1790733000000,23.41432,0.48902
"TV-FOOTPRINT-CALIBRATION-001|MM-V1|BINANCE:BTCUSDT|5|1790733300000",bdcdca6e536c49df9cfdd8437282630b305cea8b836467e693df14a5053e53e6,1790733000000,1790733300000,18.57881,0.06301
"TV-FOOTPRINT-CALIBRATION-001|MM-V1|BINANCE:BTCUSDT|5|1790733600000",2016a2819728c4fbd12bcf0f41aac181eb09fc253f13e051c87ef7ded602ecc8,1790733300000,1790733600000,14.20808,-0.0162
"TV-FOOTPRINT-CALIBRATION-001|MM-V1|BINANCE:BTCUSDT|5|1790733900000",b18d81ac6ab29e1df136cebdb032dff3ac4ec95f682841c8e3044b24d801e99b,1790733600000,1790733900000,17.48551,0.91843
"TV-FOOTPRINT-CALIBRATION-001|MM-V1|BINANCE:BTCUSDT|5|1790734200000",6497f0e8c957888d5a15fbf7717df7dd8ee1fbab928ab4a205d53a5732c387e7,1790733900000,1790734200000,33.84851,-2.77905
"TV-FOOTPRINT-CALIBRATION-001|MM-V1|BINANCE:BTCUSDT|5|1790734500000",d20d3783e141848feb9ccc5efd848c619b652374a0137b0707b9bc5621c58ee9,1790734200000,1790734500000,32.58243,-1.37049
"TV-FOOTPRINT-CALIBRATION-001|MM-V1|BINANCE:BTCUSDT|5|1790734800000",8f72118ec4b1809ea44a6e4e1ea2cc9049211617a76ec303bb80e19ba152589c,1790734500000,1790734800000,32.32327,-13.57163
"TV-FOOTPRINT-CALIBRATION-001|MM-V1|BINANCE:BTCUSDT|5|1790735100000",31aad44c172082da1441ad95007daf943e72b50766fcf16d11448d1c79284d61,1790734800000,1790735100000,24.09309,6.87123
"TV-FOOTPRINT-CALIBRATION-001|MM-V1|BINANCE:BTCUSDT|5|1790735400000",c63541e369d00724983398d49cbd84e3176fcb14c25c590a4b2ccefad064faad,1790735100000,1790735400000,29.57677,-7.17459
"TV-FOOTPRINT-CALIBRATION-001|MM-V1|BINANCE:BTCUSDT|5|1790735700000",acecbfc58ccb2cd0dcf6e5e6bf9265e0c0483de8160fd5c2c6331ba8e4afecda,1790735400000,1790735700000,32.52256,3.13546
"TV-FOOTPRINT-CALIBRATION-001|MM-V1|BINANCE:BTCUSDT|5|1790736000000",f76356125a9e3dd52ca54be5bbb2a524397b35892fef57b2abb579de879ee6b0,1790735700000,1790736000000,61.88247,-8.03507
"TV-FOOTPRINT-CALIBRATION-001|MM-V1|BINANCE:BTCUSDT|5|1790736300000",8153884541eee0e055d29e1fc38565e38d22deb530b5c1551ecc6a5eb49d4fc1,1790736000000,1790736300000,20.53103,0.30817
"TV-FOOTPRINT-CALIBRATION-001|MM-V1|BINANCE:BTCUSDT|5|1790736600000",a70f2c7907007f881e5c9f20f999074826f03b9ef48addf83becbf21ca8da01d,1790736300000,1790736600000,19.1185,5.16326
"TV-FOOTPRINT-CALIBRATION-001|MM-V1|BINANCE:BTCUSDT|5|1790736900000",3bd53224a25f5ec95d4e64ff93b1114199a88520f3729bea44f75ee1fa756773,1790736600000,1790736900000,21.1286,8.76708
"TV-FOOTPRINT-CALIBRATION-001|MM-V1|BINANCE:BTCUSDT|5|1790737200000",d07848e0e04590709305c00958c332dcb969f5e3073916c84dff70eb3ab9da9e,1790736900000,1790737200000,16.86275,-6.30439
"TV-FOOTPRINT-CALIBRATION-001|MM-V1|BINANCE:BTCUSDT|5|1790737500000",785c135092a4db9097e6a1586db25ae05a640268272c3453ca3990500ed3ba46,1790737200000,1790737500000,19.4379,1.16342
"TV-FOOTPRINT-CALIBRATION-001|MM-V1|BINANCE:BTCUSDT|5|1790737800000",04e89f0da9e66a696b895ddb0bfe50e5b44296738071c36606f3272da870251a,1790737500000,1790737800000,14.93618,-0.77896
"TV-FOOTPRINT-CALIBRATION-001|MM-V1|BINANCE:BTCUSDT|5|1790738100000",94179c3a33a0d20dfbb0f0bda47d552722ade61d77e1b295783739bf152d737e,1790737800000,1790738100000,9.10494,-6.42826
"TV-FOOTPRINT-CALIBRATION-001|MM-V1|BINANCE:BTCUSDT|5|1790738400000",7710553e7d05471af07fb2f27bc5a30945c859de34fcaec8247cdf39a688f113,1790738100000,1790738400000,82.34977,-55.17667
"TV-FOOTPRINT-CALIBRATION-001|MM-V1|BINANCE:BTCUSDT|5|1790738700000",205ae7833606e919b383eac5ab3110d0b231dd90ebe89af5d45f5d8e51119940,1790738400000,1790738700000,21.88545,10.43333
"TV-FOOTPRINT-CALIBRATION-001|MM-V1|BINANCE:BTCUSDT|5|1790739000000",16a752d2228cf884e91979c3c35507d0a1740d1811e127b0716d1e499e20a67e,1790738700000,1790739000000,12.55747,1.93659
"TV-FOOTPRINT-CALIBRATION-001|MM-V1|BINANCE:BTCUSDT|5|1790739300000",051afe4439a702df0b33614abf13ef4647c777cf52a3dc836b9665ee850c29fb,1790739000000,1790739300000,18.57782,3.59262
"TV-FOOTPRINT-CALIBRATION-001|MM-V1|BINANCE:BTCUSDT|5|1790739600000",fedfd23a77da60616487d6389d9bae9504ea83c1bbc50ef042d9aa7d7717304e,1790739300000,1790739600000,18.35758,1.02334
"TV-FOOTPRINT-CALIBRATION-001|MM-V1|BINANCE:BTCUSDT|5|1790739900000",9b2730cd290db4b9cd1c4c2775d1da5f829a466e9c66ed92a327843691a91f11,1790739600000,1790739900000,20.18002,3.1711
"TV-FOOTPRINT-CALIBRATION-001|MM-V1|BINANCE:BTCUSDT|5|1790740200000",4cd879ccc74782a76a7d18c592a57e2b4397cbbe8308511c24bdc1ff2fc29e12,1790739900000,1790740200000,15.38207,-6.21867
"TV-FOOTPRINT-CALIBRATION-001|MM-V1|BINANCE:BTCUSDT|5|1790740500000",0e9e8da6ca34c49da05e160572be59d2680356dfe38d6385e4faa2602b183693,1790740200000,1790740500000,13.41627,-0.42149
"TV-FOOTPRINT-CALIBRATION-001|MM-V1|BINANCE:BTCUSDT|5|1790740800000",c7a51e430249b9bbcf8ad64fb2a49ef1645ffb2f5416fe80dff4496b339a21e7,1790740500000,1790740800000,9.65086,-2.0415
"TV-FOOTPRINT-CALIBRATION-001|MM-V1|BINANCE:BTCUSDT|5|1790741100000",5f2770b8439063b0ec0fd256f3fca7599eb51dcc7dfa236ea12f89d27aab200a,1790740800000,1790741100000,17.3314,5.03952
"TV-FOOTPRINT-CALIBRATION-001|MM-V1|BINANCE:BTCUSDT|5|1790741400000",f69dab945f0aa70c22cb92b70d7c5151bfa22c55f1a7f364fbd8f33a0a4d6752,1790741100000,1790741400000,22.19192,-7.59384
"TV-FOOTPRINT-CALIBRATION-001|MM-V1|BINANCE:BTCUSDT|5|1790741700000",e3c5484f66edb7aa7dd59e6283e3ba4ee3f13916efe6faeae22528fd00ebb681,1790741400000,1790741700000,17.33993,7.54873
"TV-FOOTPRINT-CALIBRATION-001|MM-V1|BINANCE:BTCUSDT|5|1790742000000",c6de49f9d691c348f4f3be76119f907be57ee7009aaca97a7eedc58d7d5558b8,1790741700000,1790742000000,44.35159,6.87813
"TV-FOOTPRINT-CALIBRATION-001|MM-V1|BINANCE:BTCUSDT|5|1790742300000",2d2e1271b75d5e622eae4e61a6aa9d92cec50c04b5786e98ef90cf3aac1947a9,1790742000000,1790742300000,20.1282,-7.32096
"TV-FOOTPRINT-CALIBRATION-001|MM-V1|BINANCE:BTCUSDT|5|1790742600000",5a3ac7ad00d52d83ed690282bbbcf1a627b3bcc1ddd0ea2f67974217be760792,1790742300000,1790742600000,23.9807,8.8036
"TV-FOOTPRINT-CALIBRATION-001|MM-V1|BINANCE:BTCUSDT|5|1790742900000",aaa6547973fb10df9bbe254653bc799b5f42b216c53d33017e9121088badffa4,1790742600000,1790742900000,16.61942,-0.50494
"TV-FOOTPRINT-CALIBRATION-001|MM-V1|BINANCE:BTCUSDT|5|1790743200000",9498d3a84b6c881959abed780818d096355dbaf2f4f5ea75416b1511460ef2cd,1790742900000,1790743200000,52.9552,17.4436
"TV-FOOTPRINT-CALIBRATION-001|MM-V1|BINANCE:BTCUSDT|5|1790743500000",346a9f156b63c0e7698bfe0e6491e4e22646e35885f5ecb67576984819fb58cb,1790743200000,1790743500000,11.76221,-0.71675
"TV-FOOTPRINT-CALIBRATION-001|MM-V1|BINANCE:BTCUSDT|5|1790743800000",6a5f7713189d2b70cacbc8993257dc7dd51a3ca6aaccb64b4a15e3bf8ee89a83,1790743500000,1790743800000,16.54866,-4.4538
"TV-FOOTPRINT-CALIBRATION-001|MM-V1|BINANCE:BTCUSDT|5|1790744100000",7d28d47437f0efd25bae32077ab28e4b7b6673bcd016b7a8dfe9dae55e31aaaa,1790743800000,1790744100000,16.18884,-4.21076
"TV-FOOTPRINT-CALIBRATION-001|MM-V1|BINANCE:BTCUSDT|5|1790744400000",a53b569528f1f7964682722d8dc6a5358c04816218ac8ea09077906c747f8256,1790744100000,1790744400000,26.73911,-13.26363
"TV-FOOTPRINT-CALIBRATION-001|MM-V1|BINANCE:BTCUSDT|5|1790744700000",a6fed0c3ace99a77285bc9697394c4742111c9fc74fcdb68b4c1bcc0ab57033b,1790744400000,1790744700000,32.72331,15.72067
"TV-FOOTPRINT-CALIBRATION-001|MM-V1|BINANCE:BTCUSDT|5|1790745000000",11f90fdcb12e3aa689dc4273bf6b4195f48cdaddc09f70806c928433a16da064,1790744700000,1790745000000,41.88066,5.3882
"TV-FOOTPRINT-CALIBRATION-001|MM-V1|BINANCE:BTCUSDT|5|1790745300000",5a0956e3d0e7d09c62642e930306a3dbfcb42d709067765497686b30e2193f31,1790745000000,1790745300000,40.45474,-1.22712
"TV-FOOTPRINT-CALIBRATION-001|MM-V1|BINANCE:BTCUSDT|5|1790745600000",578024751a30cf9296744e2de65227a74e1f60b1fe68a6ac18870c31112bbdf4,1790745300000,1790745600000,53.81957,-10.80923
"TV-FOOTPRINT-CALIBRATION-001|MM-V1|BINANCE:BTCUSDT|5|1790745900000",3255b6275033c5303adeb10a4208df4368b45a32dd5724299fa55091e899aff1,1790745600000,1790745900000,26.31159,5.48179
"TV-FOOTPRINT-CALIBRATION-001|MM-V1|BINANCE:BTCUSDT|5|1790746200000",1892f0ff4d23b3405b076d6cf4e26870f9b79bd09cca9cac1d74edfb4ecbc60e,1790745900000,1790746200000,40.95184,4.13834
"TV-FOOTPRINT-CALIBRATION-001|MM-V1|BINANCE:BTCUSDT|5|1790746500000",1ac4335d19a0d72c591427240afd1ee9501c2627de120fa19d7489d68e3d3ef8,1790746200000,1790746500000,66.22882,-0.88248
"TV-FOOTPRINT-CALIBRATION-001|MM-V1|BINANCE:BTCUSDT|5|1790746800000",0c3c94f7282c2c947703ab587a222c5895421b1a49b978be76be1abc4a548892,1790746500000,1790746800000,35.52769,-0.60979
"TV-FOOTPRINT-CALIBRATION-001|MM-V1|BINANCE:BTCUSDT|5|1790747100000",280e8a1f47d66b9459bd16f363f5cf4a51deb1cca10b5ec3e4c87b94dca71334,1790746800000,1790747100000,13.93517,1.37567
"TV-FOOTPRINT-CALIBRATION-001|MM-V1|BINANCE:BTCUSDT|5|1790747400000",c23ebbafa56be563796641e1962f4e86c0add3fe1d44abbf6c0f91f2051cfafc,1790747100000,1790747400000,16.30048,-6.84036
"TV-FOOTPRINT-CALIBRATION-001|MM-V1|BINANCE:BTCUSDT|5|1790747700000",1c4de2061a943e3abdc7e38bb3bf951914fb2a8cce65f522c52061e666d9caff,1790747400000,1790747700000,8.7126,-3.83598
"TV-FOOTPRINT-CALIBRATION-001|MM-V1|BINANCE:BTCUSDT|5|1790748000000",f921620b2c757ed847af47aadd4753fbe65fde708a0ce624c82e619e564cad97,1790747700000,1790748000000,61.47323,-25.36507
"TV-FOOTPRINT-CALIBRATION-001|MM-V1|BINANCE:BTCUSDT|5|1790748300000",ecb2996dc940176e8d8c0699927f291ea076d83b2b41c95d53aeaa902133a15d,1790748000000,1790748300000,40.18856,1.80984
"TV-FOOTPRINT-CALIBRATION-001|MM-V1|BINANCE:BTCUSDT|5|1790748600000",473c59529fe980a1cf38c3ce41b16b8cad46f15efda02cf3359153cbdbeabb5a,1790748300000,1790748600000,36.10817,-18.04627
"TV-FOOTPRINT-CALIBRATION-001|MM-V1|BINANCE:BTCUSDT|5|1790748900000",934de2de4eea1e278199277ac337cb76cba4cc57734ef1a3d5bf597ca1378ebe,1790748600000,1790748900000,47.39638,-20.02102
"TV-FOOTPRINT-CALIBRATION-001|MM-V1|BINANCE:BTCUSDT|5|1790749200000",535b8147e6bbb9a7b34aa28d898d704503bf448cb9068e3de55d0c7963f5a981,1790748900000,1790749200000,38.35088,7.64138
"TV-FOOTPRINT-CALIBRATION-001|MM-V1|BINANCE:BTCUSDT|5|1790749500000",75813af991264dc44e6c8df4e023a5b2374fd85866c8b104d9d9dff6af54b27b,1790749200000,1790749500000,31.05423,-3.57377
"TV-FOOTPRINT-CALIBRATION-001|MM-V1|BINANCE:BTCUSDT|5|1790749800000",0e8b393c820b05c1ad13e9e9d31945121aa59e55658f83b633795059ebe72b72,1790749500000,1790749800000,87.9905,-14.11428
"TV-FOOTPRINT-CALIBRATION-001|MM-V1|BINANCE:BTCUSDT|5|1790750100000",2dcf25cc216a1e403a157878bc36a6216d87b30751088e935c0b1116a1a3cae3,1790749800000,1790750100000,28.58233,-1.24303
"TV-FOOTPRINT-CALIBRATION-001|MM-V1|BINANCE:BTCUSDT|5|1790750400000",d44a811082dd5f4a93a46891bac514739e92325f6e531d163d979a27a22870e2,1790750100000,1790750400000,42.05153,-14.63575
"TV-FOOTPRINT-CALIBRATION-001|MM-V1|BINANCE:BTCUSDT|5|1790750700000",a901a6c5d531c6870a56ac535a03e2239307be8aa039c9338314ea30f2d287da,1790750400000,1790750700000,28.70402,1.45198
"TV-FOOTPRINT-CALIBRATION-001|MM-V1|BINANCE:BTCUSDT|5|1790751000000",cc7fa993f7c18a298d2f785ee12830d9e99d7133c5f68ab8926ef00a4f5c80fb,1790750700000,1790751000000,54.01021,-31.13693
"TV-FOOTPRINT-CALIBRATION-001|MM-V1|BINANCE:BTCUSDT|5|1790751300000",209a16af2e2cc52584d81b1b2904ae685226f9db8797bf4af4c3579819daec11,1790751000000,1790751300000,41.68188,23.0225
"TV-FOOTPRINT-CALIBRATION-001|MM-V1|BINANCE:BTCUSDT|5|1790751600000",acb9edabcdbd982bfe8e04cd13b19df049dae9d5c1d0fab9d25e2edd4650364e,1790751300000,1790751600000,52.5821,-28.34672
"TV-FOOTPRINT-CALIBRATION-001|MM-V1|BINANCE:BTCUSDT|5|1790751900000",e358bfebc97973fd28a5192ec265d16e079a550f1d57ab9f2a721700bd3ab3f6,1790751600000,1790751900000,73.99013,-30.26349
"TV-FOOTPRINT-CALIBRATION-001|MM-V1|BINANCE:BTCUSDT|5|1790752200000",b5bb4d47015cb5b6b7874a53ec72973fd20edd13d58c7096be1f24d099f2d46d,1790751900000,1790752200000,40.65557,11.22089
"TV-FOOTPRINT-CALIBRATION-001|MM-V1|BINANCE:BTCUSDT|5|1790752500000",cb67a415b3939f2051f307060d8fd7e3cef333e01ad85d93325bf613e28d702e,1790752200000,1790752500000,29.56356,-1.8379
"TV-FOOTPRINT-CALIBRATION-001|MM-V1|BINANCE:BTCUSDT|5|1790752800000",ed0b7755c630071deb408ac77f1a641ecfd29de3cc4c894f3446ba8216e5fb21,1790752500000,1790752800000,25.39005,14.41093
"TV-FOOTPRINT-CALIBRATION-001|MM-V1|BINANCE:BTCUSDT|5|1790753100000",f6a3018017f2c9b53bd2dd83f7c8bc50fa1f2cf62aa7ead62904ad63dc24fc0c,1790752800000,1790753100000,45.81652,14.30296
"TV-FOOTPRINT-CALIBRATION-001|MM-V1|BINANCE:BTCUSDT|5|1790753400000",4669663738f11a543cc37b31a3e12ab2fe99cda57f80b5dfb5811c1144e9546b,1790753100000,1790753400000,48.35626,-8.53004
"TV-FOOTPRINT-CALIBRATION-001|MM-V1|BINANCE:BTCUSDT|5|1790753700000",e61b3feff615b4d5f356bcb3aeef7829c284a69042089dce3583376cc06a9cb3,1790753400000,1790753700000,60.66925,-9.67115
"TV-FOOTPRINT-CALIBRATION-001|MM-V1|BINANCE:BTCUSDT|5|1790754000000",de0cc680f0881c1cda802b4746101a577361f689f86c1864eac17c358365a0b4,1790753700000,1790754000000,75.40915,-10.87357
"TV-FOOTPRINT-CALIBRATION-001|MM-V1|BINANCE:BTCUSDT|5|1790754300000",baa59ecfe404e2b239d35047841f217d4d51c4a8ed0555b20ab560079336e114,1790754000000,1790754300000,49.38014,4.95152
"TV-FOOTPRINT-CALIBRATION-001|MM-V1|BINANCE:BTCUSDT|5|1790754600000",98f5136f9a3ca1d0dbdb8bc01217278842ea449acbff09646860b8983ad1a831,1790754300000,1790754600000,85.62648,0.40664
"TV-FOOTPRINT-CALIBRATION-001|MM-V1|BINANCE:BTCUSDT|5|1790754900000",403069d3f3db6cf9f689bf0849a1d9e2ef605c70881734bc29c47d3aaaeab641,1790754600000,1790754900000,83.64715,-12.27939
"TV-FOOTPRINT-CALIBRATION-001|MM-V1|BINANCE:BTCUSDT|5|1790755200000",cdb21e7c2054f92d281f483ce6fb2a3a4e1affbab48f820bbc23007267ce833f,1790754900000,1790755200000,64.35769,4.21681
"TV-FOOTPRINT-CALIBRATION-001|MM-V1|BINANCE:BTCUSDT|5|1790755500000",53a7dfc4e1bece4e072074ad5457fd490ca2f6d13f9d9b240cea2f5be61c53a4,1790755200000,1790755500000,55.45189,-0.42245
"TV-FOOTPRINT-CALIBRATION-001|MM-V1|BINANCE:BTCUSDT|5|1790755800000",96fb61b3bd9509699fa6a24362eaf2d652f4fc7178c451ed0f484c2afab8edee,1790755500000,1790755800000,54.54191,-13.08391
"TV-FOOTPRINT-CALIBRATION-001|MM-V1|BINANCE:BTCUSDT|5|1790756100000",1c147f66c0c6449b2500f871bf1df7563048d6a65df20167e82db90f45387081,1790755800000,1790756100000,57.24928,-19.98288
"TV-FOOTPRINT-CALIBRATION-001|MM-V1|BINANCE:BTCUSDT|5|1790756400000",4dc1d03302a173aede2617a9282bb015006e5232dcd77661ef707cfe6f8c6ea1,1790756100000,1790756400000,59.00359,16.32083
"TV-FOOTPRINT-CALIBRATION-001|MM-V1|BINANCE:BTCUSDT|5|1790756700000",5abad90dbd7c173c3946397ec632b15e00ac330a163f884da7c771135a97ff5c,1790756400000,1790756700000,59.58565,13.98015
"TV-FOOTPRINT-CALIBRATION-001|MM-V1|BINANCE:BTCUSDT|5|1790757000000",767142d9c0baedc1b2166ca15db846d87c098332201f8e06bd254ba688f5be2f,1790756700000,1790757000000,41.66067,-16.90857
"TV-FOOTPRINT-CALIBRATION-001|MM-V1|BINANCE:BTCUSDT|5|1790757300000",48a37ab8008153408bd4d005cd6e9709bf778785cd62a0a52c54236150920180,1790757000000,1790757300000,97.26571,-13.36093
"TV-FOOTPRINT-CALIBRATION-001|MM-V1|BINANCE:BTCUSDT|5|1790757600000",febd0cd4c1a98da889c5f385744c3a145aa054ba0f6e0042d867d98bb86c8d72,1790757300000,1790757600000,48.77452,9.21122
"TV-FOOTPRINT-CALIBRATION-001|MM-V1|BINANCE:BTCUSDT|5|1790757900000",2bc805349e2943a6502a2c3b4fe3c0aacb6def7715828cdbe7ec45fb1cbc49f3,1790757600000,1790757900000,29.91836,-2.4869
"TV-FOOTPRINT-CALIBRATION-001|MM-V1|BINANCE:BTCUSDT|5|1790758200000",bf4f4d8a4b494dcfaec575f85ccac1cc3439f10daba8dd7f7223d6ff124025a3,1790757900000,1790758200000,38.52642,10.91304
"TV-FOOTPRINT-CALIBRATION-001|MM-V1|BINANCE:BTCUSDT|5|1790758500000",7b1ed1ed09d55534ce4f60480becb78693be0bc4a699b1352d4e808df1f57109,1790758200000,1790758500000,68.20936,-20.7328
"TV-FOOTPRINT-CALIBRATION-001|MM-V1|BINANCE:BTCUSDT|5|1790758800000",ded0425c048baf833b8240e4a7c634a621b83b202472c199a0784cce81b6df88,1790758500000,1790758800000,17.73506,-0.34888
"TV-FOOTPRINT-CALIBRATION-001|MM-V1|BINANCE:BTCUSDT|5|1790759100000",a81da626837e95b562755fd421bc8d9a70bdba2968bd2f3f037f34d47cb70d85,1790758800000,1790759100000,23.4519,15.81236
"TV-FOOTPRINT-CALIBRATION-001|MM-V1|BINANCE:BTCUSDT|5|1790759400000",6a76e97dbad957334ca33bd3416665faf5e8c2fa56a2d87bc12eacadd53f3c43,1790759100000,1790759400000,37.28365,2.66571
"TV-FOOTPRINT-CALIBRATION-001|MM-V1|BINANCE:BTCUSDT|5|1790759700000",e3e4347ddd0d32ed57f1e2169639484c09d9a4d2395dd1b07b3a8e24fc8cd0a9,1790759400000,1790759700000,23.73488,3.93532
"TV-FOOTPRINT-CALIBRATION-001|MM-V1|BINANCE:BTCUSDT|5|1790760000000",e168aee4c2934cc37873fe8838da24a7035096dfe697eb9a1d04095cc030993c,1790759700000,1790760000000,52.37494,1.20574
"TV-FOOTPRINT-CALIBRATION-001|MM-V1|BINANCE:BTCUSDT|5|1790760300000",0c5599ed1f213b1fc4e1c4b7d452d4410eaae0003ea72a8096d45470602b1b28,1790760000000,1790760300000,39.01024,-4.04878
"TV-FOOTPRINT-CALIBRATION-001|MM-V1|BINANCE:BTCUSDT|5|1790760600000",57d173e0a6e7e824b83a55577b8ae524d94531a18842a03c082785b88d5a2bcb,1790760300000,1790760600000,35.8766,4.63722
"TV-FOOTPRINT-CALIBRATION-001|MM-V1|BINANCE:BTCUSDT|5|1790760900000",830185d16f284c85f976538d307e569a77efdc614b2f82531b4ab44bb7968038,1790760600000,1790760900000,245.14819,84.15985
"TV-FOOTPRINT-CALIBRATION-001|MM-V1|BINANCE:BTCUSDT|5|1790761200000",fbc2e3e6aa93438c8eddc894042b75537f1344295b75275606fdf31d80ae44d4,1790760900000,1790761200000,51.80075,-17.05465
"TV-FOOTPRINT-CALIBRATION-001|MM-V1|BINANCE:BTCUSDT|5|1790761500000",d7eeb79259913f47b9983e1ce6d89aaf2d9eec17b32e04e55272d2676ebd653b,1790761200000,1790761500000,36.61312,-6.00436
"TV-FOOTPRINT-CALIBRATION-001|MM-V1|BINANCE:BTCUSDT|5|1790761800000",784664e680f3e8f1d650ac6a7fd9e2451ee60cc657504d4066cf4141dcec7435,1790761500000,1790761800000,25.76027,-2.63667
"TV-FOOTPRINT-CALIBRATION-001|MM-V1|BINANCE:BTCUSDT|5|1790762100000",1396ec81bb04505629763d74344a86b6bdce1ee5cc1c93c02e9105c07978f7b3,1790761800000,1790762100000,41.96418,-0.33514
"TV-FOOTPRINT-CALIBRATION-001|MM-V1|BINANCE:BTCUSDT|5|1790762400000",81ac3b4f708d998698a16ef91947d7a65d18c292004d54d7d3812695ec631dab,1790762100000,1790762400000,30.34551,-6.13335
"TV-FOOTPRINT-CALIBRATION-001|MM-V1|BINANCE:BTCUSDT|5|1790762700000",ff187fb1a9ef5da39a332a07e4f8f01dfe526736428fd714f3b3b843e3a26113,1790762400000,1790762700000,265.86052,177.7225
"TV-FOOTPRINT-CALIBRATION-001|MM-V1|BINANCE:BTCUSDT|5|1790763000000",d738957690a4cb4b4335b82cbd17f821cb2a4414deebe4f0f450c68726eeed22,1790762700000,1790763000000,47.80327,-16.73065
"TV-FOOTPRINT-CALIBRATION-001|MM-V1|BINANCE:BTCUSDT|5|1790763300000",965c75edf65ce0bd6fa93f6314fd0da97ad068e0ff0f21047427b3786411d42f,1790763000000,1790763300000,26.51866,-6.77872
"TV-FOOTPRINT-CALIBRATION-001|MM-V1|BINANCE:BTCUSDT|5|1790763600000",38e338292ef300905345325eb6ee87cb513a9318b331ffb5b32fc84b962a95f8,1790763300000,1790763600000,41.83247,-0.22463
"TV-FOOTPRINT-CALIBRATION-001|MM-V1|BINANCE:BTCUSDT|5|1790763900000",af4aacf0d6962ee9c0c17963d7420733299d7fc94a52922f9503b2339d78a400,1790763600000,1790763900000,66.88768,3.9233
"TV-FOOTPRINT-CALIBRATION-001|MM-V1|BINANCE:BTCUSDT|5|1790764200000",e16d92a4c821144b97e6ecbf8112b13ce31fe416191c22850c4e77f0d61b1a80,1790763900000,1790764200000,63.07433,-10.49321
"TV-FOOTPRINT-CALIBRATION-001|MM-V1|BINANCE:BTCUSDT|5|1790764500000",9c0ed6625ad269de01ef139cb01ec85dee962f444c217a858d96303a974b9253,1790764200000,1790764500000,51.21308,14.81988
"TV-FOOTPRINT-CALIBRATION-001|MM-V1|BINANCE:BTCUSDT|5|1790764800000",18b9d066871face9fe37e6538ee33ce063ec2691156c4952497f3323fcfdb854,1790764500000,1790764800000,45.90265,-1.84655
"TV-FOOTPRINT-CALIBRATION-001|MM-V1|BINANCE:BTCUSDT|5|1790765100000",9ae83b762a30a69c8b4b3b62bb1d7a8721336a73b7e42af5dccf8aac6491c6f4,1790764800000,1790765100000,39.36532,-0.84886
"TV-FOOTPRINT-CALIBRATION-001|MM-V1|BINANCE:BTCUSDT|5|1790765400000",ee542db91c81b08fb13377fc1877d6a59f1622a33ba3ef2e50b547e0ee7f9034,1790765100000,1790765400000,31.80906,-10.28304
"TV-FOOTPRINT-CALIBRATION-001|MM-V1|BINANCE:BTCUSDT|5|1790765700000",8da2372f0ff9899a9171906aae6ae5f551f780fad296baa706b4b42d542f67d9,1790765400000,1790765700000,23.45817,-0.95597
"TV-FOOTPRINT-CALIBRATION-001|MM-V1|BINANCE:BTCUSDT|5|1790766000000",6cf83c56d9899546e10bafe129a8d5d7edec73482ac9d09769245e86fbaf2c73,1790765700000,1790766000000,47.12526,-17.57964
"TV-FOOTPRINT-CALIBRATION-001|MM-V1|BINANCE:BTCUSDT|5|1790766300000",6f066394baad43b5ef26accb418f49d7a7b7b80212fee1b3fb89270b304ced3f,1790766000000,1790766300000,36.9854,-12.6084
"TV-FOOTPRINT-CALIBRATION-001|MM-V1|BINANCE:BTCUSDT|5|1790766600000",c54f5b0dd12f137d6d4126c79341276a97360dbc880c8b95ce467cd9f1a29420,1790766300000,1790766600000,44.71417,-1.12323
"TV-FOOTPRINT-CALIBRATION-001|MM-V1|BINANCE:BTCUSDT|5|1790766900000",2ecdce06c64dba4558c6ea69820b42d0e4273214672091750b11496f45cc453d,1790766600000,1790766900000,31.06023,7.13697
"TV-FOOTPRINT-CALIBRATION-001|MM-V1|BINANCE:BTCUSDT|5|1790767200000",7f5b7dcb73d7dca771af22ece0478ca15acbe9c3acdac6c511dba33551ac52b7,1790766900000,1790767200000,38.70586,-17.72226
"TV-FOOTPRINT-CALIBRATION-001|MM-V1|BINANCE:BTCUSDT|5|1790767500000",919bec6c3e31a721b47410811f5a29ea11ce971b632fa14331316fb7d6710397,1790767200000,1790767500000,26.12893,7.17919
"TV-FOOTPRINT-CALIBRATION-001|MM-V1|BINANCE:BTCUSDT|5|1790767800000",96979fe4e0660f36eb6160d644b70abb1d77a6fd960b2d1df1ff04a2d1473c29,1790767500000,1790767800000,18.25339,-5.47171
"TV-FOOTPRINT-CALIBRATION-001|MM-V1|BINANCE:BTCUSDT|5|1790768100000",1f8efc37a032f134351f5e37851b17bb04a0cc4c05d1e1cc306deda1a5d22c89,1790767800000,1790768100000,40.82705,-12.78427
"TV-FOOTPRINT-CALIBRATION-001|MM-V1|BINANCE:BTCUSDT|5|1790768400000",4d023ded8ca211ce4f25a5d83c85b10f4ba07a8179a853a6da657c5399ff0138,1790768100000,1790768400000,56.33549,10.42657
"TV-FOOTPRINT-CALIBRATION-001|MM-V1|BINANCE:BTCUSDT|5|1790768700000",e0611c4a4273389365b907dcf5aa76532dbcf85fae14006285a059982f838361,1790768400000,1790768700000,70.10753,9.11491
"TV-FOOTPRINT-CALIBRATION-001|MM-V1|BINANCE:BTCUSDT|5|1790769000000",a9dfca5fa6daef934e1b0de5ef060624e66d4deecc754a3142a6f0cb3fdf9fd6,1790768700000,1790769000000,44.16963,-18.24159
"TV-FOOTPRINT-CALIBRATION-001|MM-V1|BINANCE:BTCUSDT|5|1790769300000",cd111fbe3a3766733791228e86ae653c5f89520b05d1d963bb3c664ce9e1b2d4,1790769000000,1790769300000,21.04489,-2.94925
"TV-FOOTPRINT-CALIBRATION-001|MM-V1|BINANCE:BTCUSDT|5|1790769600000",8783ce5d5c0d5cdaecfb5f9fbe15e8d5c94cccce66f87cc985a1b25180cb687b,1790769300000,1790769600000,19.90668,2.62962
"TV-FOOTPRINT-CALIBRATION-001|MM-V1|BINANCE:BTCUSDT|5|1790769900000",59c1b3543ae9b8272a29bf668c045b2673b134730fb6f1e654b604416ce1513b,1790769600000,1790769900000,39.29682,-20.05022
"TV-FOOTPRINT-CALIBRATION-001|MM-V1|BINANCE:BTCUSDT|5|1790770200000",57e392dbb1a0a967c247932862a91f488343fc5b22fc80c4c8ad2b0a0a9d8e37,1790769900000,1790770200000,20.25258,-7.0407
"TV-FOOTPRINT-CALIBRATION-001|MM-V1|BINANCE:BTCUSDT|5|1790770500000",2f58f9e06b2260d3bd411513856d13f14c0a30a0eeea66ae9fa8cde2b55b51b1,1790770200000,1790770500000,18.09052,10.5177
"TV-FOOTPRINT-CALIBRATION-001|MM-V1|BINANCE:BTCUSDT|5|1790770800000",a3bdf410b6c447bc76818e81b6076788ce9236bd6b98e631a8926140cd6c6c77,1790770500000,1790770800000,65.64948,-12.86956
"TV-FOOTPRINT-CALIBRATION-001|MM-V1|BINANCE:BTCUSDT|5|1790771100000",ba35831a058faefb4430a98b2ac6f792db837c95fa9697c8dc22bde6547e6432,1790770800000,1790771100000,41.47465,0.79987
"TV-FOOTPRINT-CALIBRATION-001|MM-V1|BINANCE:BTCUSDT|5|1790771400000",2c1b9cbea75881f26a18e4d01b2a0c9bd870b387983d24ee6be0b1ff9980bf9e,1790771100000,1790771400000,43.54617,12.29417
"TV-FOOTPRINT-CALIBRATION-001|MM-V1|BINANCE:BTCUSDT|5|1790771700000",5fa8a841c9b482180315ebdcb727336d65934c1a84a751536e3e97ae2c4ae0a6,1790771400000,1790771700000,452.44904,191.47686
"TV-FOOTPRINT-CALIBRATION-001|MM-V1|BINANCE:BTCUSDT|5|1790772000000",bffd0ca9cc947a3b67440330c78fba121e23d209d61f55a84faa361af57c57df,1790771700000,1790772000000,534.68845,184.19979
"TV-FOOTPRINT-CALIBRATION-001|MM-V1|BINANCE:BTCUSDT|5|1790772300000",ac1fbb560278b67bd9261732e6350a598e5e9afdf7e39826fdf7715874adb141,1790772000000,1790772300000,1208.0624,-477.87148
"TV-FOOTPRINT-CALIBRATION-001|MM-V1|BINANCE:BTCUSDT|5|1790772600000",3c1c496ca25c1bd5f18fb9507b52a0a7972fde2c364a77e9923574e027381141,1790772300000,1790772600000,410.1879,90.98102
"TV-FOOTPRINT-CALIBRATION-001|MM-V1|BINANCE:BTCUSDT|5|1790772900000",9fab300e23b6c9dbf32203e53690c785ee070a7a8a18588d54b65421569fe004,1790772600000,1790772900000,781.86076,438.47992
"TV-FOOTPRINT-CALIBRATION-001|MM-V1|BINANCE:BTCUSDT|5|1790773200000",eb463a54335ce62389f0382ac861a212fdbc5d7e54f723aceeac22c87ee310ea,1790772900000,1790773200000,234.47945,-6.21275
"TV-FOOTPRINT-CALIBRATION-001|MM-V1|BINANCE:BTCUSDT|5|1790773500000",271ff368daa0b62bdb733afe778378dcee7d4b8a6958a56b6ab3780d4814d67c,1790773200000,1790773500000,185.93901,-28.81659
"TV-FOOTPRINT-CALIBRATION-001|MM-V1|BINANCE:BTCUSDT|5|1790773800000",1ac5ec874eebce4fbcf339052c0771de4a3d1adf5bddf0371475b3a5f8937208,1790773500000,1790773800000,317.19327,118.80071
"TV-FOOTPRINT-CALIBRATION-001|MM-V1|BINANCE:BTCUSDT|5|1790774100000",986b7877f4f44d7fd573df295698bed346d2b94f5012a3bc25fe95da9e0ce08a,1790773800000,1790774100000,150.73679,-10.65801
"TV-FOOTPRINT-CALIBRATION-001|MM-V1|BINANCE:BTCUSDT|5|1790774400000",06c2cd98a02250d5c2e1c078649a63c4e4e988d3e96f45edffd65ed19543f7a6,1790774100000,1790774400000,225.38175,-133.22633
"TV-FOOTPRINT-CALIBRATION-001|MM-V1|BINANCE:BTCUSDT|5|1790774700000",22587b13ed64d3528aa270dd6c4e285b263ceb9b5d4cc35b8bf7c9ffb71d00a4,1790774400000,1790774700000,84.04906,24.0259
"TV-FOOTPRINT-CALIBRATION-001|MM-V1|BINANCE:BTCUSDT|5|1790775000000",6a7318f592d9d0b2c75c925346527d8bdf0f5509daf31f0c6b935e53b20998d8,1790774700000,1790775000000,207.36112,-124.61204
"TV-FOOTPRINT-CALIBRATION-001|MM-V1|BINANCE:BTCUSDT|5|1790775300000",89474f84bbd2ba45d7535d16e6453b4192f460828d61e87ae30d678d13e803d5,1790775000000,1790775300000,147.8813,14.93992
"TV-FOOTPRINT-CALIBRATION-001|MM-V1|BINANCE:BTCUSDT|5|1790775600000",c6704c4eca5149efeaac5de5d556ce118ce3ae754a0bc188955e6b40fe8096c4,1790775300000,1790775600000,474.35825,-148.68493
"TV-FOOTPRINT-CALIBRATION-001|MM-V1|BINANCE:BTCUSDT|5|1790775900000",397104ac31317651c08d80dabaa49c2a90311897ef7c5e5d5d682f1e270ef76b,1790775600000,1790775900000,290.04954,-0.9366
"TV-FOOTPRINT-CALIBRATION-001|MM-V1|BINANCE:BTCUSDT|5|1790776200000",7600017f6b9c917dee9606d12438bf79f381712fadc014525efac7b79db28b21,1790775900000,1790776200000,119.01417,-2.28307
"TV-FOOTPRINT-CALIBRATION-001|MM-V1|BINANCE:BTCUSDT|5|1790776500000",72e4828642070dad5ff2f4084b000ba8fe6c290c4efc741bfaa0c1852dc24901,1790776200000,1790776500000,112.85127,40.89473
"TV-FOOTPRINT-CALIBRATION-001|MM-V1|BINANCE:BTCUSDT|5|1790776800000",d0c0b699c96c9f6f8c7069d5a09cebb2ffaa4e3b0c26823b42fd41e546a7f8e7,1790776500000,1790776800000,65.88243,0.37051
"TV-FOOTPRINT-CALIBRATION-001|MM-V1|BINANCE:BTCUSDT|5|1790777100000",7de0373c5244c69bcc2d4d18fd948e8eaf6ef5447714e74dc71895fb54a5613c,1790776800000,1790777100000,127.14686,-38.88102
"TV-FOOTPRINT-CALIBRATION-001|MM-V1|BINANCE:BTCUSDT|5|1790777400000",64a6555081993d06e3f9fa37cbcdc3ef35ea35c5155e998f1145ce8a29e48926,1790777100000,1790777400000,115.08908,0.86684
"TV-FOOTPRINT-CALIBRATION-001|MM-V1|BINANCE:BTCUSDT|5|1790777700000",81d7b45e5a912492a61bd47a38a42f8a32a7cc6e11f3274e1982be45eb465cfc,1790777400000,1790777700000,157.40892,-6.43736
"TV-FOOTPRINT-CALIBRATION-001|MM-V1|BINANCE:BTCUSDT|5|1790778000000",fd8180665b256d84a2a30a3ba3870e57702093912ea19114d80b51fa9516a488,1790777700000,1790778000000,165.45631,-5.50615
"TV-FOOTPRINT-CALIBRATION-001|MM-V1|BINANCE:BTCUSDT|5|1790778300000",ae8b0ae111bc339d78ac849947eb022643b92dc4ef4b711372883cf5c149e0a7,1790778000000,1790778300000,274.94285,-80.66493
"TV-FOOTPRINT-CALIBRATION-001|MM-V1|BINANCE:BTCUSDT|5|1790778600000",29d1c040414faef66542d6f846fb0cde480b1ac3eabdb1cc245085bab9e72041,1790778300000,1790778600000,152.39089,-37.36659
"TV-FOOTPRINT-CALIBRATION-001|MM-V1|BINANCE:BTCUSDT|5|1790778900000",4061e877d24f479feadd68b33b0806e29a0352fd34e0449daf840420430fb94a,1790778600000,1790778900000,281.7425,-125.47574
"TV-FOOTPRINT-CALIBRATION-001|MM-V1|BINANCE:BTCUSDT|5|1790779200000",db3adda7fb9ccac1cb9c045de0c6479ffc4bec00846549cd0e568cd63f7e145b,1790778900000,1790779200000,197.89848,26.27082
"TV-FOOTPRINT-CALIBRATION-001|MM-V1|BINANCE:BTCUSDT|5|1790779500000",d1b1b40432dc4f99badc1bd7583d072de0038b9ef6a1ccaa8102c8cd23c91977,1790779200000,1790779500000,98.15214,-13.20274
"TV-FOOTPRINT-CALIBRATION-001|MM-V1|BINANCE:BTCUSDT|5|1790779800000",ace393fac8dbdfc337ca7c4049abfdcb27faead66ac1b4960c3cdf8ac111abd5,1790779500000,1790779800000,87.55949,-2.23733
"TV-FOOTPRINT-CALIBRATION-001|MM-V1|BINANCE:BTCUSDT|5|1790780100000",fa52d9afb27d1f569f50b3552dd6e1538f0848d8f0b582b24a6be707c6f69bd3,1790779800000,1790780100000,134.88751,36.97693
"TV-FOOTPRINT-CALIBRATION-001|MM-V1|BINANCE:BTCUSDT|5|1790780400000",a3adc0257618e30b7a44ed43f56a69314e5ed6fd7cf9684b8fbb545aaf6186b4,1790780100000,1790780400000,104.51696,-10.17928
"TV-FOOTPRINT-CALIBRATION-001|MM-V1|BINANCE:BTCUSDT|5|1790780700000",bec6ea0e1a163a2814d23eec588b4963c926330a64ea31cbe7cf286b8e4ee732,1790780400000,1790780700000,104.82111,-5.34969
"TV-FOOTPRINT-CALIBRATION-001|MM-V1|BINANCE:BTCUSDT|5|1790781000000",d81ed8583f4661e4e3baed60672a1af8be0af5a801c631186a0f7ef18187f510,1790780700000,1790781000000,57.96965,-1.35949
"TV-FOOTPRINT-CALIBRATION-001|MM-V1|BINANCE:BTCUSDT|5|1790781300000",39e66b65968ba1d9a835a6800dfb9cf8d330fc55683ac0bfefca6b8db3db9595,1790781000000,1790781300000,66.18636,-14.12964
"TV-FOOTPRINT-CALIBRATION-001|MM-V1|BINANCE:BTCUSDT|5|1790781600000",21d733ae24d0e301b075c5eca28f3cd4e53c3bb18a800158f0b889df113c1bc6,1790781300000,1790781600000,84.46963,-11.20959
"TV-FOOTPRINT-CALIBRATION-001|MM-V1|BINANCE:BTCUSDT|5|1790781900000",0b75124b55735aff6e35e510aee8b70f806850d888b77d1fa2b4a69f44c65b4d,1790781600000,1790781900000,74.1265,-1.3624
"TV-FOOTPRINT-CALIBRATION-001|MM-V1|BINANCE:BTCUSDT|5|1790782200000",2210cfab28f2c5502333c70bcabc26630b822ecc1eef5bfaef8caedb46a523b3,1790781900000,1790782200000,52.35869,16.47027
"TV-FOOTPRINT-CALIBRATION-001|MM-V1|BINANCE:BTCUSDT|5|1790782500000",b0b24601f5a773789804d87861955b3be836036d25b0efc45d28c52b06393725,1790782200000,1790782500000,115.17785,24.70379
"TV-FOOTPRINT-CALIBRATION-001|MM-V1|BINANCE:BTCUSDT|5|1790782800000",255c6f974c06622dcf866fe989a36d52d27efa5129b1cd8017842aa694d7d57d,1790782500000,1790782800000,69.83001,21.51145
"TV-FOOTPRINT-CALIBRATION-001|MM-V1|BINANCE:BTCUSDT|5|1790783100000",f4c682728099afa49f6dd38a7147fb5c928f939a6426dbe9222d95b73faaa220,1790782800000,1790783100000,62.99974,-12.36
"TV-FOOTPRINT-CALIBRATION-001|MM-V1|BINANCE:BTCUSDT|5|1790783400000",4eb88584ede261285a75c333ebf455cde6d28f3c48d914f2fd869de3c92ddf61,1790783100000,1790783400000,56.43799,26.25357
"TV-FOOTPRINT-CALIBRATION-001|MM-V1|BINANCE:BTCUSDT|5|1790783700000",787f895d9cd7cda23f3903ae37503310d1332321c0e71fa81b32bc40a060bdbf,1790783400000,1790783700000,36.78153,6.03009
"TV-FOOTPRINT-CALIBRATION-001|MM-V1|BINANCE:BTCUSDT|5|1790784000000",b450298a03fa6561ec3cd8836888528e5c495189e9b57e2c4c71e41ac4497d12,1790783700000,1790784000000,26.92274,-2.56572
"TV-FOOTPRINT-CALIBRATION-001|MM-V1|BINANCE:BTCUSDT|5|1790784300000",4631dae4310e9e1a2a07400e17105d4e456f944b5f6ce37ef9e7a05708be4efd,1790784000000,1790784300000,54.48205,21.11851
"TV-FOOTPRINT-CALIBRATION-001|MM-V1|BINANCE:BTCUSDT|5|1790784600000",28fdb15a4979e7253a70e069e05e77d57a5076804d9bb6c3e44373366977529f,1790784300000,1790784600000,59.77549,24.39795
"TV-FOOTPRINT-CALIBRATION-001|MM-V1|BINANCE:BTCUSDT|5|1790784900000",6a9ad0822f7dfd54d623a4c4aaf80d5f1f9aaf75bf470867d8ed457c68707085,1790784600000,1790784900000,50.97428,7.29488
"TV-FOOTPRINT-CALIBRATION-001|MM-V1|BINANCE:BTCUSDT|5|1790785200000",6c54b9f9daefb35643a2e63b729afaabf286282ee7fdf453ff405132d25b8196,1790784900000,1790785200000,59.94412,1.29684
"TV-FOOTPRINT-CALIBRATION-001|MM-V1|BINANCE:BTCUSDT|5|1790785500000",1dd54a8367cddf90de9b067c4a18b2723c44f2013033254bc12c3f86b72fc224,1790785200000,1790785500000,60.62008,-7.39172
"TV-FOOTPRINT-CALIBRATION-001|MM-V1|BINANCE:BTCUSDT|5|1790785800000",fb86f16d7682233b7a3622760da185dc42179c45d5b161d5a8e434a2f12f2eb4,1790785500000,1790785800000,63.46208,-35.54182
"TV-FOOTPRINT-CALIBRATION-001|MM-V1|BINANCE:BTCUSDT|5|1790786100000",88fcec17d0fefacdf636b1469910d49b7b01a1a091034fbd2703fb02604da0dc,1790785800000,1790786100000,44.79505,4.08435
"TV-FOOTPRINT-CALIBRATION-001|MM-V1|BINANCE:BTCUSDT|5|1790786400000",614bb6747b1c0c73642291852319cf1b7b3a28c74aea1ea97fcbd69e73d6d2fe,1790786100000,1790786400000,34.64923,-0.09891
"TV-FOOTPRINT-CALIBRATION-001|MM-V1|BINANCE:BTCUSDT|5|1790786700000",8aa2aade0cd9adbc26f371c72bf30311037c9b7f0fa97a0029662d779e8e807b,1790786400000,1790786700000,32.09697,3.22961
"TV-FOOTPRINT-CALIBRATION-001|MM-V1|BINANCE:BTCUSDT|5|1790787000000",1ca9c5b73a1608d7a76fa48d0c0d7192506c341b1e0718f3fd1d1db99c240105,1790786700000,1790787000000,38.48584,8.22102
"TV-FOOTPRINT-CALIBRATION-001|MM-V1|BINANCE:BTCUSDT|5|1790787300000",ecba46e2ca432c5e1012b4f45974456dff213bccac8fcf4f423b6b7f6c3e26c0,1790787000000,1790787300000,32.2008,4.41732
"TV-FOOTPRINT-CALIBRATION-001|MM-V1|BINANCE:BTCUSDT|5|1790787600000",9a1511bca61b0fcc42d67eccd361998f0744cbab65b04e7675b57976c00be4c7,1790787300000,1790787600000,40.05998,-0.77084
"TV-FOOTPRINT-CALIBRATION-001|MM-V1|BINANCE:BTCUSDT|5|1790787900000",5eeb6a9957b8bac6385f6f43c40e967f8e7b6d31900c3cdb928a5a7a37f4fc07,1790787600000,1790787900000,59.12643,-35.51561
"TV-FOOTPRINT-CALIBRATION-001|MM-V1|BINANCE:BTCUSDT|5|1790788200000",5b0bc2edf869ec692355039035b2d72a8955f427059249eb309bafd362406c2e,1790787900000,1790788200000,69.01685,5.74405
"TV-FOOTPRINT-CALIBRATION-001|MM-V1|BINANCE:BTCUSDT|5|1790788500000",fa5a062251ee61876c6504ff6688f9a3d1c103458791bc6126797c73830ee35a,1790788200000,1790788500000,29.84453,-1.11769
"TV-FOOTPRINT-CALIBRATION-001|MM-V1|BINANCE:BTCUSDT|5|1790788800000",77cb6a1731679776ab0d82dd4ce1dd4f6a2ed00a2569c5337ea34c258f088434,1790788500000,1790788800000,56.84304,-4.26272
"TV-FOOTPRINT-CALIBRATION-001|MM-V1|BINANCE:BTCUSDT|5|1790789100000",ae091509a405f49a1037b146735ce8539e4be51117b9f587932064c3a506b83b,1790788800000,1790789100000,29.90714,-0.13748
"TV-FOOTPRINT-CALIBRATION-001|MM-V1|BINANCE:BTCUSDT|5|1790789400000",9d321cf403cdbd17c66be06c06e2fd4bb202049d9ca5d5eb85122bf26ace7a4c,1790789100000,1790789400000,47.31949,2.56057
"TV-FOOTPRINT-CALIBRATION-001|MM-V1|BINANCE:BTCUSDT|5|1790789700000",3630bc690da1361c2f600a0775b77773fe87738474dbea6d97d0fc0a5fdfec2a,1790789400000,1790789700000,58.44525,-2.29301
"TV-FOOTPRINT-CALIBRATION-001|MM-V1|BINANCE:BTCUSDT|5|1790790000000",b6dc02bf5dd9b8a8832292dbe34b78e1723d0fc6890e6dc4ea9107aa93623418,1790789700000,1790790000000,84.25318,-13.16606
"TV-FOOTPRINT-CALIBRATION-001|MM-V1|BINANCE:BTCUSDT|5|1790790300000",f822698dc125505bef23938c3e6d5484853bb9b33c2ddc16a1762abf352cc31d,1790790000000,1790790300000,32.15781,12.11237
"TV-FOOTPRINT-CALIBRATION-001|MM-V1|BINANCE:BTCUSDT|5|1790790600000",11a473e9321b189ac9427baac982427ab49b0d23f7ecfc41d06bc07f5a159d12,1790790300000,1790790600000,42.23893,14.52383
"TV-FOOTPRINT-CALIBRATION-001|MM-V1|BINANCE:BTCUSDT|5|1790790900000",440144e73b7d5f876f9fb04a4e22193669314e11a758aedf7aa4ca3f1eeaf7b0,1790790600000,1790790900000,20.07497,-0.74867
"TV-FOOTPRINT-CALIBRATION-001|MM-V1|BINANCE:BTCUSDT|5|1790791200000",6de66ad90c75f1d3d4dc328694eb85fe4930f1d6746377929a1d93c23e41dd4f,1790790900000,1790791200000,63.38474,-22.50178
"TV-FOOTPRINT-CALIBRATION-001|MM-V1|BINANCE:BTCUSDT|5|1790791500000",ec10126810d3e6f429857cccbad531898608546c5079d146de161dbbc66eb27e,1790791200000,1790791500000,53.64098,8.73856
"TV-FOOTPRINT-CALIBRATION-001|MM-V1|BINANCE:BTCUSDT|5|1790791800000",8083c292bb61818496bdf1a5dd1375b655ea16d65dc5c106067c6edfa6dee6c3,1790791500000,1790791800000,32.74564,4.31074
"TV-FOOTPRINT-CALIBRATION-001|MM-V1|BINANCE:BTCUSDT|5|1790792100000",20dc2b33ecd61465b3152f256bc5f50e5277e1aee78a21559d578b10f923ad70,1790791800000,1790792100000,33.68175,-13.57755
"TV-FOOTPRINT-CALIBRATION-001|MM-V1|BINANCE:BTCUSDT|5|1790792400000",c22298fd6aff544715cacf0094485e838c4d74f975c27c1d82e23db08f265822,1790792100000,1790792400000,37.67383,-10.20637
"TV-FOOTPRINT-CALIBRATION-001|MM-V1|BINANCE:BTCUSDT|5|1790792700000",39d5faf600b37cef394d4cf175e0d54e87ac541e94b82477a99820077529fe05,1790792400000,1790792700000,25.86057,-6.83477
"TV-FOOTPRINT-CALIBRATION-001|MM-V1|BINANCE:BTCUSDT|5|1790793000000",f91880d449ff158dce42001781330f06adab484dd68e4a6c469683c538f457a9,1790792700000,1790793000000,50.76652,14.87444
"TV-FOOTPRINT-CALIBRATION-001|MM-V1|BINANCE:BTCUSDT|5|1790793300000",8b785de7667ccb81b7d6199d9b3452c2c31e78037bb105108d761c74a09b40b6,1790793000000,1790793300000,37.13637,-2.05417
"TV-FOOTPRINT-CALIBRATION-001|MM-V1|BINANCE:BTCUSDT|5|1790793600000",81375e4ef27000d6baf0b28d3701a0994f38eabe150406dd4d5a5a4ab4f29af4,1790793300000,1790793600000,28.57153,-5.83655
"TV-FOOTPRINT-CALIBRATION-001|MM-V1|BINANCE:BTCUSDT|5|1790793900000",bf551142d8776bda16de2cff898551b6bc0fcce547707b2aec4bd9d91f3b9094,1790793600000,1790793900000,29.70267,13.58307
"TV-FOOTPRINT-CALIBRATION-001|MM-V1|BINANCE:BTCUSDT|5|1790794200000",8ff75203d04ad552b2bdf431491d0a848949641dd32681e766d2f97137088902,1790793900000,1790794200000,21.93531,2.63801
"TV-FOOTPRINT-CALIBRATION-001|MM-V1|BINANCE:BTCUSDT|5|1790794500000",38e38946ed6b1bdf6446e284ec90bb5120f9e74c0a8a8dea867446d65b09e6f5,1790794200000,1790794500000,40.30324,-1.3504
"TV-FOOTPRINT-CALIBRATION-001|MM-V1|BINANCE:BTCUSDT|5|1790794800000",056455ea8c0d4bc186437af0d6f653ba43ed234a198dc56865da60c6e91bbaf4,1790794500000,1790794800000,17.66831,4.02147
"TV-FOOTPRINT-CALIBRATION-001|MM-V1|BINANCE:BTCUSDT|5|1790795100000",4314ed286c490a92b332337253e57a67ea4b9eea4b9372e8a08ad5f43572ad3f,1790794800000,1790795100000,26.1464,-2.8182
"TV-FOOTPRINT-CALIBRATION-001|MM-V1|BINANCE:BTCUSDT|5|1790795400000",23e4c89521780c37dcb60f5418d346d3b69e5957f3373331bd0c8556cabe127c,1790795100000,1790795400000,23.75949,-10.08233
"TV-FOOTPRINT-CALIBRATION-001|MM-V1|BINANCE:BTCUSDT|5|1790795700000",44d2375c567aa8543484d33b77a0af331d9834b256433a69ca66e029ff4d89c8,1790795400000,1790795700000,26.38493,-11.80193
"TV-FOOTPRINT-CALIBRATION-001|MM-V1|BINANCE:BTCUSDT|5|1790796000000",c86fd0f39544addf8081ad38594a420298ee9148a03ea66d481eaf654cdb7e1b,1790795700000,1790796000000,84.92366,-27.35746
"TV-FOOTPRINT-CALIBRATION-001|MM-V1|BINANCE:BTCUSDT|5|1790796300000",c87a067f62d8074bbd4e545875c02a99ff0e15cfd60532434c5f3d3cd9fc9fa8,1790796000000,1790796300000,27.23402,-7.65486
"TV-FOOTPRINT-CALIBRATION-001|MM-V1|BINANCE:BTCUSDT|5|1790796600000",27b06ca2dd750f54f945bf81e0e1253c9cd2aa97e061bcf154869704e15c5501,1790796300000,1790796600000,26.05409,-3.51627
"TV-FOOTPRINT-CALIBRATION-001|MM-V1|BINANCE:BTCUSDT|5|1790796900000",b800d02f997e5d98dcf77d0fe85f097e8a729f4abbba1ae557e5a08b19b78f07,1790796600000,1790796900000,34.32396,11.44316
"TV-FOOTPRINT-CALIBRATION-001|MM-V1|BINANCE:BTCUSDT|5|1790797200000",f3630e165b979bb57a81b37ad1ce97b3314a440cade0e7510ba90c7808f83665,1790796900000,1790797200000,26.04898,9.5036
"TV-FOOTPRINT-CALIBRATION-001|MM-V1|BINANCE:BTCUSDT|5|1790797500000",c3974e7a174dca3f66e1775d73ccec8d54470d066e05aa02989f819004df58dd,1790797200000,1790797500000,15.25409,-0.65731
"TV-FOOTPRINT-CALIBRATION-001|MM-V1|BINANCE:BTCUSDT|5|1790797800000",e13408ab5f8130dfd64b96fe083a7bd2847e60634ebbb38520800c4ae263f88a,1790797500000,1790797800000,64.83987,-26.49403
"TV-FOOTPRINT-CALIBRATION-001|MM-V1|BINANCE:BTCUSDT|5|1790798100000",5cf5d5a352e70d4d44816b1383d64e159a81d8e4eb8e5f40de453cd433a8777e,1790797800000,1790798100000,84.04782,-28.55674
"TV-FOOTPRINT-CALIBRATION-001|MM-V1|BINANCE:BTCUSDT|5|1790798400000",2f934ac03a81e56d1cccd91ae78780b2812b53b1f7081aad8ee1213c755c3d36,1790798100000,1790798400000,57.29371,-2.50031
"TV-FOOTPRINT-CALIBRATION-001|MM-V1|BINANCE:BTCUSDT|5|1790798700000",277d41ccffa930e747ee4145a05ae7820385399a4c38449930c8ccf222bfe1e7,1790798400000,1790798700000,66.01652,3.75402
"TV-FOOTPRINT-CALIBRATION-001|MM-V1|BINANCE:BTCUSDT|5|1790799000000",2a6fd6c6ae340f9d1fa5c67a8baadd18bf2a149743dae63ddeeba40acedbb4e3,1790798700000,1790799000000,82.24517,-38.35115
"TV-FOOTPRINT-CALIBRATION-001|MM-V1|BINANCE:BTCUSDT|5|1790799300000",dd42935ac7b2dcbe6af35fa628ebb515e5c2cc78011973ec8b9190b59a71fb93,1790799000000,1790799300000,27.84312,4.90442
"TV-FOOTPRINT-CALIBRATION-001|MM-V1|BINANCE:BTCUSDT|5|1790799600000",f0f1f730d5f24066698e46dab11d24b5385aedbbe51bde6518afd00cfeb24f67,1790799300000,1790799600000,68.71155,35.59531
"TV-FOOTPRINT-CALIBRATION-001|MM-V1|BINANCE:BTCUSDT|5|1790799900000",a459ab2c946b27ca69a1884843fd8f6e8a7695386fef90031f270b34d2982bb1,1790799600000,1790799900000,35.7212,-9.99672
"TV-FOOTPRINT-CALIBRATION-001|MM-V1|BINANCE:BTCUSDT|5|1790800200000",1770ae44c75a9cb9eefa02951ec671db86cf3b334ea5f93126daea6ad69b2914,1790799900000,1790800200000,13.89145,4.07137
"TV-FOOTPRINT-CALIBRATION-001|MM-V1|BINANCE:BTCUSDT|5|1790800500000",5c3dc99494d566e85fd3c992e8c17d54db0bbc86fb53abce7e75ae12d0ec5e42,1790800200000,1790800500000,38.1549,-4.12532
"TV-FOOTPRINT-CALIBRATION-001|MM-V1|BINANCE:BTCUSDT|5|1790800800000",63718d3e96b3cfcb2f01c8b5a64bc1e59aa8afd586002295d129699bb9cd14a9,1790800500000,1790800800000,23.17371,10.18185
"TV-FOOTPRINT-CALIBRATION-001|MM-V1|BINANCE:BTCUSDT|5|1790801100000",3a9e73c5cd42a3b818b77917220c7d4ca1cecac85324c1172e62384b403d1115,1790800800000,1790801100000,10.24862,-3.54468
"TV-FOOTPRINT-CALIBRATION-001|MM-V1|BINANCE:BTCUSDT|5|1790801400000",0093edd22617f7d1c5df23d03d8f0bff2af31f9bd5f3f7920c7bd9954aab04d1,1790801100000,1790801400000,8.27305,0.82915
"TV-FOOTPRINT-CALIBRATION-001|MM-V1|BINANCE:BTCUSDT|5|1790801700000",56f501ad4c55711f98d9081aaf48fa0b948922b68d7ffa99115f4232e049a205,1790801400000,1790801700000,9.2832,-0.50404
"TV-FOOTPRINT-CALIBRATION-001|MM-V1|BINANCE:BTCUSDT|5|1790802000000",39598fc409b4c329235861f5319955db426b25c7fd3acea61f5731b46f4bf9a3,1790801700000,1790802000000,21.93767,-5.10407
"TV-FOOTPRINT-CALIBRATION-001|MM-V1|BINANCE:BTCUSDT|5|1790802300000",8a87cf049fe9fda752c2f54e7c83ab9425ab7abe20bf81c738c917ae223aba63,1790802000000,1790802300000,21.25037,6.78543
"TV-FOOTPRINT-CALIBRATION-001|MM-V1|BINANCE:BTCUSDT|5|1790802600000",97f3da38c81bcd664798d57a1f1c44c9b58a9516bda5fa8146c65fae31e3c031,1790802300000,1790802600000,16.98589,5.24467
"TV-FOOTPRINT-CALIBRATION-001|MM-V1|BINANCE:BTCUSDT|5|1790802900000",133c6cf2571ec56be5d1817d932e2dcca85e6bf880fb7dfed435221e915e0604,1790802600000,1790802900000,66.88577,7.36949
"TV-FOOTPRINT-CALIBRATION-001|MM-V1|BINANCE:BTCUSDT|5|1790803200000",ad8dd412527648a30639d21cf23f457a9cc8a12c06e435ca78b5be173264f9cb,1790802900000,1790803200000,28.77946,4.08768
"TV-FOOTPRINT-CALIBRATION-001|MM-V1|BINANCE:BTCUSDT|5|1790803500000",0c611ce748650aef9f407f54b75c735c25fbcad4d4a3ddc0334f3fd960897b18,1790803200000,1790803500000,25.92456,-17.88076
"TV-FOOTPRINT-CALIBRATION-001|MM-V1|BINANCE:BTCUSDT|5|1790803800000",df1e0ccbe086f909b123557b38a5f720f44b1387fc5464581de139aadd681a85,1790803500000,1790803800000,30.07393,-19.05225
"TV-FOOTPRINT-CALIBRATION-001|MM-V1|BINANCE:BTCUSDT|5|1790804100000",28d874300eb16d324d1daf5373fca5a141c769a0cf2cfc4ec6f8632b928398cc,1790803800000,1790804100000,41.52584,20.69036
"TV-FOOTPRINT-CALIBRATION-001|MM-V1|BINANCE:BTCUSDT|5|1790804400000",f97235197c6576af25f20b00a32dfbb68406ce73c84bccb20ea82437206bd31d,1790804100000,1790804400000,17.20945,-6.79731
"TV-FOOTPRINT-CALIBRATION-001|MM-V1|BINANCE:BTCUSDT|5|1790804700000",cea2ccbea1ca826df13e973b2aa9a036a4c7528ff2e6562c184890f7daabccf2,1790804400000,1790804700000,15.91119,-9.90317
"TV-FOOTPRINT-CALIBRATION-001|MM-V1|BINANCE:BTCUSDT|5|1790805000000",abe2b97921507b439142d6c35a0ec5ee072e901d0704fb9c362ae4f9068b659a,1790804700000,1790805000000,7.65438,2.91198
"TV-FOOTPRINT-CALIBRATION-001|MM-V1|BINANCE:BTCUSDT|5|1790805300000",93f06f34721aa8ca06a0911dde56b449b7c017ff40c7db35f2cf704570e71226,1790805000000,1790805300000,22.70963,2.04205
"TV-FOOTPRINT-CALIBRATION-001|MM-V1|BINANCE:BTCUSDT|5|1790805600000",1178d3df239ea8c3a4a16d33398bd3f5c3b0f43be38af198e932021512bb2f26,1790805300000,1790805600000,7.17488,-0.90544
"TV-FOOTPRINT-CALIBRATION-001|MM-V1|BINANCE:BTCUSDT|5|1790805900000",2887a8a9ebe12542acb70adfbec6a5ecb042f6c768eab5d0b933a2b127f17645,1790805600000,1790805900000,21.94971,-5.82585
"TV-FOOTPRINT-CALIBRATION-001|MM-V1|BINANCE:BTCUSDT|5|1790806200000",cdb6a29fe2ecc2efa205f6136037208abc03d25bd8f2b6f1922f5ba18caa063e,1790805900000,1790806200000,44.44815,-19.44661
"TV-FOOTPRINT-CALIBRATION-001|MM-V1|BINANCE:BTCUSDT|5|1790806500000",5bd1afbb134fe8ddf8a7b0c0c2f94aaf07d315294f58fb38e947b466f2f43b17,1790806200000,1790806500000,10.05879,5.64087
"TV-FOOTPRINT-CALIBRATION-001|MM-V1|BINANCE:BTCUSDT|5|1790806800000",a08da0660130a8bf3243ded85e777364119580992215decd2b29b27c2dbf4633,1790806500000,1790806800000,17.98326,8.09936
"TV-FOOTPRINT-CALIBRATION-001|MM-V1|BINANCE:BTCUSDT|5|1790807100000",7e7d756659f7249145bb3f7a3296d28b4190eb32e19bd7bc1680e37a7dde7d8b,1790806800000,1790807100000,7.21753,1.76163
"TV-FOOTPRINT-CALIBRATION-001|MM-V1|BINANCE:BTCUSDT|5|1790807400000",1790f98a11dd2fd8ac214220d062ce05e6baff2efabe9e7167e82f01ec41ab10,1790807100000,1790807400000,25.853,14.03202
"TV-FOOTPRINT-CALIBRATION-001|MM-V1|BINANCE:BTCUSDT|5|1790807700000",95553f834458553d1ca4f254f6fb5a93d69967027ba65690b85204979b4c3c29,1790807400000,1790807700000,8.54572,-0.85718
"TV-FOOTPRINT-CALIBRATION-001|MM-V1|BINANCE:BTCUSDT|5|1790808000000",19c0e4c1d9abd614265fde9db2b34f9bb8d5a1403f628e93e58e2c943f523df7,1790807700000,1790808000000,10.5909,0.01292
"TV-FOOTPRINT-CALIBRATION-001|MM-V1|BINANCE:BTCUSDT|5|1790808300000",333be2fd727400144a2e631a6758d0bf78e0d4408796bb4a309de35fa485bfb6,1790808000000,1790808300000,18.87256,-9.51994
"TV-FOOTPRINT-CALIBRATION-001|MM-V1|BINANCE:BTCUSDT|5|1790808600000",c865225af5286742e9fdc856b11bc6a8796edff9cf865ef9096c9dc7af7e1f31,1790808300000,1790808600000,24.88899,1.62485
"TV-FOOTPRINT-CALIBRATION-001|MM-V1|BINANCE:BTCUSDT|5|1790808900000",e47d12e18ff9539eebca085d7834c5d8af5515ff2ee5a4e4294f41943ae13e2a,1790808600000,1790808900000,10.80578,-1.95654
"TV-FOOTPRINT-CALIBRATION-001|MM-V1|BINANCE:BTCUSDT|5|1790809200000",02ee7714c199fe73a4051d9c085a9c9d1efab0472515a900af87a8cf74888d7c,1790808900000,1790809200000,13.55109,-2.82965
"TV-FOOTPRINT-CALIBRATION-001|MM-V1|BINANCE:BTCUSDT|5|1790809500000",b4d765abc916ec4bd2edd9c4c3151618904c90ebd31163b7dc1d88a59f7bfcc6,1790809200000,1790809500000,20.19274,2.23032
"TV-FOOTPRINT-CALIBRATION-001|MM-V1|BINANCE:BTCUSDT|5|1790809800000",1566bc0e85c511895e77cdec4a24948d5f9e91d8ab1413c782f5cdc8c04920a5,1790809500000,1790809800000,15.94138,-0.85366
"TV-FOOTPRINT-CALIBRATION-001|MM-V1|BINANCE:BTCUSDT|5|1790810100000",4fc9a8c1500d821b357c827631012631c13877d503d35adbf0f71d1060a5aae9,1790809800000,1790810100000,121.47124,66.4501
"TV-FOOTPRINT-CALIBRATION-001|MM-V1|BINANCE:BTCUSDT|5|1790810400000",042e124ceef28e4710157c18078cc6b1ac72cdec573f1aac1ee0b4fc2e01ccde,1790810100000,1790810400000,32.91758,1.74448
"TV-FOOTPRINT-CALIBRATION-001|MM-V1|BINANCE:BTCUSDT|5|1790810700000",a553d915eed33ebe4a386afa7d9fd34c8a56153562342ee9e551c77eae15062c,1790810400000,1790810700000,30.68488,0.75844
"TV-FOOTPRINT-CALIBRATION-001|MM-V1|BINANCE:BTCUSDT|5|1790811000000",3d360bffbb03489f62013fd5dde8da890a05f6cba637ffe25a0c3fbba88baa7c,1790810700000,1790811000000,126.64663,-93.83689
"TV-FOOTPRINT-CALIBRATION-001|MM-V1|BINANCE:BTCUSDT|5|1790811300000",a97f04fe0c460a5b45c7de081826a317685b15216972b6c551deb19a5160f27d,1790811000000,1790811300000,56.37203,-18.99551
"TV-FOOTPRINT-CALIBRATION-001|MM-V1|BINANCE:BTCUSDT|5|1790811600000",351ceb92400592a0c72180d49e39fece659d268e63bb0f857212283acaf68200,1790811300000,1790811600000,50.22144,22.02684
"TV-FOOTPRINT-CALIBRATION-001|MM-V1|BINANCE:BTCUSDT|5|1790811900000",3ff5ae70a57ad24ebcf1ed750c5bea28fa97f352171c0da663107cc9b933c7b3,1790811600000,1790811900000,25.68761,3.28541
"TV-FOOTPRINT-CALIBRATION-001|MM-V1|BINANCE:BTCUSDT|5|1790812200000",0d08524dded52b644915e4c78e0689bf5b057d99ef0d348691c30e710b880c37,1790811900000,1790812200000,36.00801,7.93641
"TV-FOOTPRINT-CALIBRATION-001|MM-V1|BINANCE:BTCUSDT|5|1790812500000",9acd2c32813dd99cb1c53203637f33b58bead25c559a0b0118ecccf0db48131f,1790812200000,1790812500000,155.55682,24.44242
"TV-FOOTPRINT-CALIBRATION-001|MM-V1|BINANCE:BTCUSDT|5|1790812800000",b963ae8c4cda04e74025639a724273b41e2681f66a89d7fab8fc947f02e6575f,1790812500000,1790812800000,19.2297,8.69582
"TV-FOOTPRINT-CALIBRATION-001|MM-V1|BINANCE:BTCUSDT|5|1790813100000",c9801d08fb321ef0967c2028165bfcfc9d9fef80b3404f2d29eb898b91369818,1790812800000,1790813100000,67.21124,-0.14036
"TV-FOOTPRINT-CALIBRATION-001|MM-V1|BINANCE:BTCUSDT|5|1790813400000",c9888418e70e314b2dabcc9578526597cd4590eb3d2d7b540681a9424c209ca0,1790813100000,1790813400000,46.36352,-17.5347
"TV-FOOTPRINT-CALIBRATION-001|MM-V1|BINANCE:BTCUSDT|5|1790813700000",0812de6fdedfeabe0167ffaf4eb6749df5a29cafc992dd31b4d22d4fd5cc8209,1790813400000,1790813700000,35.3721,3.71718
"TV-FOOTPRINT-CALIBRATION-001|MM-V1|BINANCE:BTCUSDT|5|1790814000000",0b0796142cef15dea3457470a51abcbd598156edea7cd5c99830357fc0fb6c67,1790813700000,1790814000000,48.99336,-2.91068
"TV-FOOTPRINT-CALIBRATION-001|MM-V1|BINANCE:BTCUSDT|5|1790814300000",339c83221a3df7d6d569b9d9633986faa9decd836203a20646a25ddb055f28c5,1790814000000,1790814300000,46.73605,-10.90073
"TV-FOOTPRINT-CALIBRATION-001|MM-V1|BINANCE:BTCUSDT|5|1790814600000",a94415bed8fc1cb5086371775a792d9b41514dbba3bf925bb7acaf20690c075f,1790814300000,1790814600000,24.12692,9.61712
"TV-FOOTPRINT-CALIBRATION-001|MM-V1|BINANCE:BTCUSDT|5|1790814900000",e1b27ffaedffc7ffa7abb6223f5e120fb371a2fa2ffdfd45a4a80e4dfba7e6b8,1790814600000,1790814900000,35.54561,6.20679
"TV-FOOTPRINT-CALIBRATION-001|MM-V1|BINANCE:BTCUSDT|5|1790815200000",b270bbdab5be47e53b585767d18f34490ea8ac836c9c2a571357f5701ec2312d,1790814900000,1790815200000,27.92507,9.59683
"TV-FOOTPRINT-CALIBRATION-001|MM-V1|BINANCE:BTCUSDT|5|1790815500000",626824479a5c4e2c459413836dd37ef080ff47e0d92da1a56c3735f7d8f58a3b,1790815200000,1790815500000,31.2754,2.64256
"TV-FOOTPRINT-CALIBRATION-001|MM-V1|BINANCE:BTCUSDT|5|1790815800000",715345bc269cdd073d79bede5ed6bec4b2eacbb3c93007d8914707c03959043e,1790815500000,1790815800000,31.92638,5.26236
"TV-FOOTPRINT-CALIBRATION-001|MM-V1|BINANCE:BTCUSDT|5|1790816100000",09d6052fe0f2cfb2c24b55ccb3e0b3c8e7217a513fd5fe00d16d8793047e0e86,1790815800000,1790816100000,27.26617,-4.67123
"TV-FOOTPRINT-CALIBRATION-001|MM-V1|BINANCE:BTCUSDT|5|1790816400000",dcf8bdb8c232681134e51add8e7fc92205c654e0a0f854fc842b3a7408b53e97,1790816100000,1790816400000,28.52922,6.25664
"TV-FOOTPRINT-CALIBRATION-001|MM-V1|BINANCE:BTCUSDT|5|1790816700000",42a5b5690b57f21a6386bad73a6eb958a519d72108ad6fea005c08ec3179cdd1,1790816400000,1790816700000,47.90303,14.14009
"TV-FOOTPRINT-CALIBRATION-001|MM-V1|BINANCE:BTCUSDT|5|1790817000000",2687b2a5ae7c434f7aa1348f22852fa7d5c5cecdcbcfd960257c3466318a293e,1790816700000,1790817000000,47.31801,13.72297
"TV-FOOTPRINT-CALIBRATION-001|MM-V1|BINANCE:BTCUSDT|5|1790817300000",163081d70bdad4ce77b2a690d914e25bb940652749a8c0f882e154f4b34f7af4,1790817000000,1790817300000,26.31159,5.52429
"TV-FOOTPRINT-CALIBRATION-001|MM-V1|BINANCE:BTCUSDT|5|1790817600000",1fa3599e582e9316943ba8e187048ddeb394c79b34acb05d4c8c2188dcd9377f,1790817300000,1790817600000,38.39978,8.95252
"TV-FOOTPRINT-CALIBRATION-001|MM-V1|BINANCE:BTCUSDT|5|1790817900000",068ccc1ffeeba15fa9a57e084e6e6e7dedabfd3649512383f053d9e5a3fc6022,1790817600000,1790817900000,40.54082,-3.87604
"TV-FOOTPRINT-CALIBRATION-001|MM-V1|BINANCE:BTCUSDT|5|1790818200000",7fe9cf67ed9f1f2313e7d5e6be8875b056655c8d24a4504664036c0f19f3c4b2,1790817900000,1790818200000,9.22028,1.27352
"TV-FOOTPRINT-CALIBRATION-001|MM-V1|BINANCE:BTCUSDT|5|1790818500000",6a706bf79efc8ac8e52269b9f9c1af2bc49900863cacd84bfdaa3fc9b6c4583f,1790818200000,1790818500000,22.52025,-7.21473
"TV-FOOTPRINT-CALIBRATION-001|MM-V1|BINANCE:BTCUSDT|5|1790818800000",2d8d550237e119872b6d8e2adee6a49ecbe6fe70edeaefdd32457f70eec8efdb,1790818500000,1790818800000,35.24122,-14.77974
"TV-FOOTPRINT-CALIBRATION-001|MM-V1|BINANCE:BTCUSDT|5|1790819100000",c322ca04c3130bfb6643263395d8eaf02d5bf0ad1ba014c86fe8743704faed51,1790818800000,1790819100000,14.38174,-0.02094
"TV-FOOTPRINT-CALIBRATION-001|MM-V1|BINANCE:BTCUSDT|5|1790819400000",dd8988c3c7e772486fe79380897938268d64e23a6842f7360c3705f49da5e1d6,1790819100000,1790819400000,26.79116,-8.88344
"TV-FOOTPRINT-CALIBRATION-001|MM-V1|BINANCE:BTCUSDT|5|1790819700000",b8493a6e947565f511224d683473091f0b4bce19dc8737010ecb45ff43cc8584,1790819400000,1790819700000,20.77446,5.64584
"TV-FOOTPRINT-CALIBRATION-001|MM-V1|BINANCE:BTCUSDT|5|1790820000000",ae80906b0725a44b3b02e66847e42e810ef4e830e44f24efff01440a245498dc,1790819700000,1790820000000,11.51321,0.76551
"TV-FOOTPRINT-CALIBRATION-001|MM-V1|BINANCE:BTCUSDT|5|1790820300000",912c0d887e92980712e9b216b7457a6a057514467dc13035649c4ac43ab1f1b9,1790820000000,1790820300000,16.3581,3.74122
"TV-FOOTPRINT-CALIBRATION-001|MM-V1|BINANCE:BTCUSDT|5|1790820600000",e0d706b720e039f7fb536709188d9b165cd0069bf014e2ff82243fa5cf17326b,1790820300000,1790820600000,25.9834,4.39936
"TV-FOOTPRINT-CALIBRATION-001|MM-V1|BINANCE:BTCUSDT|5|1790820900000",462fe35a3a40e3aad247c386b5da48030fa92c48d8bf8f90e2ec855d9310eff1,1790820600000,1790820900000,16.69204,1.11582
"TV-FOOTPRINT-CALIBRATION-001|MM-V1|BINANCE:BTCUSDT|5|1790821200000",422ce646bfe188fe141afa73c90127a5f280eac9e5d4a43a0c86d84ee139e3e5,1790820900000,1790821200000,20.78516,-5.25128
"TV-FOOTPRINT-CALIBRATION-001|MM-V1|BINANCE:BTCUSDT|5|1790821500000",82841ad949b16425ee078e97265251eccb9c2a2e9cfccc02338432c9b3247b3e,1790821200000,1790821500000,52.01902,-10.20578
"TV-FOOTPRINT-CALIBRATION-001|MM-V1|BINANCE:BTCUSDT|5|1790821800000",c3312576dcf5a8c362de9cbc1c723a3969825dde8878b25011aa31cf78064cf2,1790821500000,1790821800000,34.41205,0.06431
"TV-FOOTPRINT-CALIBRATION-001|MM-V1|BINANCE:BTCUSDT|5|1790822100000",7df03d410b9946ea6b92220d8a7321588d415c783930e986c0be142a36060ff1,1790821800000,1790822100000,48.59972,12.9659
"TV-FOOTPRINT-CALIBRATION-001|MM-V1|BINANCE:BTCUSDT|5|1790822400000",9bc7b8ad4a9dbe9e02d3ff8dabafd4cea299c0dfb10301669656e28cfa7b10f0,1790822100000,1790822400000,48.95729,-23.21637
"TV-FOOTPRINT-CALIBRATION-001|MM-V1|BINANCE:BTCUSDT|5|1790822700000",7f366a050ec4b3714684f992d1ffe4d8c883e00459bd6aae5f935517f5402e86,1790822400000,1790822700000,39.38219,-16.17077
"TV-FOOTPRINT-CALIBRATION-001|MM-V1|BINANCE:BTCUSDT|5|1790823000000",fc7243a9a50a7c60913f30b6c60c85f5a8390565c764206aac642dfe494cb167,1790822700000,1790823000000,20.33729,-7.41109
"TV-FOOTPRINT-CALIBRATION-001|MM-V1|BINANCE:BTCUSDT|5|1790823300000",d44a56edccc0c8cd4dca5e3bbf417d07d510c4c22b30be7461893b13ba2cf135,1790823000000,1790823300000,14.86887,3.67005
"TV-FOOTPRINT-CALIBRATION-001|MM-V1|BINANCE:BTCUSDT|5|1790823600000",9108cc3522b0a3ef42750edd7ae928795640479d8cd7289ba0794a3e0ce0a712,1790823300000,1790823600000,23.73865,-2.25971
"TV-FOOTPRINT-CALIBRATION-001|MM-V1|BINANCE:BTCUSDT|5|1790823900000",ade284691b681e1502d13ed30d8194595e49f64df953fe567e8cfe9f4899ed05,1790823600000,1790823900000,44.25096,12.28108
"TV-FOOTPRINT-CALIBRATION-001|MM-V1|BINANCE:BTCUSDT|5|1790824200000",3aee6545e779556e1e295f5343b4108bd40eee04d534e1aeb55f6bf3806de032,1790823900000,1790824200000,24.74109,8.29133
"TV-FOOTPRINT-CALIBRATION-001|MM-V1|BINANCE:BTCUSDT|5|1790824500000",ba6ca09f2f4464069658cbc78f8469280af222fd7f6ccddbe6b58230a36584eb,1790824200000,1790824500000,24.48726,-11.09802
"TV-FOOTPRINT-CALIBRATION-001|MM-V1|BINANCE:BTCUSDT|5|1790824800000",bd7d45711def532858c7be9eaa6edf98e6a270ddc30b3c0bffe5c0a367f3c666,1790824500000,1790824800000,15.89253,0.30597
"TV-FOOTPRINT-CALIBRATION-001|MM-V1|BINANCE:BTCUSDT|5|1790825100000",82e60644660c993145804a7ef863267ea3fd01a00789e21a62d01f73e0c9a555,1790824800000,1790825100000,12.60347,-1.96803
"TV-FOOTPRINT-CALIBRATION-001|MM-V1|BINANCE:BTCUSDT|5|1790825400000",a0d7056a48b4548ffdbb1bda2e1e7fda65fa2ddbd7fbfaf9a91140cfb8c0abbb,1790825100000,1790825400000,21.26024,12.92476
"TV-FOOTPRINT-CALIBRATION-001|MM-V1|BINANCE:BTCUSDT|5|1790825700000",4638a6c7a9572bdedb945e426b456d332364a054514d6fb60f93ecc22618896e,1790825400000,1790825700000,13.27735,-0.62825
"TV-FOOTPRINT-CALIBRATION-001|MM-V1|BINANCE:BTCUSDT|5|1790826000000",6951901a831a45be7e29b9e89793f7b06900b006fd06fb6bc074452c5939738c,1790825700000,1790826000000,28.26545,12.22891
"TV-FOOTPRINT-CALIBRATION-001|MM-V1|BINANCE:BTCUSDT|5|1790826300000",d2e4f82356f6500b96ba6754645997a46ae25c1e3bc20ea8d39dcd84b9ee45ea,1790826000000,1790826300000,35.26429,15.01769
"TV-FOOTPRINT-CALIBRATION-001|MM-V1|BINANCE:BTCUSDT|5|1790826600000",c9024f20a2b05ca5722c74cb7bc9228efc25ed047c9d25b7d998c2011c3eafa3,1790826300000,1790826600000,32.06828,-9.33712
"TV-FOOTPRINT-CALIBRATION-001|MM-V1|BINANCE:BTCUSDT|5|1790826900000",a4f43ae4eb9834ac19253a66999aba5fbf4d8a7041ff097b9bf50e4ae00ffa07,1790826600000,1790826900000,37.45568,12.15794
"TV-FOOTPRINT-CALIBRATION-001|MM-V1|BINANCE:BTCUSDT|5|1790827200000",c9fd74ade1257ccb981ad44adb14d4f2aee7ada0443f4044f7d1ae4ca7c7140a,1790826900000,1790827200000,35.37878,2.02254
"TV-FOOTPRINT-CALIBRATION-001|MM-V1|BINANCE:BTCUSDT|5|1790827500000",a217018bcf42baa12815e6283acfe684e51f119c89dd5a5031bb6cb5fb687734,1790827200000,1790827500000,32.90468,-1.78686
"TV-FOOTPRINT-CALIBRATION-001|MM-V1|BINANCE:BTCUSDT|5|1790827800000",6cbde61ed5fc96736d7e28cf8cbb123f62db43d4bb0d2624ba7168a1bbeeddd9,1790827500000,1790827800000,35.14506,10.33234
"TV-FOOTPRINT-CALIBRATION-001|MM-V1|BINANCE:BTCUSDT|5|1790828100000",ad5ee1e5d1e1ad7cb282ab03d08c1e22e81469b000a7487d431e90948eb7813d,1790827800000,1790828100000,38.95415,9.86457
"TV-FOOTPRINT-CALIBRATION-001|MM-V1|BINANCE:BTCUSDT|5|1790828400000",b13a80b2cd48c6bbc1c725db3747fdbc2bccd7375ebee78f6d8b0ce980e4ef4d,1790828100000,1790828400000,56.818,-15.49968
"TV-FOOTPRINT-CALIBRATION-001|MM-V1|BINANCE:BTCUSDT|5|1790828700000",0c3de073b302eb369b934a3c734d778f1e6faa4038d365312e8f73819ea8c90b,1790828400000,1790828700000,53.55464,6.5783
"TV-FOOTPRINT-CALIBRATION-001|MM-V1|BINANCE:BTCUSDT|5|1790829000000",49a65ad8976e7fd7ae8f46faae2fbfd8c1e5597d21d72aa1a4983e32794c622a,1790828700000,1790829000000,22.22087,8.75217
"TV-FOOTPRINT-CALIBRATION-001|MM-V1|BINANCE:BTCUSDT|5|1790829300000",45cd01ca1d91f5c7704c1282d21df196ac2a4b946e9cb5bdddb8147436b7da74,1790829000000,1790829300000,31.65019,-6.03869
"TV-FOOTPRINT-CALIBRATION-001|MM-V1|BINANCE:BTCUSDT|5|1790829600000",a2bc20684fdafc06f98c7a4932d5ed31e0ac9566b1f569c8d2cc913b73cce65b,1790829300000,1790829600000,28.0611,9.9658
"TV-FOOTPRINT-CALIBRATION-001|MM-V1|BINANCE:BTCUSDT|5|1790829900000",82da0bb985a2e1b1b3bb6c15473352a0a76f93855fba523bf4d51f6fcf1a96cf,1790829600000,1790829900000,24.12792,1.92736
"TV-FOOTPRINT-CALIBRATION-001|MM-V1|BINANCE:BTCUSDT|5|1790830200000",cf4af560cc6f8a0d20043326d3d94ccd0e083bb228dd2c5c4fafc475a14f7eef,1790829900000,1790830200000,71.56216,28.08314
"TV-FOOTPRINT-CALIBRATION-001|MM-V1|BINANCE:BTCUSDT|5|1790830500000",0ff4337b555d5859495eb3a3e6ba948c8d159b5980601a704bba1377a6c3cc2c,1790830200000,1790830500000,72.77379,-0.95847
"TV-FOOTPRINT-CALIBRATION-001|MM-V1|BINANCE:BTCUSDT|5|1790830800000",c20b889319d1af45a1c5d5472e6f3dd00019c3f05eb2165940bc1e29bd772594,1790830500000,1790830800000,46.68117,0.42237
"TV-FOOTPRINT-CALIBRATION-001|MM-V1|BINANCE:BTCUSDT|5|1790831100000",cf394d88f884cc6d806cbe9e0871fea123c454bba3bcb02995e4dc6c2e833b71,1790830800000,1790831100000,51.45646,-2.35754
"TV-FOOTPRINT-CALIBRATION-001|MM-V1|BINANCE:BTCUSDT|5|1790831400000",9392566efd5436a260bc4920a8dd18b4fc03e3e5d53db3aaef5f0c64f6ba5365,1790831100000,1790831400000,42.31847,-1.23353
"TV-FOOTPRINT-CALIBRATION-001|MM-V1|BINANCE:BTCUSDT|5|1790831700000",7001442133435cd28af89afcb188bc49600f7223799ed2f288c296942ed265b1,1790831400000,1790831700000,85.06328,32.4851
"TV-FOOTPRINT-CALIBRATION-001|MM-V1|BINANCE:BTCUSDT|5|1790832000000",eb43dfd8ac3c988548a76457a3fe740b7b9c302c70f13dc19b16bfdd7e158182,1790831700000,1790832000000,33.20294,6.10856
"TV-FOOTPRINT-CALIBRATION-001|MM-V1|BINANCE:BTCUSDT|5|1790832300000",19133f5790f25257346c1452d3e53b006da902da7d39b8522c1dc9b9dce54511,1790832000000,1790832300000,29.26028,-6.63218
"TV-FOOTPRINT-CALIBRATION-001|MM-V1|BINANCE:BTCUSDT|5|1790832600000",61d7e6ffcb8c78f30894007bf9e44b518319858adb544886dd9c41ecc66bd399,1790832300000,1790832600000,21.0357,3.09056
"TV-FOOTPRINT-CALIBRATION-001|MM-V1|BINANCE:BTCUSDT|5|1790832900000",b5543c66fd90e4ddd62100236d9ec1d66a868fb2c49bf1bbce661e4be8aec675,1790832600000,1790832900000,23.4996,1.30468
"TV-FOOTPRINT-CALIBRATION-001|MM-V1|BINANCE:BTCUSDT|5|1790833200000",3b0541845f65c71269fd6c1266852e21deb862bfc16ae3a78e7100e24bdf7436,1790832900000,1790833200000,29.28925,5.17541
"TV-FOOTPRINT-CALIBRATION-001|MM-V1|BINANCE:BTCUSDT|5|1790833500000",2d440b7822802203938b80a5609a112efedea40b0dab2a581c421d61e836434a,1790833200000,1790833500000,46.18158,-18.73896
"TV-FOOTPRINT-CALIBRATION-001|MM-V1|BINANCE:BTCUSDT|5|1790833800000",d364de1c9126ab2788e14e2c62393ac801886c236f26f9e350b9340ff808a673,1790833500000,1790833800000,19.39644,3.54592
"TV-FOOTPRINT-CALIBRATION-001|MM-V1|BINANCE:BTCUSDT|5|1790834100000",ba6643931f9a077764e4cf7466e868647c9357c6ccb010b4076e2599df988b54,1790833800000,1790834100000,21.99176,5.65618
"TV-FOOTPRINT-CALIBRATION-001|MM-V1|BINANCE:BTCUSDT|5|1790834400000",21bd92655f106c0e9af7f63b0f09c0f9ce2bcd4d8898aa3c30270069c5151442,1790834100000,1790834400000,17.07269,-4.03205
"TV-FOOTPRINT-CALIBRATION-001|MM-V1|BINANCE:BTCUSDT|5|1790834700000",cdebc4eb7ecbdc0da68bc4016d24784e23f72d556b2840101d5ca8cd3bfbeedd,1790834400000,1790834700000,30.28976,14.05242
"TV-FOOTPRINT-CALIBRATION-001|MM-V1|BINANCE:BTCUSDT|5|1790835000000",f99346a8c31c8e7dbeb48aab36245a4245467931adf3a03b7cb440b31b293fe7,1790834700000,1790835000000,19.41915,-1.03921
"TV-FOOTPRINT-CALIBRATION-001|MM-V1|BINANCE:BTCUSDT|5|1790835300000",f2000c27cb11562a4adf35eeadb95fbbba455ad75326dce5358403050684b042,1790835000000,1790835300000,69.2229,46.93682
"TV-FOOTPRINT-CALIBRATION-001|MM-V1|BINANCE:BTCUSDT|5|1790835600000",210375ee21531ca5e8341cfa0c9589aa4402d704bc4af4a9aa8646042485fd5d,1790835300000,1790835600000,21.53656,-1.6723
"TV-FOOTPRINT-CALIBRATION-001|MM-V1|BINANCE:BTCUSDT|5|1790835900000",81445e2c86a6a5c81f5b735ca534cb41edfe254644f82ed1c1f136dc74be95b1,1790835600000,1790835900000,20.0904,-2.17702
"TV-FOOTPRINT-CALIBRATION-001|MM-V1|BINANCE:BTCUSDT|5|1790836200000",407b309693a0e4d231154c7a4ed76e25c3deb8d98fcd3b24a9de0d95607da995,1790835900000,1790836200000,32.53305,-13.04523
"TV-FOOTPRINT-CALIBRATION-001|MM-V1|BINANCE:BTCUSDT|5|1790836500000",c86d2e74c2643c7111c32ad0d1bf04567574909f8800cf07e6f6ae889425189d,1790836200000,1790836500000,51.06702,-16.96026
"TV-FOOTPRINT-CALIBRATION-001|MM-V1|BINANCE:BTCUSDT|5|1790836800000",4d80cb231e9d475c9ae57cca0d1e4dd076549c8e48806aa29bb424f570197a29,1790836500000,1790836800000,29.88119,-13.49403
"TV-FOOTPRINT-CALIBRATION-001|MM-V1|BINANCE:BTCUSDT|5|1790837100000",17e6e037254bbc48dcd8e7ff0fec9b23ad24765b2664b0a53a06d61d8cd53aa8,1790836800000,1790837100000,35.19905,-4.10349
"TV-FOOTPRINT-CALIBRATION-001|MM-V1|BINANCE:BTCUSDT|5|1790837400000",e2ea954e825d079b1565963a599964f932f77f48764c0fe1f737b39bb4306930,1790837100000,1790837400000,25.86547,-2.67389
"TV-FOOTPRINT-CALIBRATION-001|MM-V1|BINANCE:BTCUSDT|5|1790837700000",996bd91d8be6d054bc76d839de2ddc0fff38fe664b04ef30e43d7a7f41df61e0,1790837400000,1790837700000,44.48447,4.91867
"TV-FOOTPRINT-CALIBRATION-001|MM-V1|BINANCE:BTCUSDT|5|1790838000000",6b0def4a599a430840c53c8aca2f3dc41cb49bf203a16d4d382871ca6408cd03,1790837700000,1790838000000,18.97914,-10.38968
"TV-FOOTPRINT-CALIBRATION-001|MM-V1|BINANCE:BTCUSDT|5|1790838300000",791db3392232e3140c60816e6ab8c6b7f2d31f017b4e859bbe3c493ebd7d943c,1790838000000,1790838300000,57.20574,-1.49326
"TV-FOOTPRINT-CALIBRATION-001|MM-V1|BINANCE:BTCUSDT|5|1790838600000",7deac97f968194f12ff4def8bcfa4f1baedd28a8efa1b0339274a268d47d0d1b,1790838300000,1790838600000,82.57041,-3.92045
"TV-FOOTPRINT-CALIBRATION-001|MM-V1|BINANCE:BTCUSDT|5|1790838900000",00f926bd88989308f556adab3c99b36225f5742ce11c97d27349e8a36ca8b2ca,1790838600000,1790838900000,60.35129,-14.06395
"TV-FOOTPRINT-CALIBRATION-001|MM-V1|BINANCE:BTCUSDT|5|1790839200000",e5165be2dc769f855b6aac754d8cfb5f627cef5e7cd45c6eb4dc4b9f12ba9457,1790838900000,1790839200000,74.94114,-41.7651
"TV-FOOTPRINT-CALIBRATION-001|MM-V1|BINANCE:BTCUSDT|5|1790839500000",e117e9fab0cd16ed051d684f136773abaff16376b705431dfd13013164f33285,1790839200000,1790839500000,244.88973,-128.98625
"TV-FOOTPRINT-CALIBRATION-001|MM-V1|BINANCE:BTCUSDT|5|1790839800000",c479bbf931f1440c16df6362df639ee3b6012e5a01d1e2ffe1efdc9de06531c4,1790839500000,1790839800000,212.14815,-23.39303
"TV-FOOTPRINT-CALIBRATION-001|MM-V1|BINANCE:BTCUSDT|5|1790840100000",b3d6214cb7218718862d399dd388c23de48d8ad6e9982983c50d3ab72e515f3f,1790839800000,1790840100000,159.6478,11.12784
"TV-FOOTPRINT-CALIBRATION-001|MM-V1|BINANCE:BTCUSDT|5|1790840400000",11eeec413a7c0a9cb31b6b058f8d49101331cdf0a781b974fd84216336b32b12,1790840100000,1790840400000,146.99034,-26.92574
"TV-FOOTPRINT-CALIBRATION-001|MM-V1|BINANCE:BTCUSDT|5|1790840700000",62fad3c78571c25d414327befd45b85c03e6eb9671bd4cc48a10f3ed89abbd09,1790840400000,1790840700000,163.66626,-19.15216
"TV-FOOTPRINT-CALIBRATION-001|MM-V1|BINANCE:BTCUSDT|5|1790841000000",06db86eda60ff4e18510d3374413c11b5b02df7d34b3a247244d989c49e81421,1790840700000,1790841000000,74.85132,-9.11738
"TV-FOOTPRINT-CALIBRATION-001|MM-V1|BINANCE:BTCUSDT|5|1790841300000",dbd82601d9aeadb1d0c08e41adb4e3c0b4a89de38c140f15a2e5b5322c29925f,1790841000000,1790841300000,56.21371,-2.81481
"TV-FOOTPRINT-CALIBRATION-001|MM-V1|BINANCE:BTCUSDT|5|1790841600000",38ab29b9170185929f4c9d8c8bdea68cf83c1107825ced150c1de854676a2f8b,1790841300000,1790841600000,70.53842,-11.28594
"TV-FOOTPRINT-CALIBRATION-001|MM-V1|BINANCE:BTCUSDT|5|1790841900000",c30d6cee1ba287e53e26822db4bc8df62428ab3944746abeddbbfb6bc113b1e3,1790841600000,1790841900000,106.33425,26.81085
"TV-FOOTPRINT-CALIBRATION-001|MM-V1|BINANCE:BTCUSDT|5|1790842200000",ca420417ffa306573f48b11d3e076cb76c8bcc48e62497e128fd6db511e66892,1790841900000,1790842200000,176.21906,36.45012
"TV-FOOTPRINT-CALIBRATION-001|MM-V1|BINANCE:BTCUSDT|5|1790842500000",b25ea1768b4d3714cfece63a84d6e97235e344b3a071a0c5f5ecc02d690801af,1790842200000,1790842500000,160.12669,25.94833
"TV-FOOTPRINT-CALIBRATION-001|MM-V1|BINANCE:BTCUSDT|5|1790842800000",a63d029041143245c47a1d71b2505dd15bdb4b16b5b3bfa9778af15efafdbe49,1790842500000,1790842800000,177.91897,32.49857
"TV-FOOTPRINT-CALIBRATION-001|MM-V1|BINANCE:BTCUSDT|5|1790843100000",0c7eee3b4f9dc5ea458ba296a0676489d081029628d4bf6ae998fecb7ab71eec,1790842800000,1790843100000,134.31823,21.43193
"TV-FOOTPRINT-CALIBRATION-001|MM-V1|BINANCE:BTCUSDT|5|1790843400000",f5657abe404e46ff4f7f42ff0c7eb7429b58a4183feddf43b21a9e0965941aca,1790843100000,1790843400000,57.94063,-7.19817
"TV-FOOTPRINT-CALIBRATION-001|MM-V1|BINANCE:BTCUSDT|5|1790843700000",191e0dd6800491624274447d065349a4f3ef11df84a62d090e387d283f2f7c47,1790843400000,1790843700000,145.42945,-53.57537
"TV-FOOTPRINT-CALIBRATION-001|MM-V1|BINANCE:BTCUSDT|5|1790844000000",e6a2452d03b010b8e6cf292c795ecf19f44f56c3fbe87099ab5b461ac8e79a31,1790843700000,1790844000000,105.7075,51.645
"TV-FOOTPRINT-CALIBRATION-001|MM-V1|BINANCE:BTCUSDT|5|1790844300000",2127e7423dc5cfe317d08ecf48a776ab787c57aef21af7c30619c4e89cfd33f0,1790844000000,1790844300000,86.93545,-8.12507
"TV-FOOTPRINT-CALIBRATION-001|MM-V1|BINANCE:BTCUSDT|5|1790844600000",904189e9141ca2969b0b1b7d5b7da45470757093d32c54379d6ffc5e040339a1,1790844300000,1790844600000,82.51361,33.61479
"TV-FOOTPRINT-CALIBRATION-001|MM-V1|BINANCE:BTCUSDT|5|1790844900000",fc15b5b609185cf788178d2b110868e1a51cc5cad056caeb57d0630b67895586,1790844600000,1790844900000,82.93428,11.02458
"TV-FOOTPRINT-CALIBRATION-001|MM-V1|BINANCE:BTCUSDT|5|1790845200000",0371afe69f162b3fa7f462daedab7e987eea03974036294643c23ea2c0e46b33,1790844900000,1790845200000,103.42224,23.82718
"TV-FOOTPRINT-CALIBRATION-001|MM-V1|BINANCE:BTCUSDT|5|1790845500000",b9f2f1aa063d3189a81f3524f867a5eedff6ad7ea99c8d31e3134fa14701d557,1790845200000,1790845500000,92.72174,30.05688
"TV-FOOTPRINT-CALIBRATION-001|MM-V1|BINANCE:BTCUSDT|5|1790845800000",23a8b306ad3162a4c4f51c05bdbe2e7ad9bc5d12fdb863a01ce0b6a653ad59b4,1790845500000,1790845800000,57.99261,17.08225
"TV-FOOTPRINT-CALIBRATION-001|MM-V1|BINANCE:BTCUSDT|5|1790846100000",b6be714f7131ee363df100da0ec7bc6b6034c2a21dc83502c4808feaa666d988,1790845800000,1790846100000,80.1548,15.29606
"TV-FOOTPRINT-CALIBRATION-001|MM-V1|BINANCE:BTCUSDT|5|1790846400000",2cdc6faed18bb6e4a82910db97d6f994f537a8e30405d6e5a5e0ac7cefe0edff,1790846100000,1790846400000,50.22374,17.96646
"TV-FOOTPRINT-CALIBRATION-001|MM-V1|BINANCE:BTCUSDT|5|1790846700000",8f647d6c4db1c02bb03768c910b509d483b78b3f968c1b0d9d9f38264a0b963d,1790846400000,1790846700000,44.20918,4.11054
"TV-FOOTPRINT-CALIBRATION-001|MM-V1|BINANCE:BTCUSDT|5|1790847000000",f012a3f72cb13965bc04a3394c85c769b91cf4c40c4b2cbabe3d6acea238baa0,1790846700000,1790847000000,71.98116,-2.3217
"TV-FOOTPRINT-CALIBRATION-001|MM-V1|BINANCE:BTCUSDT|5|1790847300000",c3f00eb61fc6a7c3f1c0efbd554abdc62c3e4bcae9d5b6b89d65224ffedf9f79,1790847000000,1790847300000,46.07733,8.97857
"TV-FOOTPRINT-CALIBRATION-001|MM-V1|BINANCE:BTCUSDT|5|1790847600000",0e529f57487697b8ff0e9d2e729b8c67374fdc9adbdfb6652d3a965a0a850dfe,1790847300000,1790847600000,31.48673,9.60389
"TV-FOOTPRINT-CALIBRATION-001|MM-V1|BINANCE:BTCUSDT|5|1790847900000",fdecd0523dba622792872b5e293d9a5148c11cd7e457b016d81415ca39b0441a,1790847600000,1790847900000,76.17883,14.58989
"TV-FOOTPRINT-CALIBRATION-001|MM-V1|BINANCE:BTCUSDT|5|1790848200000",3760faf4e0e477d70fa0acefab681a0e9f3a84917e9f7840a5919d44090eb561,1790847900000,1790848200000,84.99825,-12.23071
"TV-FOOTPRINT-CALIBRATION-001|MM-V1|BINANCE:BTCUSDT|5|1790848500000",d631bfe00e2fe0608d15c81626b02d363b5e017d9cf1df8524988d7c39bd5f76,1790848200000,1790848500000,54.32368,0.3994
"TV-FOOTPRINT-CALIBRATION-001|MM-V1|BINANCE:BTCUSDT|5|1790848800000",eacf7cdaf3ff7d3daf949d1b5ce337bb617e8ad2f85a23bddfc6557ca2cd95b5,1790848500000,1790848800000,29.66422,-3.4291
"TV-FOOTPRINT-CALIBRATION-001|MM-V1|BINANCE:BTCUSDT|5|1790849100000",ca312dd7683f912d136862d773f06c1092ed1e001863293c6bfc72bd9771723e,1790848800000,1790849100000,66.27017,-23.82661
"TV-FOOTPRINT-CALIBRATION-001|MM-V1|BINANCE:BTCUSDT|5|1790849400000",66403aa98a6c46de3defe2cf554268f5143c4f8d844a5d0da0e62c798e7ca49a,1790849100000,1790849400000,48.88332,6.87506
"TV-FOOTPRINT-CALIBRATION-001|MM-V1|BINANCE:BTCUSDT|5|1790849700000",e9a3a13201121c56bb1820fae129cd79d03a3ae9f6a31d68c4fb4fcef0dadbfb,1790849400000,1790849700000,18.7344,4.01446
"TV-FOOTPRINT-CALIBRATION-001|MM-V1|BINANCE:BTCUSDT|5|1790850000000",57dead012697f44da20957c3201509851dd27c9590c5e915783354d121f8869e,1790849700000,1790850000000,38.16189,-3.84433
"TV-FOOTPRINT-CALIBRATION-001|MM-V1|BINANCE:BTCUSDT|5|1790850300000",7dad5f5d8dc3a53f432cbe4df38a57bfe0ffeffd0a73933a1931dc73c3422bf6,1790850000000,1790850300000,30.64096,1.65058
"TV-FOOTPRINT-CALIBRATION-001|MM-V1|BINANCE:BTCUSDT|5|1790850600000",f16f94281a0dd1dd003bd7272c93542f212f6a8586f0a4a7fbac3dd52a521bf4,1790850300000,1790850600000,42.85719,-10.31137
"TV-FOOTPRINT-CALIBRATION-001|MM-V1|BINANCE:BTCUSDT|5|1790850900000",79808f21f211c7b546e96504098c1169977ecc00a127d9f9f8d0d8d1f1abb1fe,1790850600000,1790850900000,26.02381,6.29367
"TV-FOOTPRINT-CALIBRATION-001|MM-V1|BINANCE:BTCUSDT|5|1790851200000",0e2bb4202956f409b073b0a77fb2d1293656e1b1a117997ee30dffcd0379c9eb,1790850900000,1790851200000,21.09089,-10.65865
"TV-FOOTPRINT-CALIBRATION-001|MM-V1|BINANCE:BTCUSDT|5|1790851500000",6d0a1e73844109c6f23879548fb658ad7bad0e6cd6e0deeb6f896fccc45b4f6a,1790851200000,1790851500000,22.60885,11.27821
"TV-FOOTPRINT-CALIBRATION-001|MM-V1|BINANCE:BTCUSDT|5|1790851800000",b350ad2437eb9b7175257ce66593a687238317a0dcde8e8b4eac280a6ed9e33b,1790851500000,1790851800000,38.54438,3.45544
"TV-FOOTPRINT-CALIBRATION-001|MM-V1|BINANCE:BTCUSDT|5|1790852100000",4056e44e5a8ede1c1d25d6e9a4c242d6872280194ab68359d7762dcf6ad70cc1,1790851800000,1790852100000,42.07761,16.69865
"TV-FOOTPRINT-CALIBRATION-001|MM-V1|BINANCE:BTCUSDT|5|1790852400000",1602b95def3ed22ec9384bdccb55ffc0eee4214ac2201ef7853da88e060b8efe,1790852100000,1790852400000,69.08764,-22.34642
"TV-FOOTPRINT-CALIBRATION-001|MM-V1|BINANCE:BTCUSDT|5|1790852700000",3193208e9342e86e2daf765fc488cd97f59eaccb62a81f23047c334f1c0091de,1790852400000,1790852700000,41.79258,-2.67804
"TV-FOOTPRINT-CALIBRATION-001|MM-V1|BINANCE:BTCUSDT|5|1790853000000",8f3092745fdd172edd85086a19f4f6e8a5caf02bb0b806f5dd9a191222ac135c,1790852700000,1790853000000,32.18232,-13.06024
"TV-FOOTPRINT-CALIBRATION-001|MM-V1|BINANCE:BTCUSDT|5|1790853300000",56ef38a18ae96c03ca51434054b73cb971af4ec3ad1eb705fc2e34ccfe8263ba,1790853000000,1790853300000,20.00342,-3.29898
"TV-FOOTPRINT-CALIBRATION-001|MM-V1|BINANCE:BTCUSDT|5|1790853600000",8192c14b72597d0367b1c3212931598fbb06d90f6cdffd0b7b6b135f9546a7a3,1790853300000,1790853600000,12.95093,-2.09775
"TV-FOOTPRINT-CALIBRATION-001|MM-V1|BINANCE:BTCUSDT|5|1790853900000",bf482d366ec60bcd5a32ac0482eb392a7aae49fdb83899f0ee0944e7b4466bff,1790853600000,1790853900000,23.47798,-8.0336
"TV-FOOTPRINT-CALIBRATION-001|MM-V1|BINANCE:BTCUSDT|5|1790854200000",fa82975f53d92c9556b088df6a5a42ed4768968376180e5eb501d3105795f813,1790853900000,1790854200000,28.24632,-0.30426
"TV-FOOTPRINT-CALIBRATION-001|MM-V1|BINANCE:BTCUSDT|5|1790854500000",3ced827a845a2d6031430c2811599fae3d09599dfe468f7d136bce2bf8da762b,1790854200000,1790854500000,37.25444,-3.2412
"TV-FOOTPRINT-CALIBRATION-001|MM-V1|BINANCE:BTCUSDT|5|1790854800000",262131737481719e2af9741f82b3f278f68350e020dda3884993c0972a66363e,1790854500000,1790854800000,28.76286,2.71858
"TV-FOOTPRINT-CALIBRATION-001|MM-V1|BINANCE:BTCUSDT|5|1790855100000",ace97750e6229b9c47a88f997598cd2073fc7fc34d2481392eb48922d6860412,1790854800000,1790855100000,38.6809,-13.82698
"TV-FOOTPRINT-CALIBRATION-001|MM-V1|BINANCE:BTCUSDT|5|1790855400000",5193188cb095c2860c3f8acc0cf45ee9c8c188898195a94a22c7f30774ba84f6,1790855100000,1790855400000,51.75863,-11.79881
"TV-FOOTPRINT-CALIBRATION-001|MM-V1|BINANCE:BTCUSDT|5|1790855700000",0437ad3a517cdc247c899792f3fa4cb9d7e3682c9c8f2d2ee9906c43653d9722,1790855400000,1790855700000,49.37576,5.52032
"TV-FOOTPRINT-CALIBRATION-001|MM-V1|BINANCE:BTCUSDT|5|1790856000000",fc3d3744377b22da617cc4558fb416b64f4b817c53519e7db33fa5751a70b086,1790855700000,1790856000000,59.36576,-47.27824
"TV-FOOTPRINT-CALIBRATION-001|MM-V1|BINANCE:BTCUSDT|5|1790856300000",9b6d56f8918a74c48ac7ef6d77141e0312599fb28392c6dd14752c2be7258130,1790856000000,1790856300000,42.3075,-21.54248
"TV-FOOTPRINT-CALIBRATION-001|MM-V1|BINANCE:BTCUSDT|5|1790856600000",e5658a0ca1f01b95830a10c62ecb80c7b330976f3992a6bb05cf20b8dbd5515b,1790856300000,1790856600000,14.85819,2.30479
"TV-FOOTPRINT-CALIBRATION-001|MM-V1|BINANCE:BTCUSDT|5|1790856900000",73eda40d690986c4ab6f745e0d15de026c634ea45586edd39a42c601688dda9d,1790856600000,1790856900000,14.08012,-2.14222
"TV-FOOTPRINT-CALIBRATION-001|MM-V1|BINANCE:BTCUSDT|5|1790857200000",aa3600404dfb1f5dfd62b7bbfaa7319da62a0e0a1f9c14cc751875fab820e837,1790856900000,1790857200000,54.22089,-31.88265
"TV-FOOTPRINT-CALIBRATION-001|MM-V1|BINANCE:BTCUSDT|5|1790857500000",0edc0bced1e86b0e68f4c8e5765519e43725e10b3ba4bf2a83aa08e1813c22f1,1790857200000,1790857500000,29.54981,-11.13003
"TV-FOOTPRINT-CALIBRATION-001|MM-V1|BINANCE:BTCUSDT|5|1790857800000",35ad51dae67d4ea5dfeb518173aec61b6565f879d5e2d2a7dd069e74a61bd133,1790857500000,1790857800000,41.57686,0.0975
"TV-FOOTPRINT-CALIBRATION-001|MM-V1|BINANCE:BTCUSDT|5|1790858100000",d56007b20a4a214cf95267aee14f895e7ff865d66d4c21d4b716380018a0680f,1790857800000,1790858100000,38.82299,4.18281
