evidence_key,payload_sha256,bar_open_ms,bar_close_ms,tv_total_volume,tv_delta
"TV-FOOTPRINT-CALIBRATION-001|MM-V1|BINANCE:BTCUSDT|5|1790253600000",58ab8eed1b727311f7e68fd8bbf0139f061f1a3147bf5c35278184e30e1b293e,1790253300000,1790253600000,35.6428,4.03688
"TV-FOOTPRINT-CALIBRATION-001|MM-V1|BINANCE:BTCUSDT|5|1790253900000",aa7c41508d9f6292e6c6714fbdb3c017d3c53984ff598c0d1728c2927f2a8b69,1790253600000,1790253900000,34.27269,5.34947
"TV-FOOTPRINT-CALIBRATION-001|MM-V1|BINANCE:BTCUSDT|5|1790254200000",db2a6db2ac2ff708cd39b92af553394262d7ac4c3477567f990b124b891c3538,1790253900000,1790254200000,29.8458,-11.46786
"TV-FOOTPRINT-CALIBRATION-001|MM-V1|BINANCE:BTCUSDT|5|1790254500000",1b30613c61f5f0606d30bf87c75810e4818894bd67bd998470c1f9177775865f,1790254200000,1790254500000,38.61869,0.27859
"TV-FOOTPRINT-CALIBRATION-001|MM-V1|BINANCE:BTCUSDT|5|1790254800000",852c4469f2c7e33dc740c2b2d51512a9425100b60ed02cde4f769e134360cf77,1790254500000,1790254800000,45.51479,4.63149
"TV-FOOTPRINT-CALIBRATION-001|MM-V1|BINANCE:BTCUSDT|5|1790255100000",9da90d2e4680bbb7b5caf7d8a2d47825dc1c4e30e54f54d1863f0b3bda852a75,1790254800000,1790255100000,66.44293,21.10849
"TV-FOOTPRINT-CALIBRATION-001|MM-V1|BINANCE:BTCUSDT|5|1790255400000",260357c98461bbc0eaccecea09f2184e6342a8d60d2aca14fe1e774c711c8d13,1790255100000,1790255400000,41.30317,-2.05731
"TV-FOOTPRINT-CALIBRATION-001|MM-V1|BINANCE:BTCUSDT|5|1790255700000",871805422911ed4b97e6f21177eb44ff95102657b5cde729ca26876216ce72c2,1790255400000,1790255700000,31.36043,4.75331
"TV-FOOTPRINT-CALIBRATION-001|MM-V1|BINANCE:BTCUSDT|5|1790256000000",ca7b0315bc30d35e78685ce54bcc64772cfff960eae63ba29e396433309d4c48,1790255700000,1790256000000,68.19962,20.03842
"TV-FOOTPRINT-CALIBRATION-001|MM-V1|BINANCE:BTCUSDT|5|1790256300000",8d4b3aba38f4348840338fc899729401e70992150104ddbc0b30f2d5613764bf,1790256000000,1790256300000,53.50409,0.10551
"TV-FOOTPRINT-CALIBRATION-001|MM-V1|BINANCE:BTCUSDT|5|1790256600000",7cce64e6c8ac0b16036292a2811d86a676569d9749af14969776ec7c36f1a0ed,1790256300000,1790256600000,66.7299,4.34
"TV-FOOTPRINT-CALIBRATION-001|MM-V1|BINANCE:BTCUSDT|5|1790256900000",ab32449890fcaf9c9150d0340cfa56b66b536e5fc80447e6fdc81d6a0ab3cb99,1790256600000,1790256900000,245.90966,109.42606
"TV-FOOTPRINT-CALIBRATION-001|MM-V1|BINANCE:BTCUSDT|5|1790257200000",e84ae83e69113ff2fcf8bb1ad234f59fab91fc54306ab1c8a5771a0c361e3b61,1790256900000,1790257200000,120.96278,-9.8328
"TV-FOOTPRINT-CALIBRATION-001|MM-V1|BINANCE:BTCUSDT|5|1790257500000",18f7389e535e672bc53ec6a4661d3ef33b9e96ec30079ee092dccb3c3f1cbff8,1790257200000,1790257500000,116.9767,-30.49354
"TV-FOOTPRINT-CALIBRATION-001|MM-V1|BINANCE:BTCUSDT|5|1790257800000",0446071fec76b1edd4c29a0c6cdcc2a50ec5610156ec2597abc4561525da1e96,1790257500000,1790257800000,113.33824,-31.68344
"TV-FOOTPRINT-CALIBRATION-001|MM-V1|BINANCE:BTCUSDT|5|1790258100000",52ed55681e43aec1f1f0d66e4e23bea5b9f75a59618005706832ee9945165308,1790257800000,1790258100000,84.00137,-14.50707
"TV-FOOTPRINT-CALIBRATION-001|MM-V1|BINANCE:BTCUSDT|5|1790258400000",13d246c68db0da5304e4c669c6e20c43286fefcd92f97bcf00072c3c2b6040ee,1790258100000,1790258400000,63.32576,23.96546
"TV-FOOTPRINT-CALIBRATION-001|MM-V1|BINANCE:BTCUSDT|5|1790258700000",089f59e01a306bd85ef917b08ca6cc282735b9c5401ca193f6f384be61a14011,1790258400000,1790258700000,130.177,-56.77494
"TV-FOOTPRINT-CALIBRATION-001|MM-V1|BINANCE:BTCUSDT|5|1790259000000",f8588877b0b63fd6e8192c6212b743d8e141332311040e2c434cc303341ed21f,1790258700000,1790259000000,80.47796,13.05038
"TV-FOOTPRINT-CALIBRATION-001|MM-V1|BINANCE:BTCUSDT|5|1790259300000",046abd598f056a06860f80233b4b9e1da714e355409fe0476a50c3ed75c4ab79,1790259000000,1790259300000,68.7253,-10.93678
"TV-FOOTPRINT-CALIBRATION-001|MM-V1|BINANCE:BTCUSDT|5|1790259600000",93914079f9efd83631bbe39ed96321ed2baa5bd0a55041e4c4f0963ae472d0fa,1790259300000,1790259600000,74.1032,-2.9801
"TV-FOOTPRINT-CALIBRATION-001|MM-V1|BINANCE:BTCUSDT|5|1790259900000",3341058c8198d97c76800e9d767938d2d24c621c0cc9474b19d7fe1af17b8652,1790259600000,1790259900000,90.50923,-8.10649
"TV-FOOTPRINT-CALIBRATION-001|MM-V1|BINANCE:BTCUSDT|5|1790260200000",98e29ac3fe9515854fa51c9babe850d3ebf85fea6951bab896e9468b48b58813,1790259900000,1790260200000,337.88452,56.9541
"TV-FOOTPRINT-CALIBRATION-001|MM-V1|BINANCE:BTCUSDT|5|1790260500000",3f670d9b30b1d1ba0afb34393a886a9c6191dae58c8c26614a391473ef0c8a74,1790260200000,1790260500000,201.38439,-84.70677
"TV-FOOTPRINT-CALIBRATION-001|MM-V1|BINANCE:BTCUSDT|5|1790260800000",b54a7e069a6102da3d7cdda1406d0237304fc342039fb881524413a95a4fc19f,1790260500000,1790260800000,396.68716,-285.41058
"TV-FOOTPRINT-CALIBRATION-001|MM-V1|BINANCE:BTCUSDT|5|1790261100000",e2b26f8cb39904ae75f4f524ce05c8d8089adb0182cf0355d1be1092db339762,1790260800000,1790261100000,152.0979,-68.10548
"TV-FOOTPRINT-CALIBRATION-001|MM-V1|BINANCE:BTCUSDT|5|1790261400000",b9b4d65d8cfe046f3a64911051a9868568660e5627ab6a5161ea78e3aad61c25,1790261100000,1790261400000,184.35599,-87.76585
"TV-FOOTPRINT-CALIBRATION-001|MM-V1|BINANCE:BTCUSDT|5|1790261700000",cf1797eeca9265336feff1a4f4ff3e08774cbce158a51240b0e763aca9873f93,1790261400000,1790261700000,344.63593,-96.02721
"TV-FOOTPRINT-CALIBRATION-001|MM-V1|BINANCE:BTCUSDT|5|1790262000000",e21b3fb4482ef945c62b909870c6837dece69b659a707602724d9ae7378ae564,1790261700000,1790262000000,121.82102,-23.23962
"TV-FOOTPRINT-CALIBRATION-001|MM-V1|BINANCE:BTCUSDT|5|1790262300000",852a129393b223d530d86a9c210bb2ccc0e89e72625f9afbb959593085f649d1,1790262000000,1790262300000,177.64794,14.30434
"TV-FOOTPRINT-CALIBRATION-001|MM-V1|BINANCE:BTCUSDT|5|1790262600000",ce963760d2af0249427dfb832f6abd1cfe6d4df8713fde419a71bd597ef4bb7f,1790262300000,1790262600000,93.16718,8.6067
"TV-FOOTPRINT-CALIBRATION-001|MM-V1|BINANCE:BTCUSDT|5|1790262900000",477e6ca63e90227d34e97a88b29799ceda42ee3e3803b1e6e85ff53dd5201494,1790262600000,1790262900000,72.10848,-5.93784
"TV-FOOTPRINT-CALIBRATION-001|MM-V1|BINANCE:BTCUSDT|5|1790263200000",83a43d48bb8ec1d3f31071547b2964ed34f463f4bd6367d2383b89ed7508e911,1790262900000,1790263200000,112.73937,17.28277
"TV-FOOTPRINT-CALIBRATION-001|MM-V1|BINANCE:BTCUSDT|5|1790263500000",bd9d99b3316894180e86ffc740c31379f817e9272d3f120024427e99f6421a3a,1790263200000,1790263500000,72.25739,32.29929
"TV-FOOTPRINT-CALIBRATION-001|MM-V1|BINANCE:BTCUSDT|5|1790263800000",4ee28aaabb49b9529fe7af0e3200b0adb0e41a3da4bc5f91d083cf7754af462d,1790263500000,1790263800000,75.11417,1.03975
"TV-FOOTPRINT-CALIBRATION-001|MM-V1|BINANCE:BTCUSDT|5|1790264100000",e2ca3d80787986515d154424ddbce171d52231c1b457f22a2fb1935ef08256f1,1790263800000,1790264100000,51.71708,9.69666
"TV-FOOTPRINT-CALIBRATION-001|MM-V1|BINANCE:BTCUSDT|5|1790264400000",aff76dde13474cd97cb09fb1c3187134974f9fc615996b366bac13dac6142595,1790264100000,1790264400000,77.32467,8.68675
"TV-FOOTPRINT-CALIBRATION-001|MM-V1|BINANCE:BTCUSDT|5|1790264700000",ffcaa1beae3d38909a19f36546638a86a0fc87c1c3554403efbe821663ea065b,1790264400000,1790264700000,125.2584,39.25556
"TV-FOOTPRINT-CALIBRATION-001|MM-V1|BINANCE:BTCUSDT|5|1790265000000",b440cb22c830839d24bea852a2c1d56a954266947ef32255aa141d9ff3104027,1790264700000,1790265000000,51.98534,-6.56108
"TV-FOOTPRINT-CALIBRATION-001|MM-V1|BINANCE:BTCUSDT|5|1790265300000",5c8412bed2734fa2eebed6afb865ae13f6fa24132ec8c91afb344509222247d7,1790265000000,1790265300000,54.53914,-8.80506
"TV-FOOTPRINT-CALIBRATION-001|MM-V1|BINANCE:BTCUSDT|5|1790265600000",a1fb1ac3fbb818f46219cd974c1a3762a8a92b37d9842f2a09fd32ae5b7a1651,1790265300000,1790265600000,46.79711,-9.98309
"TV-FOOTPRINT-CALIBRATION-001|MM-V1|BINANCE:BTCUSDT|5|1790265900000",f3184dbaebbeddd497563c71359083dcd3c7a1f3088dece0679ab75fd0c2bf08,1790265600000,1790265900000,80.02817,-33.24633
"TV-FOOTPRINT-CALIBRATION-001|MM-V1|BINANCE:BTCUSDT|5|1790266200000",2e2e7966e514ff4e4ff2c50ec1bd7e5d99ba83da557a1f0c37a0c4fbb8ff21d1,1790265900000,1790266200000,49.24843,-6.81193
"TV-FOOTPRINT-CALIBRATION-001|MM-V1|BINANCE:BTCUSDT|5|1790266500000",9e2933578990f7b7aefa9b1c454f95a1609c0091cd939d9fcb586280e22c9033,1790266200000,1790266500000,62.81033,-3.22053
"TV-FOOTPRINT-CALIBRATION-001|MM-V1|BINANCE:BTCUSDT|5|1790266800000",3c774f3ade0985102bdbd0b2599407372ff6eca966f749b7e49577e50f82bfce,1790266500000,1790266800000,278.89151,66.86523
"TV-FOOTPRINT-CALIBRATION-001|MM-V1|BINANCE:BTCUSDT|5|1790267100000",7cf2701747ce37dc3936f37414a7c70295002394953a77b93cb669f3bc583755,1790266800000,1790267100000,94.31954,-1.01514
"TV-FOOTPRINT-CALIBRATION-001|MM-V1|BINANCE:BTCUSDT|5|1790267400000",c79fb2b3f92aef232eae331a7cd90a124b76fc68cfcbad277a9ef46ab478f1dd,1790267100000,1790267400000,87.93013,11.99707
"TV-FOOTPRINT-CALIBRATION-001|MM-V1|BINANCE:BTCUSDT|5|1790267700000",99c31dcfe885b033c3ddfa54fd137aba3cb284d2541def92fc2d3ce40e3b128b,1790267400000,1790267700000,61.05987,-14.27265
"TV-FOOTPRINT-CALIBRATION-001|MM-V1|BINANCE:BTCUSDT|5|1790268000000",ab786b1c907f89ddf8643de882393f42b345bb4b2a80032e0954356de2d26631,1790267700000,1790268000000,76.73042,11.7075
"TV-FOOTPRINT-CALIBRATION-001|MM-V1|BINANCE:BTCUSDT|5|1790268300000",5128904694d93e9c314d209c0c3601ec9135c15f55fbe87fe6c8e38f6f4d7e36,1790268000000,1790268300000,173.48216,-25.44498
"TV-FOOTPRINT-CALIBRATION-001|MM-V1|BINANCE:BTCUSDT|5|1790268600000",68ea133a561109739686f3a6e435fd255bf9967bb9277193d2cf3df33c600c82,1790268300000,1790268600000,81.93015,13.32701
"TV-FOOTPRINT-CALIBRATION-001|MM-V1|BINANCE:BTCUSDT|5|1790268900000",5e22cec57cab785e00cc0e4837ee6db9c964f240b4717638671e3d35ad0e95fe,1790268600000,1790268900000,53.14341,-4.01937
"TV-FOOTPRINT-CALIBRATION-001|MM-V1|BINANCE:BTCUSDT|5|1790269200000",2991258dc4e2162d12d6c104c9f7b5848e5d5ff1d7b7a4106b0429b6caba65a4,1790268900000,1790269200000,55.03306,6.38676
"TV-FOOTPRINT-CALIBRATION-001|MM-V1|BINANCE:BTCUSDT|5|1790269500000",7135e39406c8b3f6b0616e5e192c0b19aab74da3375b4b80851acda187b94803,1790269200000,1790269500000,92.06834,-6.1335
"TV-FOOTPRINT-CALIBRATION-001|MM-V1|BINANCE:BTCUSDT|5|1790269800000",66cda5b01b3ea9a14c625dbe4c24fd7fd5d396e4090dba67ed3038696920f6a6,1790269500000,1790269800000,43.28901,-9.74625
"TV-FOOTPRINT-CALIBRATION-001|MM-V1|BINANCE:BTCUSDT|5|1790270100000",8b4114b1e3bc75dac6356ca8d451544473fa8b89a1492a0548a9765a6b6ead51,1790269800000,1790270100000,43.88819,-9.22333
"TV-FOOTPRINT-CALIBRATION-001|MM-V1|BINANCE:BTCUSDT|5|1790270400000",cba5495473fe3f7ab19d62bc49e4ef06e151ecdc4889873297ce8a4d6c18a42d,1790270100000,1790270400000,61.96148,-9.71246
"TV-FOOTPRINT-CALIBRATION-001|MM-V1|BINANCE:BTCUSDT|5|1790270700000",f7918d6d280d58fa4b80de53fd2f2f129192d3c0d5ade978469de8cb0d9b7309,1790270400000,1790270700000,93.96545,-38.30805
"TV-FOOTPRINT-CALIBRATION-001|MM-V1|BINANCE:BTCUSDT|5|1790271000000",7d4374f3db45870c0a2f67d5baa5c90aa649f9d3f1e7037ac97d24d5994ce9e1,1790270700000,1790271000000,54.23804,-21.30662
"TV-FOOTPRINT-CALIBRATION-001|MM-V1|BINANCE:BTCUSDT|5|1790271300000",028a10aa69d8c9b7e5e14b43d31a0f373375c2cece452ccb3ad4d12f1c9a19fe,1790271000000,1790271300000,43.68053,-0.39007
"TV-FOOTPRINT-CALIBRATION-001|MM-V1|BINANCE:BTCUSDT|5|1790271600000",a72c5d53e0915264e862fd144aa22dfd59fa6a3dd524fd2484ba77e5750b5de0,1790271300000,1790271600000,49.84621,-25.54765
"TV-FOOTPRINT-CALIBRATION-001|MM-V1|BINANCE:BTCUSDT|5|1790271900000",e1b7cf20843acdbeffdc4df59db97064930957c4d16e05388d75da551ad41986,1790271600000,1790271900000,45.26954,-0.10172
"TV-FOOTPRINT-CALIBRATION-001|MM-V1|BINANCE:BTCUSDT|5|1790272200000",ea7c104834fdcc7bfc943e6a1dc315e1a5d5ffddd227e780fa2c2feccedd0e89,1790271900000,1790272200000,56.37759,-27.12243
"TV-FOOTPRINT-CALIBRATION-001|MM-V1|BINANCE:BTCUSDT|5|1790272500000",9d49effdfae7826a96c29735d6ece9e662a74477932ec2bf23b0828b535825ec,1790272200000,1790272500000,64.03021,-18.86657
"TV-FOOTPRINT-CALIBRATION-001|MM-V1|BINANCE:BTCUSDT|5|1790272800000",fcc75fa6a7df9778148ca85a60a6d14f89d4403d66cb730db44e7d3f33458a1c,1790272500000,1790272800000,53.55485,-7.51603
"TV-FOOTPRINT-CALIBRATION-001|MM-V1|BINANCE:BTCUSDT|5|1790273100000",0ac4403f7cb8f3ab73bdba312d9b1f1c29520d7a0cac9ff70cb4ba809e9bffc5,1790272800000,1790273100000,64.73738,-19.32808
"TV-FOOTPRINT-CALIBRATION-001|MM-V1|BINANCE:BTCUSDT|5|1790273400000",bb3c5583bcab5b2725a98804d92eb4fbd58ec644fb4500dddccc8b9e257698c1,1790273100000,1790273400000,33.02936,14.1495
"TV-FOOTPRINT-CALIBRATION-001|MM-V1|BINANCE:BTCUSDT|5|1790273700000",b3ca17f9d609d32464dcb3c14ad2a0f4f20bb20feac88b3e6efc4cfc8991ad6a,1790273400000,1790273700000,34.39829,4.83863
"TV-FOOTPRINT-CALIBRATION-001|MM-V1|BINANCE:BTCUSDT|5|1790274000000",cc00e41fb7113095123c304edde8a75c450aca10ec42284646546a96c0179f08,1790273700000,1790274000000,65.68538,27.94766
"TV-FOOTPRINT-CALIBRATION-001|MM-V1|BINANCE:BTCUSDT|5|1790274300000",ee04b4fade0cfc666401176b9d17b62dec04f3daae346be343ea980961e36091,1790274000000,1790274300000,20.33121,-1.17549
"TV-FOOTPRINT-CALIBRATION-001|MM-V1|BINANCE:BTCUSDT|5|1790274600000",dab3fd654d3f5c2cc242f019600aa6776e4bca1875ff4198a9597703d8022c7b,1790274300000,1790274600000,40.46381,8.56325
"TV-FOOTPRINT-CALIBRATION-001|MM-V1|BINANCE:BTCUSDT|5|1790274900000",b8641dc517feba1b2406b2c04d7b2dfed3aef7725c4c34c99ce21b6cae22deaa,1790274600000,1790274900000,45.87673,-14.33641
"TV-FOOTPRINT-CALIBRATION-001|MM-V1|BINANCE:BTCUSDT|5|1790275200000",a07e4905fd6eadd4a212170f166b0b0b338d150930182da1b9f3654ccc21e75a,1790274900000,1790275200000,74.32014,4.40934
"TV-FOOTPRINT-CALIBRATION-001|MM-V1|BINANCE:BTCUSDT|5|1790275500000",8f8230eca3801aaa32f365631e275c9e388a4da6c44ef342d35e9b0e60329430,1790275200000,1790275500000,28.42546,-9.65252
"TV-FOOTPRINT-CALIBRATION-001|MM-V1|BINANCE:BTCUSDT|5|1790275800000",677e7e918c8c18e5a6c790a90f64cbb529912df2cb93486e2f13f6f8d08da3a5,1790275500000,1790275800000,25.33492,-12.07366
"TV-FOOTPRINT-CALIBRATION-001|MM-V1|BINANCE:BTCUSDT|5|1790276100000",bd1ced50f06985ee1ec34e4a9c1844ce4c95cc1a53d203ab80e3a8521da661ea,1790275800000,1790276100000,49.30646,-14.20558
"TV-FOOTPRINT-CALIBRATION-001|MM-V1|BINANCE:BTCUSDT|5|1790276400000",078412a90a136b57719aec55b9329a61a4e588db4d785566cebc0dd42c716a5f,1790276100000,1790276400000,28.42792,-3.62762
"TV-FOOTPRINT-CALIBRATION-001|MM-V1|BINANCE:BTCUSDT|5|1790276700000",125dc0d581f3840f15d88db424814b2a67b39e94ca1ad4e124ab7843a1c0f040,1790276400000,1790276700000,49.05609,-21.56539
"TV-FOOTPRINT-CALIBRATION-001|MM-V1|BINANCE:BTCUSDT|5|1790277000000",d1cb116756437d105575c7cb4bc78cd048540bb7322609ce293c752c87b235ae,1790276700000,1790277000000,36.9829,9.30428
"TV-FOOTPRINT-CALIBRATION-001|MM-V1|BINANCE:BTCUSDT|5|1790277300000",c161cf19460744ac55742149af2c91db24c365d3c89cbbf34f4b0264e6fb2b2f,1790277000000,1790277300000,84.45167,18.79373
"TV-FOOTPRINT-CALIBRATION-001|MM-V1|BINANCE:BTCUSDT|5|1790277600000",be7fc752ad90f2b863f5952dff36835bbc5e91fe0cf8e79be1555e0294ea0c4c,1790277300000,1790277600000,56.44702,-14.29404
"TV-FOOTPRINT-CALIBRATION-001|MM-V1|BINANCE:BTCUSDT|5|1790277900000",4000271236dedf63cf8f77f1052a20cd5b6995a630f069e596f4aa923b37c974,1790277600000,1790277900000,41.30389,-2.10385
"TV-FOOTPRINT-CALIBRATION-001|MM-V1|BINANCE:BTCUSDT|5|1790278200000",bf1c039acaea08d85819d6a1d57828c408110c4bc578e1cc49aa06a1f2f7ec59,1790277900000,1790278200000,30.91872,-3.30232
"TV-FOOTPRINT-CALIBRATION-001|MM-V1|BINANCE:BTCUSDT|5|1790278500000",4a58c82e923257e494c677a8a7b97b4b5e36028ed7e964423edfbc82892fe9ab,1790278200000,1790278500000,36.24543,3.50169
"TV-FOOTPRINT-CALIBRATION-001|MM-V1|BINANCE:BTCUSDT|5|1790278800000",b71150070e73073f8ae571b9d526a736959ff3d4960d9d47808a9d3e8d3a2366,1790278500000,1790278800000,45.31332,-13.9372
"TV-FOOTPRINT-CALIBRATION-001|MM-V1|BINANCE:BTCUSDT|5|1790279100000",d0255530abe6453e216b106168f0f9639ede30c6c388269a352959ca7f70441d,1790278800000,1790279100000,77.71321,11.27095
"TV-FOOTPRINT-CALIBRATION-001|MM-V1|BINANCE:BTCUSDT|5|1790279400000",a8aedf92551affdb12e8af2ffb13cc7e0f807a142f62ce5e7c7d421a407a9875,1790279100000,1790279400000,49.06049,17.79081
"TV-FOOTPRINT-CALIBRATION-001|MM-V1|BINANCE:BTCUSDT|5|1790279700000",9cd409f1db4a5e5fd323cc6312b27bd4e039f2f0d85065a7c7e17b2b6d50e5bc,1790279400000,1790279700000,47.38465,25.09761
"TV-FOOTPRINT-CALIBRATION-001|MM-V1|BINANCE:BTCUSDT|5|1790280000000",e90afc874aedfa97ff25972c290b4baa13629087431cf2f404e47f3cf753bec5,1790279700000,1790280000000,94.99694,-10.02976
"TV-FOOTPRINT-CALIBRATION-001|MM-V1|BINANCE:BTCUSDT|5|1790280300000",7550ba6439f9a92c684f7b17bb903fd69c896bfc2f6239e5c805eb065a8fc843,1790280000000,1790280300000,84.64419,37.00453
"TV-FOOTPRINT-CALIBRATION-001|MM-V1|BINANCE:BTCUSDT|5|1790280600000",9118387436ceff4dfd662ae5c3607201a211308b9db180a0170f4f6854a91652,1790280300000,1790280600000,31.55918,-2.93136
"TV-FOOTPRINT-CALIBRATION-001|MM-V1|BINANCE:BTCUSDT|5|1790280900000",4ce6bc6f75c7269f21f86fce30ecb90a678c69e05893f59b6dbc7e249fac5da3,1790280600000,1790280900000,37.59526,-20.85814
"TV-FOOTPRINT-CALIBRATION-001|MM-V1|BINANCE:BTCUSDT|5|1790281200000",e3242ad304e1a29659172059566e3053b24f700437fc9c62bd1fc339a5b1cb9f,1790280900000,1790281200000,30.61616,2.1607
"TV-FOOTPRINT-CALIBRATION-001|MM-V1|BINANCE:BTCUSDT|5|1790281500000",2dabed973d2d58a5ca7d1634f878ac98a066356c8c338287d315aa31cf9f13d9,1790281200000,1790281500000,59.72597,-42.33393
"TV-FOOTPRINT-CALIBRATION-001|MM-V1|BINANCE:BTCUSDT|5|1790281800000",0050720a2361376e78040ca83bfac8c7d789bd32f174a069b20c03d2dcf1e648,1790281500000,1790281800000,26.99542,-0.18648
"TV-FOOTPRINT-CALIBRATION-001|MM-V1|BINANCE:BTCUSDT|5|1790282100000",99374a210863d0168fa99163f1948365a469cc8ea1c9e0d2540058233f09762a,1790281800000,1790282100000,60.51082,8.1949
"TV-FOOTPRINT-CALIBRATION-001|MM-V1|BINANCE:BTCUSDT|5|1790282400000",a36057009daa68ea062b55a1f1123fdb366d267d672e3de7f63dff455c78e99c,1790282100000,1790282400000,30.20235,17.64319
"TV-FOOTPRINT-CALIBRATION-001|MM-V1|BINANCE:BTCUSDT|5|1790282700000",704d2510adf4fd09c9891849775a44bbe3a8a2d51cdad27f536cbc1da28900fe,1790282400000,1790282700000,56.54029,39.44519
"TV-FOOTPRINT-CALIBRATION-001|MM-V1|BINANCE:BTCUSDT|5|1790283000000",842d2b7b7956b7d67b9a2a836202ba6b1212b387bade569ecf67a2edef208b09,1790282700000,1790283000000,104.906,76.68576
"TV-FOOTPRINT-CALIBRATION-001|MM-V1|BINANCE:BTCUSDT|5|1790283300000",9c1f908fe77854f17d616b8a2e9ec2ce9140f05b9d21ea277ff90c2e921affab,1790283000000,1790283300000,30.09953,-5.33647
"TV-FOOTPRINT-CALIBRATION-001|MM-V1|BINANCE:BTCUSDT|5|1790283600000",eb6867c8734eb7ee0ebde9d464a3ccbc296cd184a5d6532e5cbf6badb5247355,1790283300000,1790283600000,50.75102,9.64164
"TV-FOOTPRINT-CALIBRATION-001|MM-V1|BINANCE:BTCUSDT|5|1790283900000",4539f3cc3ce808c2fcb9948bdb70748d181dffa0b5164f9e68c2585bfb64cc07,1790283600000,1790283900000,30.32065,-0.60093
"TV-FOOTPRINT-CALIBRATION-001|MM-V1|BINANCE:BTCUSDT|5|1790284200000",f836f353f9f6a44656156936fe588827da819054547aa49baeba0d80d52f8afe,1790283900000,1790284200000,69.91771,13.09085
"TV-FOOTPRINT-CALIBRATION-001|MM-V1|BINANCE:BTCUSDT|5|1790284500000",84e9ee886c5d691d13e0389db072d76ea7efe573fadc89c9c206368123ab4c5a,1790284200000,1790284500000,82.27995,39.54275
"TV-FOOTPRINT-CALIBRATION-001|MM-V1|BINANCE:BTCUSDT|5|1790284800000",1d3125189ae72677b1a6ceb59529026539df091111ea20dff4016bcf2f9364dd,1790284500000,1790284800000,21.8248,8.86448
"TV-FOOTPRINT-CALIBRATION-001|MM-V1|BINANCE:BTCUSDT|5|1790285100000",784588697f06dc0a846631e9c81ee05a9511ca314fd239c1b516a157e6089461,1790284800000,1790285100000,26.34286,3.03486
"TV-FOOTPRINT-CALIBRATION-001|MM-V1|BINANCE:BTCUSDT|5|1790285400000",a6029effe3f57a34e531c7a8006b2ca36b49a9baff7169c52b5ff70f3030736d,1790285100000,1790285400000,23.962,-2.30458
"TV-FOOTPRINT-CALIBRATION-001|MM-V1|BINANCE:BTCUSDT|5|1790285700000",3c7bd2dc71db060671e937658d99e0961f7b9d8b32112cb0778dc6c14afa6270,1790285400000,1790285700000,24.50744,16.21012
"TV-FOOTPRINT-CALIBRATION-001|MM-V1|BINANCE:BTCUSDT|5|1790286000000",4d853be94e066d731f42c435d41c9dc69974001efe3b2e5bec7024413a3336c0,1790285700000,1790286000000,37.75042,-9.99308
"TV-FOOTPRINT-CALIBRATION-001|MM-V1|BINANCE:BTCUSDT|5|1790286300000",1e15a6d94eaf2aec0d79497e99efe69d3eaf936677fc0cc6224043877de92eb8,1790286000000,1790286300000,36.30766,14.70038
"TV-FOOTPRINT-CALIBRATION-001|MM-V1|BINANCE:BTCUSDT|5|1790286600000",cb37631e551e02efae2af208a813ee5abfe4482cc88b7e8c5679373733bea76e,1790286300000,1790286600000,37.44905,-19.37591
"TV-FOOTPRINT-CALIBRATION-001|MM-V1|BINANCE:BTCUSDT|5|1790286900000",a2213257f04fc94e19f82317fb1ff09b02b5854253d4cc0c210476b7a88b9f45,1790286600000,1790286900000,11.63876,-0.95946
"TV-FOOTPRINT-CALIBRATION-001|MM-V1|BINANCE:BTCUSDT|5|1790287200000",ba7394ca8dd85607ac290320ca65756d453ede95cde8864531c462e8f16c125d,1790286900000,1790287200000,18.99097,-7.61879
"TV-FOOTPRINT-CALIBRATION-001|MM-V1|BINANCE:BTCUSDT|5|1790287500000",5f7541bbe4ad260936c4ca2e43217bf8fb9b44d89b18020d99a726b1c63430da,1790287200000,1790287500000,42.45228,-0.23966
"TV-FOOTPRINT-CALIBRATION-001|MM-V1|BINANCE:BTCUSDT|5|1790287800000",dab0dcb8f2753f80bd29822cc405a7ed91b966ade7f404766449e246c1ff8232,1790287500000,1790287800000,23.07191,-1.38421
"TV-FOOTPRINT-CALIBRATION-001|MM-V1|BINANCE:BTCUSDT|5|1790288100000",f4f3900672bca55efe64a5f70b67ca04c6e0c8d428c9233b5b35321d9d05a845,1790287800000,1790288100000,31.35828,0.6883
"TV-FOOTPRINT-CALIBRATION-001|MM-V1|BINANCE:BTCUSDT|5|1790288400000",f8962056fac08958ac49ea5537792a75fda2237c1bac5030f31d84123424f870,1790288100000,1790288400000,156.34937,-100.12179
"TV-FOOTPRINT-CALIBRATION-001|MM-V1|BINANCE:BTCUSDT|5|1790288700000",668dc6682e4bf21c14d154f67fc68a90ba05d446b043019d1421d4c98cf568d9,1790288400000,1790288700000,49.44275,16.37641
"TV-FOOTPRINT-CALIBRATION-001|MM-V1|BINANCE:BTCUSDT|5|1790289000000",5e42822540095e1ad5fe7379db0e99135965d20905f75e679e14e29b0d35fd1a,1790288700000,1790289000000,44.42155,-1.45835
"TV-FOOTPRINT-CALIBRATION-001|MM-V1|BINANCE:BTCUSDT|5|1790289300000",ac3ee70033dcf62a535be58dc509501e461773cce86b70cb7a4a13cb5c9174de,1790289000000,1790289300000,27.24956,-5.4604
"TV-FOOTPRINT-CALIBRATION-001|MM-V1|BINANCE:BTCUSDT|5|1790289600000",6f35e7663189adb3f2b74d3a9391706a5b4ffb63262210298dbcbfce2d098ee2,1790289300000,1790289600000,40.54205,-27.20697
"TV-FOOTPRINT-CALIBRATION-001|MM-V1|BINANCE:BTCUSDT|5|1790289900000",40803b7efb30a9e772e0448e85ef324e68e96349bd2e6c5902050021dd970506,1790289600000,1790289900000,42.82097,9.91473
"TV-FOOTPRINT-CALIBRATION-001|MM-V1|BINANCE:BTCUSDT|5|1790290200000",70cdf59e43d53292e3657100b982efcdb563acc5149f7410c7b1af608d3ec701,1790289900000,1790290200000,30.45556,18.04746
"TV-FOOTPRINT-CALIBRATION-001|MM-V1|BINANCE:BTCUSDT|5|1790290500000",c8e22f4ca9c1ad49d85735bbae022345b51a7b1493429e61bb0ea4641cc7f174,1790290200000,1790290500000,13.02901,2.52967
"TV-FOOTPRINT-CALIBRATION-001|MM-V1|BINANCE:BTCUSDT|5|1790290800000",e6c28ce10e6e8d7fa253c157c7953b427b476b37c2ef3a633cc612baafc769b7,1790290500000,1790290800000,23.06557,9.40955
"TV-FOOTPRINT-CALIBRATION-001|MM-V1|BINANCE:BTCUSDT|5|1790291100000",d4fa1757c01770df1e89707fbc7389a472f5dc7936a9fd1c6f7ecfe32b0bba7c,1790290800000,1790291100000,34.59553,-4.70823
"TV-FOOTPRINT-CALIBRATION-001|MM-V1|BINANCE:BTCUSDT|5|1790291400000",e7195cd0920c15c00985993fe3a50718515f3da189ccd3d1f6d70e6125c13673,1790291100000,1790291400000,22.67625,5.18521
"TV-FOOTPRINT-CALIBRATION-001|MM-V1|BINANCE:BTCUSDT|5|1790291700000",f36e3a7f6285ed5e6ebfb0155d7e1b68cd30bf706fe53274010d7d3ec235d3e4,1790291400000,1790291700000,18.91081,-2.80879
"TV-FOOTPRINT-CALIBRATION-001|MM-V1|BINANCE:BTCUSDT|5|1790292000000",3012a2981c6400a1ac36e4c7f26c78e4e5eaa5d44d111950d8db6a45f5285543,1790291700000,1790292000000,16.4895,-2.25876
"TV-FOOTPRINT-CALIBRATION-001|MM-V1|BINANCE:BTCUSDT|5|1790292300000",2c777a362a719a1dc81bc63712d82700d3e93cf4791e1d2f3642fa7028cf7a45,1790292000000,1790292300000,20.27714,7.07646
"TV-FOOTPRINT-CALIBRATION-001|MM-V1|BINANCE:BTCUSDT|5|1790292600000",d5247444b9e9c42322094c468d8ead3a2e5a46c201a24c815955a5984750cd64,1790292300000,1790292600000,19.87438,4.29488
"TV-FOOTPRINT-CALIBRATION-001|MM-V1|BINANCE:BTCUSDT|5|1790292900000",ed5134733966c18c26db5998c3aacdf340b7373eeca095ef536afdf0968b6ca1,1790292600000,1790292900000,11.49651,-0.63707
"TV-FOOTPRINT-CALIBRATION-001|MM-V1|BINANCE:BTCUSDT|5|1790293200000",1fab747e7a9b2ab7d727ff898c97498bc07c187162a5c2f2f11ec5cf4cf57adb,1790292900000,1790293200000,16.253,-5.2897
"TV-FOOTPRINT-CALIBRATION-001|MM-V1|BINANCE:BTCUSDT|5|1790293500000",e2065ffeee862c542d7a335176a1c57b6beb9591f142d095d6eaa66264e5c25e,1790293200000,1790293500000,62.9682,-20.0101
"TV-FOOTPRINT-CALIBRATION-001|MM-V1|BINANCE:BTCUSDT|5|1790293800000",160257b76a90cfa0539b006f71d628897739fa12e72e3b6f1a6339d55b52db45,1790293500000,1790293800000,17.87681,-1.33079
"TV-FOOTPRINT-CALIBRATION-001|MM-V1|BINANCE:BTCUSDT|5|1790294100000",99b415ce449efed25061e2672b72568bafd732439f973b7caa4ac5edc10fe490,1790293800000,1790294100000,17.7421,-6.2783
"TV-FOOTPRINT-CALIBRATION-001|MM-V1|BINANCE:BTCUSDT|5|1790294400000",2b65907e7acbc1df29e065b09e7808154b4771b88c965cee8ddd874f50e308ee,1790294100000,1790294400000,11.74889,0.33089
"TV-FOOTPRINT-CALIBRATION-001|MM-V1|BINANCE:BTCUSDT|5|1790294700000",1b4e2c9bea0b8906b7a81dca4fe2f7269657f6e11b66ae235133d51460363fe9,1790294400000,1790294700000,30.17918,16.01196
"TV-FOOTPRINT-CALIBRATION-001|MM-V1|BINANCE:BTCUSDT|5|1790295000000",c7e8652b18ab13397c2a57cd61b6c405c53e3f673d2967254516310d6c2f5396,1790294700000,1790295000000,83.43995,29.82427
"TV-FOOTPRINT-CALIBRATION-001|MM-V1|BINANCE:BTCUSDT|5|1790295300000",273eb26a5b98ebda82c7938421de16cce6a18e31341752d2943a877a415fdde1,1790295000000,1790295300000,33.03753,-3.20889
"TV-FOOTPRINT-CALIBRATION-001|MM-V1|BINANCE:BTCUSDT|5|1790295600000",ad6bc25c62d7645606392d1f7a2750676ee4898f5a4238a7b889a8eacc408dd9,1790295300000,1790295600000,21.56245,-8.88061
"TV-FOOTPRINT-CALIBRATION-001|MM-V1|BINANCE:BTCUSDT|5|1790295900000",70d91247e77849c15dc6384c04207d080a40fc40b7bf4e2088cacd4823d51419,1790295600000,1790295900000,20.69268,-0.53502
"TV-FOOTPRINT-CALIBRATION-001|MM-V1|BINANCE:BTCUSDT|5|1790296200000",05ff5103a3dfbd23585ecb09bbf57165b4f0d6cfe44e202cae870c49107a4493,1790295900000,1790296200000,197.81522,-22.03928
"TV-FOOTPRINT-CALIBRATION-001|MM-V1|BINANCE:BTCUSDT|5|1790296500000",1641d63044c8a3b2c9387d03fcbddd092d0132de07163e59ce5744f97d164619,1790296200000,1790296500000,39.54625,-3.27253
"TV-FOOTPRINT-CALIBRATION-001|MM-V1|BINANCE:BTCUSDT|5|1790296800000",f80ee520dd8b879f3907632cd7cce7d4463483d00a65a580b6c91155da2270a5,1790296500000,1790296800000,27.03176,5.8129
"TV-FOOTPRINT-CALIBRATION-001|MM-V1|BINANCE:BTCUSDT|5|1790297100000",eca9bb73b81c127f58de3656934fb88b466075184e11b9ce321162097b80aa94,1790296800000,1790297100000,54.49622,7.1042
"TV-FOOTPRINT-CALIBRATION-001|MM-V1|BINANCE:BTCUSDT|5|1790297400000",25dec66ab43c71e01364a8b3c7c845f1e2db832470d46b5b294d8e0344838d70,1790297100000,1790297400000,20.21796,-0.4709
"TV-FOOTPRINT-CALIBRATION-001|MM-V1|BINANCE:BTCUSDT|5|1790297700000",3220505db4c00cbb6c53a2cab7d1226c3b7adfc5a6ef7b67f9cd7cff41efe43d,1790297400000,1790297700000,19.71322,-6.06248
"TV-FOOTPRINT-CALIBRATION-001|MM-V1|BINANCE:BTCUSDT|5|1790298000000",d7661501c66d3ea9c3c6feb21d778236744f3a2255586c431f22eb5a14fd6ac6,1790297700000,1790298000000,35.30199,10.01453
"TV-FOOTPRINT-CALIBRATION-001|MM-V1|BINANCE:BTCUSDT|5|1790298300000",9a9d991886b241b6ec8ffd9f7abf772968a0e608ec2c54118c117c5496b374d9,1790298000000,1790298300000,102.82345,8.14649
"TV-FOOTPRINT-CALIBRATION-001|MM-V1|BINANCE:BTCUSDT|5|1790298600000",d33eb2292ea4eb90da7403294a207f66ea6b955bf17052b3159b33603e3a463f,1790298300000,1790298600000,68.80331,4.61821
"TV-FOOTPRINT-CALIBRATION-001|MM-V1|BINANCE:BTCUSDT|5|1790298900000",4033b9339c5591392c7723bbd67a7a352f3946c4fe95aa169392d082bd2a5677,1790298600000,1790298900000,62.15897,-9.21085
"TV-FOOTPRINT-CALIBRATION-001|MM-V1|BINANCE:BTCUSDT|5|1790299200000",5b556ebc2dea1fb66a20b5ef9f013bf0e7f7ed98fa3af1a870642762c2b51e50,1790298900000,1790299200000,52.76109,-3.48041
"TV-FOOTPRINT-CALIBRATION-001|MM-V1|BINANCE:BTCUSDT|5|1790299500000",0fde23f4e1f58943403ba1da4ffa739dd3b2911a092d137dd0c022bec9494e71,1790299200000,1790299500000,39.82288,-4.95458
"TV-FOOTPRINT-CALIBRATION-001|MM-V1|BINANCE:BTCUSDT|5|1790299800000",1782d8d4131498f72090b43d48da4c1b6d37ba2ea0c6bfa7717d6775dbf38a2e,1790299500000,1790299800000,48.0781,-6.22436
"TV-FOOTPRINT-CALIBRATION-001|MM-V1|BINANCE:BTCUSDT|5|1790300100000",ca66ef74291d3ce31853ab98d324e586417210b5ab44a476343b6807ffbc5260,1790299800000,1790300100000,51.69045,-16.51607
"TV-FOOTPRINT-CALIBRATION-001|MM-V1|BINANCE:BTCUSDT|5|1790300400000",0804154c2982dc695a772c2b30b2c03fbe99ad8d6703180b56312f60cbbe4f9d,1790300100000,1790300400000,32.33488,-1.49986
"TV-FOOTPRINT-CALIBRATION-001|MM-V1|BINANCE:BTCUSDT|5|1790300700000",caa6b236ab9888efdeb6b98439a66ee2fbf0dd75f4f4dbc77e239ef361ad18c9,1790300400000,1790300700000,23.58369,1.71733
"TV-FOOTPRINT-CALIBRATION-001|MM-V1|BINANCE:BTCUSDT|5|1790301000000",ec7672a3f9518c3415a62a3fbb111967eebfc5676a8e1efa69e3896b76ec035f,1790300700000,1790301000000,25.88872,1.0749
"TV-FOOTPRINT-CALIBRATION-001|MM-V1|BINANCE:BTCUSDT|5|1790301300000",fd494b874975d7e36886de0e99cedf067d09ed1c9b54cb5311b84b7dbb74b4df,1790301000000,1790301300000,26.90765,-6.81661
"TV-FOOTPRINT-CALIBRATION-001|MM-V1|BINANCE:BTCUSDT|5|1790301600000",e372a24f148a13e439d42b9232c8d5907ba319b7fbf80ca51674366f01f49488,1790301300000,1790301600000,18.59018,3.80078
"TV-FOOTPRINT-CALIBRATION-001|MM-V1|BINANCE:BTCUSDT|5|1790301900000",3a25bfde0755b2a0318eb57a8da5e42e3fe809930a63f1a9093b5b28294cc387,1790301600000,1790301900000,46.21258,16.61386
"TV-FOOTPRINT-CALIBRATION-001|MM-V1|BINANCE:BTCUSDT|5|1790302200000",08e0def9029efe638c301a8ea411aef791651d4ac4fdb8b069212c4632ee6413,1790301900000,1790302200000,34.11431,-2.56069
"TV-FOOTPRINT-CALIBRATION-001|MM-V1|BINANCE:BTCUSDT|5|1790302500000",13255decfd4edf40ecaa973cbfde5499e05cdb622242e00b5d45e94e3ea43601,1790302200000,1790302500000,24.52288,3.24376
"TV-FOOTPRINT-CALIBRATION-001|MM-V1|BINANCE:BTCUSDT|5|1790302800000",7501c4beb1ba86fc975d901c780216c1ba055e7e9f48937250de6b882c0f7100,1790302500000,1790302800000,135.64942,-104.97566
"TV-FOOTPRINT-CALIBRATION-001|MM-V1|BINANCE:BTCUSDT|5|1790303100000",ceb321c8bfb9d00b80f83e8a0f984ac07d03cfdd4e8c88d959335698320d4bc0,1790302800000,1790303100000,26.49264,-12.36978
"TV-FOOTPRINT-CALIBRATION-001|MM-V1|BINANCE:BTCUSDT|5|1790303400000",d0ae7d4d9d86eac4735176e117a9f6fe6704fb0fbb4bd075023c8b357ceb1ca3,1790303100000,1790303400000,32.78483,-11.61569
"TV-FOOTPRINT-CALIBRATION-001|MM-V1|BINANCE:BTCUSDT|5|1790303700000",14c0bbdb111962856edbd964bdffd0d9d3951e319c2e6b6049fb12cd39ea16d5,1790303400000,1790303700000,30.22436,-7.94004
"TV-FOOTPRINT-CALIBRATION-001|MM-V1|BINANCE:BTCUSDT|5|1790304000000",805913d34723a5ad88d48584d2d0602dadf6482042f656347313901ef65e09dd,1790303700000,1790304000000,41.90339,-22.32985
"TV-FOOTPRINT-CALIBRATION-001|MM-V1|BINANCE:BTCUSDT|5|1790304300000",f56bca621fa2a1be34a33605fb0fb3fc5999e68575ff16ae96ee12ea90ef26f1,1790304000000,1790304300000,35.49488,-4.4304
"TV-FOOTPRINT-CALIBRATION-001|MM-V1|BINANCE:BTCUSDT|5|1790304600000",286e2fd47b5f73f0c565f809b759d696f4f9780563b0ce1a6ec123b4674a391f,1790304300000,1790304600000,56.40552,-27.07064
"TV-FOOTPRINT-CALIBRATION-001|MM-V1|BINANCE:BTCUSDT|5|1790304900000",6d09c5527cf71eb9968708b4a105ad426095b0c3a714924a0352dcb97f83c4be,1790304600000,1790304900000,46.99868,-23.2257
"TV-FOOTPRINT-CALIBRATION-001|MM-V1|BINANCE:BTCUSDT|5|1790305200000",214729ac6f32f4eef8dbaa7356239dd1144219a5e3965d757cb5353d3aa398ae,1790304900000,1790305200000,66.29837,-32.18791
"TV-FOOTPRINT-CALIBRATION-001|MM-V1|BINANCE:BTCUSDT|5|1790305500000",4e19bf8fb0537bdc882f2d5b744d8b21e6e5b66db0e044c48b997eadaaf2b6d8,1790305200000,1790305500000,22.00807,1.06453
"TV-FOOTPRINT-CALIBRATION-001|MM-V1|BINANCE:BTCUSDT|5|1790305800000",bb6ea26e213932a41fa731b2d6c216723686e26a06469e6eacfad287fbea3124,1790305500000,1790305800000,46.62687,13.34479
"TV-FOOTPRINT-CALIBRATION-001|MM-V1|BINANCE:BTCUSDT|5|1790306100000",442f6fe7b4ae201daea065359c0b1295c84d44fa5c9af1e2e6f374cfc85f3e94,1790305800000,1790306100000,84.289,-4.32014
"TV-FOOTPRINT-CALIBRATION-001|MM-V1|BINANCE:BTCUSDT|5|1790306400000",a7d515cab588e433998dd8ba461b40e77cdae0d3344f003ec26550246909c107,1790306100000,1790306400000,39.41401,-11.44921
"TV-FOOTPRINT-CALIBRATION-001|MM-V1|BINANCE:BTCUSDT|5|1790306700000",e3a5bd1710c2117ea070216a0c8c96b792f0081c9484931fa6379df6d23c8870,1790306400000,1790306700000,15.98209,-0.35121
"TV-FOOTPRINT-CALIBRATION-001|MM-V1|BINANCE:BTCUSDT|5|1790307000000",faaa7725798014059f60914e07e884e959a9eae6babbbda61ce44efa9dbedf16,1790306700000,1790307000000,40.85234,-26.95518
"TV-FOOTPRINT-CALIBRATION-001|MM-V1|BINANCE:BTCUSDT|5|1790307300000",c3b29d269decb77dbad114c6e2597798c16c1dc874063657097bdf64587c77c1,1790307000000,1790307300000,34.54427,-7.48515
"TV-FOOTPRINT-CALIBRATION-001|MM-V1|BINANCE:BTCUSDT|5|1790307600000",31b06c0f8c87b144101bb20e462d6b0ccd1cace0ed11f0c8286e07ed863d896e,1790307300000,1790307600000,30.55961,18.42587
"TV-FOOTPRINT-CALIBRATION-001|MM-V1|BINANCE:BTCUSDT|5|1790307900000",0beda9106a9ed491dd32972539e465f0b1f7f0a6be50f0c264cc18a6b84a907a,1790307600000,1790307900000,35.26873,-8.91839
"TV-FOOTPRINT-CALIBRATION-001|MM-V1|BINANCE:BTCUSDT|5|1790308200000",c7e62e0ae06156208c34bf920a7a1df7c78e8a913904fe8345368506c17f723d,1790307900000,1790308200000,17.21577,-4.01807
"TV-FOOTPRINT-CALIBRATION-001|MM-V1|BINANCE:BTCUSDT|5|1790308500000",a6eb39cf529de19ed92bb220bf9e6d79b90621b53834250cba3345640a2c0855,1790308200000,1790308500000,42.04653,-13.17117
"TV-FOOTPRINT-CALIBRATION-001|MM-V1|BINANCE:BTCUSDT|5|1790308800000",8042a5743b9bc25d4c779aacdfebee04d8c552142719ec669984473c865c4a22,1790308500000,1790308800000,12.16643,1.95177
"TV-FOOTPRINT-CALIBRATION-001|MM-V1|BINANCE:BTCUSDT|5|1790309100000",821958ab60860104aad6b020471a58294da90f77a6f4e891b221852de1daf3bf,1790308800000,1790309100000,19.23235,-8.62071
"TV-FOOTPRINT-CALIBRATION-001|MM-V1|BINANCE:BTCUSDT|5|1790309400000",5f7cd3e8f40938a5b3c6eaa660e74777d7a7a202384195b19bc780713a25c20f,1790309100000,1790309400000,18.25046,9.67332
"TV-FOOTPRINT-CALIBRATION-001|MM-V1|BINANCE:BTCUSDT|5|1790309700000",608a5c1baa935b59fea93bfd20326ee6855710a930f67b8d867fed447647eda4,1790309400000,1790309700000,54.14485,-12.18783
"TV-FOOTPRINT-CALIBRATION-001|MM-V1|BINANCE:BTCUSDT|5|1790310000000",5f4f0356dbd2b1e9fae05a49e72b50e63086f32c3a04afef469adef81df1e7f0,1790309700000,1790310000000,50.34535,-2.81921
"TV-FOOTPRINT-CALIBRATION-001|MM-V1|BINANCE:BTCUSDT|5|1790310300000",182f928fdfc3f3ea506c4f21b5ec4fa94cd73efc48456669e7738f2c02723ab1,1790310000000,1790310300000,46.10566,-9.32096
"TV-FOOTPRINT-CALIBRATION-001|MM-V1|BINANCE:BTCUSDT|5|1790310600000",3d47ba145e2fdbf7ad8519ce6cdd1958c45f9b0bbf67e2e4a8cf8eaf00dae532,1790310300000,1790310600000,41.91602,14.02404
"TV-FOOTPRINT-CALIBRATION-001|MM-V1|BINANCE:BTCUSDT|5|1790310900000",74bffb3dae84af55f3d09afe590184e84666ee40bfb752773a3275c893364ab2,1790310600000,1790310900000,57.9541,24.35096
"TV-FOOTPRINT-CALIBRATION-001|MM-V1|BINANCE:BTCUSDT|5|1790311200000",9558616e66aed9aae5c0b5019b34485a9e4bd5f03ea40fda2bb42eba90cde160,1790310900000,1790311200000,39.32305,11.54015
"TV-FOOTPRINT-CALIBRATION-001|MM-V1|BINANCE:BTCUSDT|5|1790311500000",80de719d806bca7242ac8ff96d20bc921cb224d824e835d171c2722996041f83,1790311200000,1790311500000,41.1989,5.50868
"TV-FOOTPRINT-CALIBRATION-001|MM-V1|BINANCE:BTCUSDT|5|1790311800000",970cc6c7239706be3b7786afa2ff28b4252c9104b225c7fd825b464f4cccd759,1790311500000,1790311800000,33.34344,-6.30984
"TV-FOOTPRINT-CALIBRATION-001|MM-V1|BINANCE:BTCUSDT|5|1790312100000",55ec7bcb5382abc927de1f76b6f8466c108327b4392acb3d4cff604c6bbd9054,1790311800000,1790312100000,33.42078,-14.62798
"TV-FOOTPRINT-CALIBRATION-001|MM-V1|BINANCE:BTCUSDT|5|1790312400000",6ca48555b451d3056b8d7bf6c4c24aac17c7b32f27f1c522862ff9e9411ae8bd,1790312100000,1790312400000,58.78363,14.92249
"TV-FOOTPRINT-CALIBRATION-001|MM-V1|BINANCE:BTCUSDT|5|1790312700000",0a7c8d643940dd1debaa708dff9a81692ce051a72f4f81b2439b3930ce059e7f,1790312400000,1790312700000,15.59634,-3.99054
"TV-FOOTPRINT-CALIBRATION-001|MM-V1|BINANCE:BTCUSDT|5|1790313000000",26b956e4593740e24927f808d81f3da94308671ac90f866821a0ad98a1719cc1,1790312700000,1790313000000,19.44333,-3.21341
"TV-FOOTPRINT-CALIBRATION-001|MM-V1|BINANCE:BTCUSDT|5|1790313300000",9a0840dc0a80add6c65579ca12091aa33b1bba020d90ce47d433829ff23a61a6,1790313000000,1790313300000,16.25316,-5.27136
"TV-FOOTPRINT-CALIBRATION-001|MM-V1|BINANCE:BTCUSDT|5|1790313600000",dbe5f3047125c3cbafa8e3231dd5a0df78b837b19a733c46684e61afafe2c83c,1790313300000,1790313600000,29.45293,1.36351
"TV-FOOTPRINT-CALIBRATION-001|MM-V1|BINANCE:BTCUSDT|5|1790313900000",81f9a5bb0d0cb9cdc100ed508ba652a12ac9065dc4087b75782b4b44f48ddadc,1790313600000,1790313900000,32.33408,-13.59196
"TV-FOOTPRINT-CALIBRATION-001|MM-V1|BINANCE:BTCUSDT|5|1790314200000",e14a87616b2ba8c8a935023d28267b0403d51a4f23ae743560e0fbc45b79ab70,1790313900000,1790314200000,17.56347,8.24345
"TV-FOOTPRINT-CALIBRATION-001|MM-V1|BINANCE:BTCUSDT|5|1790314500000",f37415f8e1db67701133e825c00ebb9e003f53fd551a0ef00b56789bf3aa1af7,1790314200000,1790314500000,61.93216,-9.27002
"TV-FOOTPRINT-CALIBRATION-001|MM-V1|BINANCE:BTCUSDT|5|1790314800000",628e6c0bd4aca40c939b64bc7956b17b07b72e23b7a3103b230826bc2031f4e4,1790314500000,1790314800000,44.00208,21.46764
"TV-FOOTPRINT-CALIBRATION-001|MM-V1|BINANCE:BTCUSDT|5|1790315100000",69d283a1dcd6934ae99e77b165910261dd27ab29bd46178e5f160e9fd1d73d74,1790314800000,1790315100000,16.72582,-11.31242
"TV-FOOTPRINT-CALIBRATION-001|MM-V1|BINANCE:BTCUSDT|5|1790315400000",880c56ac2532e98b9b4f7ade4b239d7a0fbb8008703e1db2d7d76dc732e99922,1790315100000,1790315400000,17.52483,1.58775
"TV-FOOTPRINT-CALIBRATION-001|MM-V1|BINANCE:BTCUSDT|5|1790315700000",5b2b52ab09db9047e51d66a26fd3d7f07a86774fa137d9880333868b6eaaab7b,1790315400000,1790315700000,19.45379,-2.36053
"TV-FOOTPRINT-CALIBRATION-001|MM-V1|BINANCE:BTCUSDT|5|1790316000000",521661466f1898268762143001a7fa33d30f9a21fa8652312eb49978aac9c31a,1790315700000,1790316000000,13.53331,-8.74813
"TV-FOOTPRINT-CALIBRATION-001|MM-V1|BINANCE:BTCUSDT|5|1790316300000",478f1e266c4e8e5400f6e7b7fc63c33b2818cc3b430f234a4106525bbc746100,1790316000000,1790316300000,21.86863,3.63443
"TV-FOOTPRINT-CALIBRATION-001|MM-V1|BINANCE:BTCUSDT|5|1790316600000",d4223342fd3a1cffe94f280b5b9070fde1f402d5fd1d98d553043dd8d53c7b8d,1790316300000,1790316600000,33.33179,-12.08449
"TV-FOOTPRINT-CALIBRATION-001|MM-V1|BINANCE:BTCUSDT|5|1790316900000",46a52f1cb8bc01352f7c419561af8ec5566113f91c748c4446bde840887709a6,1790316600000,1790316900000,86.00405,-46.97507
"TV-FOOTPRINT-CALIBRATION-001|MM-V1|BINANCE:BTCUSDT|5|1790317200000",ca13fa3f960bd2a355c1f629718e741b3004baae9149422d927e129a39bcd4ab,1790316900000,1790317200000,33.11251,9.15807
"TV-FOOTPRINT-CALIBRATION-001|MM-V1|BINANCE:BTCUSDT|5|1790317500000",fba2b01b8e7d76fed9a0a0037be16b0bbe720a5398d083005a12d0e7f59ab4e5,1790317200000,1790317500000,27.1784,-1.2252
"TV-FOOTPRINT-CALIBRATION-001|MM-V1|BINANCE:BTCUSDT|5|1790317800000",2cf7c486dd10316834d21bd1642eb5a93109b524b225547f1b2b19276d761d7b,1790317500000,1790317800000,27.49197,1.95077
"TV-FOOTPRINT-CALIBRATION-001|MM-V1|BINANCE:BTCUSDT|5|1790318100000",f3a75b26d9094c748cc0430e106b068781f745f6f1bedc189f9924ebb8d92311,1790317800000,1790318100000,22.89057,-8.75883
"TV-FOOTPRINT-CALIBRATION-001|MM-V1|BINANCE:BTCUSDT|5|1790318400000",219c7d036eaf00614619b4427373a973620a10e225bd864a0907d5e33508094f,1790318100000,1790318400000,44.95485,-19.89245
"TV-FOOTPRINT-CALIBRATION-001|MM-V1|BINANCE:BTCUSDT|5|1790318700000",41dd195dec0466bc446cc88d64e3e44cda56eaa84a75b7489101bd3044566257,1790318400000,1790318700000,24.06224,8.86566
"TV-FOOTPRINT-CALIBRATION-001|MM-V1|BINANCE:BTCUSDT|5|1790319000000",c37ac607de29885c7d851f8d39fb66812d7afa77b04358823434efca53ddf8c0,1790318700000,1790319000000,21.1161,-2.65928
"TV-FOOTPRINT-CALIBRATION-001|MM-V1|BINANCE:BTCUSDT|5|1790319300000",6e5c941a3e66dc3f2a571e70b9a2fe5416417b67f0f25db76277a2ef9c926068,1790319000000,1790319300000,50.82923,-12.21649
"TV-FOOTPRINT-CALIBRATION-001|MM-V1|BINANCE:BTCUSDT|5|1790319600000",0f9392ead573c29d5d9434bfd15e126380f7a3a094601d6e149e0fca226763e6,1790319300000,1790319600000,9.87162,-0.48314
"TV-FOOTPRINT-CALIBRATION-001|MM-V1|BINANCE:BTCUSDT|5|1790319900000",c4c299a4c67ddde16ccdfadc6cb2c313d172125bd9d79554eaca602eb95d6923,1790319600000,1790319900000,14.89358,-6.19978
"TV-FOOTPRINT-CALIBRATION-001|MM-V1|BINANCE:BTCUSDT|5|1790320200000",a24fbcedc396ebdbdba191c258334cb47606895882cb53300f56df99e9724899,1790319900000,1790320200000,112.27309,-41.25139
"TV-FOOTPRINT-CALIBRATION-001|MM-V1|BINANCE:BTCUSDT|5|1790320500000",94f742dec4dd7de278bb6b2df0bd7a706aa36adb76a4aca425d2e24da9533ff4,1790320200000,1790320500000,36.62059,0.50155
"TV-FOOTPRINT-CALIBRATION-001|MM-V1|BINANCE:BTCUSDT|5|1790320800000",0c3f8db29b0bfd280c6191ac5b2a313ad48b2890f7d2ec7bf120227543a36228,1790320500000,1790320800000,46.59189,-5.31419
"TV-FOOTPRINT-CALIBRATION-001|MM-V1|BINANCE:BTCUSDT|5|1790321100000",46ce76cbf2fce9e2370980a3e0fba897870a42da42c26e58deb59e2b9bf8ff0e,1790320800000,1790321100000,26.2502,-0.99216
"TV-FOOTPRINT-CALIBRATION-001|MM-V1|BINANCE:BTCUSDT|5|1790321400000",dc100d985b9eb62f47019e63eb31ac97bbc81966758cbbff46322558855fd4c4,1790321100000,1790321400000,30.90942,9.4476
"TV-FOOTPRINT-CALIBRATION-001|MM-V1|BINANCE:BTCUSDT|5|1790321700000",45f0799820386c4daa0067d30b34e5e55aedddb2aa3a06a0779472d4683e59a0,1790321400000,1790321700000,123.75216,-49.7204
"TV-FOOTPRINT-CALIBRATION-001|MM-V1|BINANCE:BTCUSDT|5|1790322000000",66ec17bb2cef68c384204d30becc81b82d393b6aa11ef46e1d470452377b9192,1790321700000,1790322000000,139.98982,-20.58728
"TV-FOOTPRINT-CALIBRATION-001|MM-V1|BINANCE:BTCUSDT|5|1790322300000",3550411f635ac924fee923390c7e7c8976d61bccaeb0631ad42f5ce431ccd9ca,1790322000000,1790322300000,116.37026,11.81714
"TV-FOOTPRINT-CALIBRATION-001|MM-V1|BINANCE:BTCUSDT|5|1790322600000",0954a2b540017803f87ad144aac103af0d42884da4cd15533a6ff5af64e653cb,1790322300000,1790322600000,193.56108,-40.44182
"TV-FOOTPRINT-CALIBRATION-001|MM-V1|BINANCE:BTCUSDT|5|1790322900000",8358298bc965355f61ed10ee9abd71606ff9e872875bdcb100a5ad1ba516cc7c,1790322600000,1790322900000,174.80568,-42.5347
"TV-FOOTPRINT-CALIBRATION-001|MM-V1|BINANCE:BTCUSDT|5|1790323200000",c131f11a466710210a086ce5d38275129f03d457b0424394d45e86ab8bbd54d1,1790322900000,1790323200000,326.10607,-55.92325
"TV-FOOTPRINT-CALIBRATION-001|MM-V1|BINANCE:BTCUSDT|5|1790323500000",c7eb3041f46b8f850a5ef67823fd283d7a98ec0909c4e2927332caf2ab49901e,1790323200000,1790323500000,136.3367,38.54218
"TV-FOOTPRINT-CALIBRATION-001|MM-V1|BINANCE:BTCUSDT|5|1790323800000",e2946f5d29229c68045ccac05b55354ba84e03ecfcab58427e43cda83b2d1ff9,1790323500000,1790323800000,100.20042,40.63782
"TV-FOOTPRINT-CALIBRATION-001|MM-V1|BINANCE:BTCUSDT|5|1790324100000",7b839473ac0390a4664fdaf9c708f2818a7a76138d17bd155fcd8112aadc6799,1790323800000,1790324100000,81.17982,25.87112
"TV-FOOTPRINT-CALIBRATION-001|MM-V1|BINANCE:BTCUSDT|5|1790324400000",d464cd0171871c42f7d9eb18bd69636e0cdd5c1af8b201e8c3cb2ace556a5fe5,1790324100000,1790324400000,71.44482,41.73432
"TV-FOOTPRINT-CALIBRATION-001|MM-V1|BINANCE:BTCUSDT|5|1790324700000",50a5a50308a697f491b65e45f4b9c1db6e0427f6f183e99fa4acb9b2bc58d5f6,1790324400000,1790324700000,50.50136,20.89828
"TV-FOOTPRINT-CALIBRATION-001|MM-V1|BINANCE:BTCUSDT|5|1790325000000",497454356a40129c70880019b684115f374f0c497c0409bdec27fcf242bfed29,1790324700000,1790325000000,59.1915,28.52708
"TV-FOOTPRINT-CALIBRATION-001|MM-V1|BINANCE:BTCUSDT|5|1790325300000",07eb88444564dfc50147e0a3870016af4dea3fc6fcc93427fb4cf5d39da086b3,1790325000000,1790325300000,51.2409,-7.48302
"TV-FOOTPRINT-CALIBRATION-001|MM-V1|BINANCE:BTCUSDT|5|1790325600000",1caf2f80948bfb73f156fcbbe8b31953a16ccd962a6fec5655045e920e72c580,1790325300000,1790325600000,26.09112,1.93938
"TV-FOOTPRINT-CALIBRATION-001|MM-V1|BINANCE:BTCUSDT|5|1790325900000",977fa54a664ef5dd4c78c8ac23d4f7fd257f30df1cf009a6b5d816a891a5185a,1790325600000,1790325900000,14.04509,0.03063
"TV-FOOTPRINT-CALIBRATION-001|MM-V1|BINANCE:BTCUSDT|5|1790326200000",194a8318bb049017d54454634a60532fd62a1ef5408c3bfc8517a9f1e51bccad,1790325900000,1790326200000,25.24915,-0.63853
"TV-FOOTPRINT-CALIBRATION-001|MM-V1|BINANCE:BTCUSDT|5|1790326500000",7defc37335b552c6960d0bfd95aab40af9f1941c8b148157e76b82526d8fe64d,1790326200000,1790326500000,31.71821,1.55273
"TV-FOOTPRINT-CALIBRATION-001|MM-V1|BINANCE:BTCUSDT|5|1790326800000",32350048b653cdc4f98fee9f317ab2d4d48d4cd1225e7829fe009db399945545,1790326500000,1790326800000,38.80649,19.81615
"TV-FOOTPRINT-CALIBRATION-001|MM-V1|BINANCE:BTCUSDT|5|1790327100000",0931b5cad30ee52cad230bbd4f6305a6c5ac03bcd3fd12e20a7cb6691c3614d8,1790326800000,1790327100000,73.04005,53.37507
"TV-FOOTPRINT-CALIBRATION-001|MM-V1|BINANCE:BTCUSDT|5|1790327400000",1412c4210bb950a92e374f7d409ce70afec6df49de4d19c0ff8808a0de125157,1790327100000,1790327400000,74.61355,17.98597
"TV-FOOTPRINT-CALIBRATION-001|MM-V1|BINANCE:BTCUSDT|5|1790327700000",107bde0a15fc03e6651852ec9e052c68c2edc08a58183b5121578e4aebe7742c,1790327400000,1790327700000,49.4931,-10.70434
"TV-FOOTPRINT-CALIBRATION-001|MM-V1|BINANCE:BTCUSDT|5|1790328000000",9932147462105c88d7a192c94cc18502e2b80d8f469c835657f406456418559a,1790327700000,1790328000000,98.17981,33.10365
"TV-FOOTPRINT-CALIBRATION-001|MM-V1|BINANCE:BTCUSDT|5|1790328300000",1f6efa2d1a3c518d46069796673bc26a553b6d3ba132bc386dd0e14cfc2e8da1,1790328000000,1790328300000,41.15477,8.46805
"TV-FOOTPRINT-CALIBRATION-001|MM-V1|BINANCE:BTCUSDT|5|1790328600000",26adb1da1e92df427abc3b9f3f70b96a6b05276dbd0aad4b0728210caaced7f0,1790328300000,1790328600000,88.12511,48.67463
"TV-FOOTPRINT-CALIBRATION-001|MM-V1|BINANCE:BTCUSDT|5|1790328900000",c4f6d86db8868d5bf90d1f2515bda069079d333ad5df588c4a255d916296368a,1790328600000,1790328900000,109.77656,-48.18554
"TV-FOOTPRINT-CALIBRATION-001|MM-V1|BINANCE:BTCUSDT|5|1790329200000",30f7a4118db3f88aadfeef0a037dbe936661c02a00070d75ffb261d7afb27f3e,1790328900000,1790329200000,22.04183,-3.08921
"TV-FOOTPRINT-CALIBRATION-001|MM-V1|BINANCE:BTCUSDT|5|1790329500000",d832e1815329570bf7d451d758905ab8904d852ec45d4c07d13d3c40bf0c7dd3,1790329200000,1790329500000,26.09711,-9.14103
"TV-FOOTPRINT-CALIBRATION-001|MM-V1|BINANCE:BTCUSDT|5|1790329800000",b589d88e677383fde73d3d4440f77004c0218ddae6d15b34496eedd992d63827,1790329500000,1790329800000,30.71353,3.29189
"TV-FOOTPRINT-CALIBRATION-001|MM-V1|BINANCE:BTCUSDT|5|1790330100000",8949503c295871ab317f97a214e25d65b189356a66f981a9ee5b99bcb999bbab,1790329800000,1790330100000,26.44562,-10.05256
"TV-FOOTPRINT-CALIBRATION-001|MM-V1|BINANCE:BTCUSDT|5|1790330400000",cdc9b6656e3e13e4c47ccdf9ea9d5948d614aba971c2d89c544b2bf79c08876f,1790330100000,1790330400000,32.91353,-5.74141
"TV-FOOTPRINT-CALIBRATION-001|MM-V1|BINANCE:BTCUSDT|5|1790330700000",e632d5ca79402b360f18e784f6296133297d038be8f752f6b82a4270e37ba1d5,1790330400000,1790330700000,54.84781,-18.43583
"TV-FOOTPRINT-CALIBRATION-001|MM-V1|BINANCE:BTCUSDT|5|1790331000000",287c1018c18432b125024ef6eee52455d494eb5c4d95b05fc6df3eef3fab30da,1790330700000,1790331000000,24.33076,-1.39856
"TV-FOOTPRINT-CALIBRATION-001|MM-V1|BINANCE:BTCUSDT|5|1790331300000",2ce324a207c7ea4c0993a609e171cbab49a17ae9fa953953c37685c207fa7d2f,1790331000000,1790331300000,23.86331,6.48569
"TV-FOOTPRINT-CALIBRATION-001|MM-V1|BINANCE:BTCUSDT|5|1790331600000",b0f523f521380698e97f7effee6db5836862af64089029291740c43a379cacfc,1790331300000,1790331600000,24.86244,-5.91084
"TV-FOOTPRINT-CALIBRATION-001|MM-V1|BINANCE:BTCUSDT|5|1790331900000",44676c734c1447c58951306f46e18aa58bdbe08c86533321f39ae9efb969fc6f,1790331600000,1790331900000,21.0067,9.82034
"TV-FOOTPRINT-CALIBRATION-001|MM-V1|BINANCE:BTCUSDT|5|1790332200000",a2332e0e56cf5be59c7176ace0dc30057ea865df56df530ba04258cbbfebe93a,1790331900000,1790332200000,63.15508,37.90238
"TV-FOOTPRINT-CALIBRATION-001|MM-V1|BINANCE:BTCUSDT|5|1790332500000",276d877118b97e7958c2269b3c825faeea39a1bf16ce8580b41ea5d15e2d054c,1790332200000,1790332500000,57.79636,-10.90966
"TV-FOOTPRINT-CALIBRATION-001|MM-V1|BINANCE:BTCUSDT|5|1790332800000",c786f9a43ac976a88d0583eb2cb45c7757afefd8280e0f0f70707da1935d2d3d,1790332500000,1790332800000,57.21884,-2.91094
"TV-FOOTPRINT-CALIBRATION-001|MM-V1|BINANCE:BTCUSDT|5|1790333100000",4112390bada9251a6228d7700eaf343938844211bea2e72f6a20455470b6e20e,1790332800000,1790333100000,47.04508,13.77168
"TV-FOOTPRINT-CALIBRATION-001|MM-V1|BINANCE:BTCUSDT|5|1790333400000",10bca70e5744bfe912885cf12527dd2796b6289c4bf9649e82e6ba3c46d946f0,1790333100000,1790333400000,50.36523,6.51407
"TV-FOOTPRINT-CALIBRATION-001|MM-V1|BINANCE:BTCUSDT|5|1790333700000",ce495e3995e7ebc1c4bd15513076340e29edb7b7e5821026d927186f4fa660d5,1790333400000,1790333700000,67.09249,10.01773
"TV-FOOTPRINT-CALIBRATION-001|MM-V1|BINANCE:BTCUSDT|5|1790334000000",7b0142b8330dc3ea88c196374d362b8e8e2b4ca667cef12a9efb2f451d4ba163,1790333700000,1790334000000,49.20437,-25.22227
"TV-FOOTPRINT-CALIBRATION-001|MM-V1|BINANCE:BTCUSDT|5|1790334300000",8288dcf455a61d8b29d33d12b36ee3c65459d7603e06400b5ec3f551f8d67c1d,1790334000000,1790334300000,50.13193,34.79531
"TV-FOOTPRINT-CALIBRATION-001|MM-V1|BINANCE:BTCUSDT|5|1790334600000",a5035c001a54612dafa82dd8bbbcc8b133141defa00f4684d8ad2921e8cac8ef,1790334300000,1790334600000,520.43637,286.11673
"TV-FOOTPRINT-CALIBRATION-001|MM-V1|BINANCE:BTCUSDT|5|1790334900000",bd1ead8226b065e3ad2c1348b55ef1a1e6525aaecc0754ae94194b0c42d39a5b,1790334600000,1790334900000,448.85611,239.68051
"TV-FOOTPRINT-CALIBRATION-001|MM-V1|BINANCE:BTCUSDT|5|1790335200000",7ed3f6179944a78a983ea53fcd4ac98e09ea58065bfe1936daa2ac2209f97319,1790334900000,1790335200000,257.28059,25.51921
"TV-FOOTPRINT-CALIBRATION-001|MM-V1|BINANCE:BTCUSDT|5|1790335500000",21498bf13d10d21be390e5582a0a26fe05e8849506d5e914a5fa5d1fdab7dc9b,1790335200000,1790335500000,88.9916,-32.00594
"TV-FOOTPRINT-CALIBRATION-001|MM-V1|BINANCE:BTCUSDT|5|1790335800000",abef6b3cfe7a19f4cfced905e5b4a781d3db045839d6f1dd6e412c8d26451b02,1790335500000,1790335800000,84.73322,-26.04762
"TV-FOOTPRINT-CALIBRATION-001|MM-V1|BINANCE:BTCUSDT|5|1790336100000",5bece867d394259dda7efa5b14613acaf8e466a13b2e72c02ea576ff187e4b19,1790335800000,1790336100000,52.45359,-7.75517
"TV-FOOTPRINT-CALIBRATION-001|MM-V1|BINANCE:BTCUSDT|5|1790336400000",1923114de14fcee3423ed301f95bcf1733b0a1182b61a71075f513301b5d3abf,1790336100000,1790336400000,79.4068,9.39722
"TV-FOOTPRINT-CALIBRATION-001|MM-V1|BINANCE:BTCUSDT|5|1790336700000",deea25869482608cd036d5b6b00f3bb03de45e007cb583c7bd42541e151beb15,1790336400000,1790336700000,59.1669,-17.22184
"TV-FOOTPRINT-CALIBRATION-001|MM-V1|BINANCE:BTCUSDT|5|1790337000000",b92c5451156048992151a5ff9f84bf3082be47a0317a0988cdc0a4e89b84805b,1790336700000,1790337000000,63.5512,-18.53752
"TV-FOOTPRINT-CALIBRATION-001|MM-V1|BINANCE:BTCUSDT|5|1790337300000",39b49466afc3c58a6f084a0fe2c21b8fe9b7a8ec5309369f16674ed5fa0b45f5,1790337000000,1790337300000,60.75069,11.63125
"TV-FOOTPRINT-CALIBRATION-001|MM-V1|BINANCE:BTCUSDT|5|1790337600000",192afb65f63f7bcdac0c67e45ba2b97b89358998e735dab9a63eeb706b76a797,1790337300000,1790337600000,33.54532,-9.93044
"TV-FOOTPRINT-CALIBRATION-001|MM-V1|BINANCE:BTCUSDT|5|1790337900000",2dc6dea36bafad12259ff1472ffe240ad77ddb400015cd114ded7624ae696238,1790337600000,1790337900000,114.55238,-23.33056
"TV-FOOTPRINT-CALIBRATION-001|MM-V1|BINANCE:BTCUSDT|5|1790338200000",60c542474faa5d2ffca1a9d4d504bb8bc7bf4d62699e79f41f6e84051122ef0c,1790337900000,1790338200000,56.98349,11.52087
"TV-FOOTPRINT-CALIBRATION-001|MM-V1|BINANCE:BTCUSDT|5|1790338500000",edc82c7be304f7d64e64274df4cf41f492a2ba12c7dfc4a3bc132da6c53fb2c2,1790338200000,1790338500000,185.53497,-86.06735
"TV-FOOTPRINT-CALIBRATION-001|MM-V1|BINANCE:BTCUSDT|5|1790338800000",6a2f3d6314d40f7006f4b64e028fb45d339adc1bd11e25e9812c16f2ce4f3510,1790338500000,1790338800000,270.29821,-106.22451
"TV-FOOTPRINT-CALIBRATION-001|MM-V1|BINANCE:BTCUSDT|5|1790339100000",c50137426c846429f39cd2aae23cbdfc7ec1d22c54eb871fad5786f32c4d7a58,1790338800000,1790339100000,95.48353,16.44353
"TV-FOOTPRINT-CALIBRATION-001|MM-V1|BINANCE:BTCUSDT|5|1790339400000",69a7eaa9ce161231ed6ec82e4662ee5b3816b104f99ac28ee748cb2a9e95cbe1,1790339100000,1790339400000,74.8589,10.2597
"TV-FOOTPRINT-CALIBRATION-001|MM-V1|BINANCE:BTCUSDT|5|1790339700000",44ab585ec94ff45aad88450bf48591f20e300c7e6f9072b253eeb27d3a3c21dc,1790339400000,1790339700000,88.60722,5.73116
"TV-FOOTPRINT-CALIBRATION-001|MM-V1|BINANCE:BTCUSDT|5|1790340000000",19929f7fd02eea2fcb3ae9940a4ed707852111706cee9fdc44131a3358b11fa5,1790339700000,1790340000000,62.29975,15.69543
"TV-FOOTPRINT-CALIBRATION-001|MM-V1|BINANCE:BTCUSDT|5|1790340300000",8f7de4dd1ca2db85dd4f5b1cdef5366912193688483189bb162b6864f639058e,1790340000000,1790340300000,85.89689,-11.70137
"TV-FOOTPRINT-CALIBRATION-001|MM-V1|BINANCE:BTCUSDT|5|1790340600000",04cf0d3141a0cd982d3b252488b68fbf59ddf3ec5fe1d1e1ed25cf25cf4184a0,1790340300000,1790340600000,101.57483,12.64199
"TV-FOOTPRINT-CALIBRATION-001|MM-V1|BINANCE:BTCUSDT|5|1790340900000",3cc76ee9154518b6d830cddf805ac74fc0f0e4cc61b71b34e5ec27bcb5a28d7b,1790340600000,1790340900000,73.99364,6.293
"TV-FOOTPRINT-CALIBRATION-001|MM-V1|BINANCE:BTCUSDT|5|1790341200000",6ddb3d2371f78af04535038df9ff2d76b0f9910212206858d4dc8fa5491c4191,1790340900000,1790341200000,82.95528,26.84964
"TV-FOOTPRINT-CALIBRATION-001|MM-V1|BINANCE:BTCUSDT|5|1790341500000",68ddd39e01de0d25f0bdd8d3fa89897347e5735846bbc5c26dd3d6936098e839,1790341200000,1790341500000,114.18757,27.08381
"TV-FOOTPRINT-CALIBRATION-001|MM-V1|BINANCE:BTCUSDT|5|1790341800000",71953419b1b489ec19a454817fee6f08d7f9719ad876fdbb879a11c9e5f3fbab,1790341500000,1790341800000,76.54315,16.72363
"TV-FOOTPRINT-CALIBRATION-001|MM-V1|BINANCE:BTCUSDT|5|1790342100000",2592be80aaaa1994e1674606d1764e9b5c9db0315bc9f33ccd7075abd4b8ae88,1790341800000,1790342100000,67.44729,10.46615
"TV-FOOTPRINT-CALIBRATION-001|MM-V1|BINANCE:BTCUSDT|5|1790342400000",a1070e566631780d8fb7156fdddecde4dd4c4236c3349b1359a73c9e6ec1fc8e,1790342100000,1790342400000,193.96412,79.10384
"TV-FOOTPRINT-CALIBRATION-001|MM-V1|BINANCE:BTCUSDT|5|1790342700000",d972ef13cadc9fe66617c51fe896a4f6ca72e1c33860c9887f3fb434c0997b88,1790342400000,1790342700000,74.71301,4.31889
"TV-FOOTPRINT-CALIBRATION-001|MM-V1|BINANCE:BTCUSDT|5|1790343000000",24ca456bd3ef0cca1b83ea61333be3da212d8582d4e19274196d332ca66fe9a4,1790342700000,1790343000000,114.76634,-42.68022
"TV-FOOTPRINT-CALIBRATION-001|MM-V1|BINANCE:BTCUSDT|5|1790343300000",9e570453421597939f9e6d6b9b8534d61da306809d217704b429f2addb9e965e,1790343000000,1790343300000,257.65742,-95.18402
"TV-FOOTPRINT-CALIBRATION-001|MM-V1|BINANCE:BTCUSDT|5|1790343600000",883e377a3bb17e9d8c2eabc02828b823c8c33a6519d415fbec7394053dd45acb,1790343300000,1790343600000,115.63454,3.02436
"TV-FOOTPRINT-CALIBRATION-001|MM-V1|BINANCE:BTCUSDT|5|1790343900000",44511475aa87db2ff3ddd87282caaf513673c3f64ae2ed5e6575c7eca5077a54,1790343600000,1790343900000,153.59313,-43.34665
"TV-FOOTPRINT-CALIBRATION-001|MM-V1|BINANCE:BTCUSDT|5|1790344200000",cf267d8886b38538841549c2be28135599a769e62afde9796c6c4ee9dec6cac0,1790343900000,1790344200000,281.7833,-58.08276
"TV-FOOTPRINT-CALIBRATION-001|MM-V1|BINANCE:BTCUSDT|5|1790344500000",e94139db43c56790fc632fc33f46572f6744f84a3c04841d4187740362b23909,1790344200000,1790344500000,121.66764,14.29522
"TV-FOOTPRINT-CALIBRATION-001|MM-V1|BINANCE:BTCUSDT|5|1790344800000",5004d7f436103875e2f1e828914b6208b3ab9cac8e5cd4dee1d09da394431ca2,1790344500000,1790344800000,74.66017,-19.34093
"TV-FOOTPRINT-CALIBRATION-001|MM-V1|BINANCE:BTCUSDT|5|1790345100000",700af46864888ca041edba58a2417cfd189267d2445b0a54ab9fbe2c1bc9383b,1790344800000,1790345100000,478.88207,-285.20991
"TV-FOOTPRINT-CALIBRATION-001|MM-V1|BINANCE:BTCUSDT|5|1790345400000",72681231c055ea8d07dd182f48b4894c61889d3b3b14ee038039bdffff7a3a07,1790345100000,1790345400000,307.4746,1.42528
"TV-FOOTPRINT-CALIBRATION-001|MM-V1|BINANCE:BTCUSDT|5|1790345700000",1b02477cc77a086901eb67af6b6219db0e35f9180a9d6621acd55fad92ac5bc3,1790345400000,1790345700000,150.61867,-5.12629
"TV-FOOTPRINT-CALIBRATION-001|MM-V1|BINANCE:BTCUSDT|5|1790346000000",8ef51185e741ce026ef674e00aac6658dae9463fe8129a6feaf44232f9d56dc4,1790345700000,1790346000000,123.30248,-17.03194
"TV-FOOTPRINT-CALIBRATION-001|MM-V1|BINANCE:BTCUSDT|5|1790346300000",ba605bf28c27b9fc6ed40c08ac9980ed257251ef49017d9999767bc14379a8d6,1790346000000,1790346300000,102.63012,-6.72522
"TV-FOOTPRINT-CALIBRATION-001|MM-V1|BINANCE:BTCUSDT|5|1790346600000",6bc572504b74aa7136ebd6f354416f0fad115826f77982c93f98d99c19fcbf1b,1790346300000,1790346600000,78.50883,-16.11235
"TV-FOOTPRINT-CALIBRATION-001|MM-V1|BINANCE:BTCUSDT|5|1790346900000",96f2699846b628c072505a00aa719ccc62bd2e958443229205c9bab20879c9d2,1790346600000,1790346900000,142.20051,20.29509
"TV-FOOTPRINT-CALIBRATION-001|MM-V1|BINANCE:BTCUSDT|5|1790347200000",7365ab33dc77b2619200b0d6a36de28dbaf47124d37522aa9b64a354f5efed92,1790346900000,1790347200000,98.85722,-44.0439
"TV-FOOTPRINT-CALIBRATION-001|MM-V1|BINANCE:BTCUSDT|5|1790347500000",c8bbb73ed174f722be8357273807a7da6153aec011af2d7284cefd26bb2482e3,1790347200000,1790347500000,114.16307,-8.30803
"TV-FOOTPRINT-CALIBRATION-001|MM-V1|BINANCE:BTCUSDT|5|1790347800000",2f5c5d408efce00c85b58a6a9f09fec94647505fc18e2baab5ea32a0a4901ae0,1790347500000,1790347800000,248.16036,102.372
"TV-FOOTPRINT-CALIBRATION-001|MM-V1|BINANCE:BTCUSDT|5|1790348100000",440f5cae8077976d72e8730e995103086de6b0d52f8d610203c54908173e3521,1790347800000,1790348100000,87.11956,-22.98292
"TV-FOOTPRINT-CALIBRATION-001|MM-V1|BINANCE:BTCUSDT|5|1790348400000",4cfbf2e88dec1fc9eef999539b905d758a0a54291617afbc0be03866dd7d0be4,1790348100000,1790348400000,114.9153,44.28126
"TV-FOOTPRINT-CALIBRATION-001|MM-V1|BINANCE:BTCUSDT|5|1790348700000",2e4db966eaf49942d069004bbb9d299bea1f709bd25579468becaf71a013b92c,1790348400000,1790348700000,143.05944,-9.86904
"TV-FOOTPRINT-CALIBRATION-001|MM-V1|BINANCE:BTCUSDT|5|1790349000000",d3e88c8a3fb5d215e473e35e2efb6fc0442ac0096a2e0a06638333867a01009b,1790348700000,1790349000000,64.62824,-6.32472
"TV-FOOTPRINT-CALIBRATION-001|MM-V1|BINANCE:BTCUSDT|5|1790349300000",c23fa12d17987574c443dab21be93e6b21ebf97c985fe16bd0948bd94a8ac9b1,1790349000000,1790349300000,68.4977,6.01066
"TV-FOOTPRINT-CALIBRATION-001|MM-V1|BINANCE:BTCUSDT|5|1790349600000",5d29750eeb2e6c4e4714a1b7ac4dc2fef8835c6d23d7b1a9d24e03084f8e434b,1790349300000,1790349600000,114.89422,-21.26078
"TV-FOOTPRINT-CALIBRATION-001|MM-V1|BINANCE:BTCUSDT|5|1790349900000",d826d499494efd70f0fe614e7281b17c9e3854e41cc9874af45c79444dfb3974,1790349600000,1790349900000,126.61367,2.44313
"TV-FOOTPRINT-CALIBRATION-001|MM-V1|BINANCE:BTCUSDT|5|1790350200000",5488eea2ec63b3e4e4d140301c8367ff377064ae9a5f8d61a330bf379d4d3da6,1790349900000,1790350200000,74.6574,-26.7376
"TV-FOOTPRINT-CALIBRATION-001|MM-V1|BINANCE:BTCUSDT|5|1790350500000",8db2013dfbba1570a87db770e4d580f931dee7b4935eaecc6dbeb139daa205ef,1790350200000,1790350500000,94.94807,-2.38753
"TV-FOOTPRINT-CALIBRATION-001|MM-V1|BINANCE:BTCUSDT|5|1790350800000",b34d2d95d5f0a3e6374e3b71b91aa3b62916c75ab7e8a3d8fdee583d244858cc,1790350500000,1790350800000,161.60588,-80.68484
"TV-FOOTPRINT-CALIBRATION-001|MM-V1|BINANCE:BTCUSDT|5|1790351100000",a3ac2227fd10c3f22ffb791a24b1fb843aa408b54004878406737a668f4d37f6,1790350800000,1790351100000,103.11261,-29.56031
"TV-FOOTPRINT-CALIBRATION-001|MM-V1|BINANCE:BTCUSDT|5|1790351400000",8a9e8b026f7277125511fc61178f64ca2351904106bea4d18ae4b60bfc3ded5b,1790351100000,1790351400000,66.64159,-15.19037
"TV-FOOTPRINT-CALIBRATION-001|MM-V1|BINANCE:BTCUSDT|5|1790351700000",41340eb445f716661342a08feee9c4e1caf4ecacc766203cacfafa1516ace1a1,1790351400000,1790351700000,86.01102,-34.97312
"TV-FOOTPRINT-CALIBRATION-001|MM-V1|BINANCE:BTCUSDT|5|1790352000000",4429372ef6e38bebb8788cfac88b4f4140dfbcc09a89050a4a33a3d2bd713b67,1790351700000,1790352000000,71.8233,7.3444
"TV-FOOTPRINT-CALIBRATION-001|MM-V1|BINANCE:BTCUSDT|5|1790352300000",438cd41ceced72886e9a255206d89d7dca50c48f97190f24fc31c6954b9f4ae0,1790352000000,1790352300000,195.93212,102.90876
"TV-FOOTPRINT-CALIBRATION-001|MM-V1|BINANCE:BTCUSDT|5|1790352600000",fed11f20afb5b2de3dc66b152707140b4091de71b73973d90e8e1e646d586cd3,1790352300000,1790352600000,104.71783,15.92405
"TV-FOOTPRINT-CALIBRATION-001|MM-V1|BINANCE:BTCUSDT|5|1790352900000",03a8a69bd6b269767614201fc9326c5efe567014bd03e1490aba09d1098d5b20,1790352600000,1790352900000,69.06064,-11.6724
"TV-FOOTPRINT-CALIBRATION-001|MM-V1|BINANCE:BTCUSDT|5|1790353200000",b268c92a31aefce24013b8956a02a12edec09640ecd07d8734842ab87f7b1744,1790352900000,1790353200000,61.41057,-3.95863
"TV-FOOTPRINT-CALIBRATION-001|MM-V1|BINANCE:BTCUSDT|5|1790353500000",762e0b9c9d8ebc9f3e293b718f328ba6cf0130fc44ee43c3aae693c510597ac0,1790353200000,1790353500000,30.1051,-5.90124
"TV-FOOTPRINT-CALIBRATION-001|MM-V1|BINANCE:BTCUSDT|5|1790353800000",bc7658f387c81e03fe6c07223698917946cb5e8ab2d1be511d2686ef0637ef37,1790353500000,1790353800000,50.34114,-13.45382
"TV-FOOTPRINT-CALIBRATION-001|MM-V1|BINANCE:BTCUSDT|5|1790354100000",c56566235f16b1fc96f2752484028395c466c6eb9ef6950dc169e95e6e1d30e5,1790353800000,1790354100000,90.79113,-40.66365
"TV-FOOTPRINT-CALIBRATION-001|MM-V1|BINANCE:BTCUSDT|5|1790354400000",601e0a0607a83697a661b55f4f7b6e4994e9328a30d3bdf6c335fc04e3e11b8f,1790354100000,1790354400000,41.17147,4.81501
"TV-FOOTPRINT-CALIBRATION-001|MM-V1|BINANCE:BTCUSDT|5|1790354700000",1c4caaa73d0db91c5caf8a42b89da70b867ead6363dffa811e8f34fc8163481d,1790354400000,1790354700000,39.81111,-2.58403
"TV-FOOTPRINT-CALIBRATION-001|MM-V1|BINANCE:BTCUSDT|5|1790355000000",832ff8b9b03635018d6a52d000a459b6e0f28d789beedaeb166048b63e63cfd5,1790354700000,1790355000000,48.87623,-3.92275
"TV-FOOTPRINT-CALIBRATION-001|MM-V1|BINANCE:BTCUSDT|5|1790355300000",f8b1717f55ea938fa586b709a96731d188c87a277884d4d909b4285cbda24930,1790355000000,1790355300000,28.24768,-1.59708
"TV-FOOTPRINT-CALIBRATION-001|MM-V1|BINANCE:BTCUSDT|5|1790355600000",190f063c0e612a0d06aabb4a7e3bff68c7eb05260675250f23c1aef1c0f324fc,1790355300000,1790355600000,26.65257,-11.05677
"TV-FOOTPRINT-CALIBRATION-001|MM-V1|BINANCE:BTCUSDT|5|1790355900000",1c88d424015ef79a000abcad2f283931ec94ed323dc428643fd4c0f857aefade,1790355600000,1790355900000,58.27273,13.03859
"TV-FOOTPRINT-CALIBRATION-001|MM-V1|BINANCE:BTCUSDT|5|1790356200000",05ce5496e4293f9fa8bf3ff742e3841fa8c22abd85e9f5192502eb50d7c0aa34,1790355900000,1790356200000,67.06936,-14.39238
"TV-FOOTPRINT-CALIBRATION-001|MM-V1|BINANCE:BTCUSDT|5|1790356500000",6acfcbc9ba2dd0824df4820a510a55466dda9854522586fd4cb7c64ad048de49,1790356200000,1790356500000,33.83878,-2.15936
"TV-FOOTPRINT-CALIBRATION-001|MM-V1|BINANCE:BTCUSDT|5|1790356800000",9375c98c2a99c6fb9b0e8164660db8190bbd5cc9bd01e4e8f685c5c32b2f356a,1790356500000,1790356800000,71.03575,-7.45869
"TV-FOOTPRINT-CALIBRATION-001|MM-V1|BINANCE:BTCUSDT|5|1790357100000",79c7142361ccacfe8e64c442d041ca2690eea733fa05348689c9a199712797f7,1790356800000,1790357100000,52.36024,-8.16794
"TV-FOOTPRINT-CALIBRATION-001|MM-V1|BINANCE:BTCUSDT|5|1790357400000",282edd3f9b402f34613796de38b0ccb025a110af28b51ef89c474bd3324c40df,1790357100000,1790357400000,54.03347,-18.52627
"TV-FOOTPRINT-CALIBRATION-001|MM-V1|BINANCE:BTCUSDT|5|1790357700000",a79571c5f089f0292501d5f895742e53672d95bbecdb6fdc91dcd5c88da863c5,1790357400000,1790357700000,55.92606,-5.07712
"TV-FOOTPRINT-CALIBRATION-001|MM-V1|BINANCE:BTCUSDT|5|1790358000000",86fc76b9665e4b1b72fdb6717ef62bf74ae683efaa341f20cd6960d7704ffdfd,1790357700000,1790358000000,45.78868,-4.48648
"TV-FOOTPRINT-CALIBRATION-001|MM-V1|BINANCE:BTCUSDT|5|1790358300000",c6d4d033232ccc3e1ea548d6ccd3eb78d959d80014c8e86256e44b9034a4b02c,1790358000000,1790358300000,53.22925,13.26503
"TV-FOOTPRINT-CALIBRATION-001|MM-V1|BINANCE:BTCUSDT|5|1790358600000",75ef518390ad6fa97b665d1b7070c5f2202720e72618ad29062253df77396d22,1790358300000,1790358600000,24.52363,-3.90475
"TV-FOOTPRINT-CALIBRATION-001|MM-V1|BINANCE:BTCUSDT|5|1790358900000",d63b6472d8df45a15c0e35ac481d654a8628119d6dfe4c9a8686b4807c1fe19e,1790358600000,1790358900000,40.42616,6.74544
"TV-FOOTPRINT-CALIBRATION-001|MM-V1|BINANCE:BTCUSDT|5|1790359200000",9b1cd72e069d00a3a4cfa89ec3be1e2995f96e7f9cf2c476656ba29411c33b32,1790358900000,1790359200000,38.35518,17.07734
"TV-FOOTPRINT-CALIBRATION-001|MM-V1|BINANCE:BTCUSDT|5|1790359500000",3bf5fb1cb11efe196d12f78eca242758dd69df4d80c12fbf11e36ab699a42f05,1790359200000,1790359500000,30.35877,2.71449
"TV-FOOTPRINT-CALIBRATION-001|MM-V1|BINANCE:BTCUSDT|5|1790359800000",9c526e80437c12e97a262fa0ed90fe1b8b69841300578a9aa40c3f7cfd7085fc,1790359500000,1790359800000,28.73622,3.30214
"TV-FOOTPRINT-CALIBRATION-001|MM-V1|BINANCE:BTCUSDT|5|1790360100000",fb29ece1b55a109c41234590de492f3e5abb66225d41a29c58a2fc9d936438cd,1790359800000,1790360100000,29.351,-2.6573
"TV-FOOTPRINT-CALIBRATION-001|MM-V1|BINANCE:BTCUSDT|5|1790360400000",6c42dcbc6822fbb3f56f498387d5c2184e79218cc85de89365e63714f9ec529a,1790360100000,1790360400000,25.96241,2.68405
"TV-FOOTPRINT-CALIBRATION-001|MM-V1|BINANCE:BTCUSDT|5|1790360700000",ae35f02973179527ba68fc9be7f60b0c82d21ab0c6325ff80efb2bf577e72e8d,1790360400000,1790360700000,39.92869,-13.29983
"TV-FOOTPRINT-CALIBRATION-001|MM-V1|BINANCE:BTCUSDT|5|1790361000000",5d00b7a8bd9926190c8cf9f320c09bd87394f1bfdf1467adc845d9e17a910581,1790360700000,1790361000000,50.43144,-2.2225
"TV-FOOTPRINT-CALIBRATION-001|MM-V1|BINANCE:BTCUSDT|5|1790361300000",9fc2d727a303bcbee28c3455704807e4afb7931ea051ebc63493f0ea7d95994d,1790361000000,1790361300000,27.58794,-2.17782
"TV-FOOTPRINT-CALIBRATION-001|MM-V1|BINANCE:BTCUSDT|5|1790361600000",8c97961cbd7cca9ebe48868fb5699fd89dd433d9b423b3abfda9501570d84b7a,1790361300000,1790361600000,37.11951,-8.03877
"TV-FOOTPRINT-CALIBRATION-001|MM-V1|BINANCE:BTCUSDT|5|1790361900000",00d93a3057f9924b379e4452830144895af914f40c5c02e8d752ee78a1a64cb2,1790361600000,1790361900000,18.8849,-3.44722
"TV-FOOTPRINT-CALIBRATION-001|MM-V1|BINANCE:BTCUSDT|5|1790362200000",57fb118c39a9ab6ee8e03a79510edd8029c801d30fab8606db07fc4bf9e197f5,1790361900000,1790362200000,18.2865,-4.8412
"TV-FOOTPRINT-CALIBRATION-001|MM-V1|BINANCE:BTCUSDT|5|1790362500000",0bdf6e46cccf1e847214099540cf8661cae01652fe93c50bcd9ea48bc689d69d,1790362200000,1790362500000,20.46747,5.64037
"TV-FOOTPRINT-CALIBRATION-001|MM-V1|BINANCE:BTCUSDT|5|1790362800000",8b4f0e1b4eb346deed25ebea4a246aa57731b09fa43083959b817ca78d5f65b7,1790362500000,1790362800000,13.98723,1.06119
"TV-FOOTPRINT-CALIBRATION-001|MM-V1|BINANCE:BTCUSDT|5|1790363100000",d670c89c69dff37081e0792a46d1e2270238e4e56556782b0d706aa12574e211,1790362800000,1790363100000,33.852,1.34528
"TV-FOOTPRINT-CALIBRATION-001|MM-V1|BINANCE:BTCUSDT|5|1790363400000",337a98478f73d4ce0545024085c6402f9e594f5b3d6b83a790946874c9d08384,1790363100000,1790363400000,27.02664,-8.68398
"TV-FOOTPRINT-CALIBRATION-001|MM-V1|BINANCE:BTCUSDT|5|1790363700000",5dca7d989e7ba3134be6948ec024e94066d08326d2bc40aa28257324880adda2,1790363400000,1790363700000,33.52409,2.52473
"TV-FOOTPRINT-CALIBRATION-001|MM-V1|BINANCE:BTCUSDT|5|1790364000000",b73a66a170908b1772e4c020efacaeb340ecd32412fd60af9dfd25ca960dd4d1,1790363700000,1790364000000,25.17906,-6.96608
"TV-FOOTPRINT-CALIBRATION-001|MM-V1|BINANCE:BTCUSDT|5|1790364300000",e73048ee4f91f1ef646283386d066d8bf17b3a5b0bea4ea48e82a12c3e732a80,1790364000000,1790364300000,22.14242,-7.24004
"TV-FOOTPRINT-CALIBRATION-001|MM-V1|BINANCE:BTCUSDT|5|1790364600000",aebaf8bd365f291470cc084fa516e66c61c8c2cf9b2146cb925864f329f26570,1790364300000,1790364600000,23.37244,1.9838
"TV-FOOTPRINT-CALIBRATION-001|MM-V1|BINANCE:BTCUSDT|5|1790364900000",b45b10cc5188ff49beeeafd3ea0b57e667fe352e32d8bb052db316df035e3a9e,1790364600000,1790364900000,16.01543,1.21583
"TV-FOOTPRINT-CALIBRATION-001|MM-V1|BINANCE:BTCUSDT|5|1790365200000",f9a9f2e8e11f042cdd5a8aa5d767976a15ff86acea829bb0abb0f9fb74d726e7,1790364900000,1790365200000,45.29268,-0.69782
"TV-FOOTPRINT-CALIBRATION-001|MM-V1|BINANCE:BTCUSDT|5|1790365500000",84a56f3a91e9d6c6df7cc2cef4d5e930a6a6f762b36bfe1c3fe7f8c8b317622a,1790365200000,1790365500000,16.35471,-0.01081
"TV-FOOTPRINT-CALIBRATION-001|MM-V1|BINANCE:BTCUSDT|5|1790365800000",65e952d1da0f600baea1ca458f056947f658d25cc072a2dfcb84e2c3ffad1fbc,1790365500000,1790365800000,30.99793,6.54275
"TV-FOOTPRINT-CALIBRATION-001|MM-V1|BINANCE:BTCUSDT|5|1790366100000",c9ade5f7daa649e249ce00b0c63a744753488abe2fd19252e28dd5490ad26bff,1790365800000,1790366100000,28.85912,-9.14456
"TV-FOOTPRINT-CALIBRATION-001|MM-V1|BINANCE:BTCUSDT|5|1790366400000",2564fae388ac8954dab284b7206b0a3c8a92559b9c3335724c5f70cd00e00889,1790366100000,1790366400000,26.31935,-1.07837
"TV-FOOTPRINT-CALIBRATION-001|MM-V1|BINANCE:BTCUSDT|5|1790366700000",15ac4e5caf65baeaa950e94132762c47c155f9899ec1925ddf02c600e4e8326e,1790366400000,1790366700000,24.57331,-8.76129
"TV-FOOTPRINT-CALIBRATION-001|MM-V1|BINANCE:BTCUSDT|5|1790367000000",07908ee4e9445bbae1a1e1fd89b2bb2c13781fa3eb34bb7a92e1dc939f8b0043,1790366700000,1790367000000,20.65082,5.1054
"TV-FOOTPRINT-CALIBRATION-001|MM-V1|BINANCE:BTCUSDT|5|1790367300000",e1dcde073cd82c146d717e9ff969e6d7b8ad76f6f57cc048f4bf0b046c2d6a67,1790367000000,1790367300000,19.062,1.25536
"TV-FOOTPRINT-CALIBRATION-001|MM-V1|BINANCE:BTCUSDT|5|1790367600000",bc8fcd02888061bdcddc8d5e70fc32aef547fc056494de64080f5a7bf1530456,1790367300000,1790367600000,11.98874,-3.76572
"TV-FOOTPRINT-CALIBRATION-001|MM-V1|BINANCE:BTCUSDT|5|1790367900000",d2d7136e3c3c8151dc2e689a411b8776e416ed55c50db3067aa2dd5d22522c0e,1790367600000,1790367900000,53.30415,17.27117
"TV-FOOTPRINT-CALIBRATION-001|MM-V1|BINANCE:BTCUSDT|5|1790368200000",59f099096bcc304605ea5a0fe97d15ffa29ec22ed6633fe00ec6395c6c2f7e35,1790367900000,1790368200000,18.76109,-8.76437
"TV-FOOTPRINT-CALIBRATION-001|MM-V1|BINANCE:BTCUSDT|5|1790368500000",e04619595d847a8baf91406c4a3572d1f52a021e11b02038d1f8fceea4bca989,1790368200000,1790368500000,8.93768,0.47116
"TV-FOOTPRINT-CALIBRATION-001|MM-V1|BINANCE:BTCUSDT|5|1790368800000",feb52aa27f51b133dc0aa0d9a5c710232bccfed48229e9d7ae5ba2f84a3b5b09,1790368500000,1790368800000,46.94423,23.94437
"TV-FOOTPRINT-CALIBRATION-001|MM-V1|BINANCE:BTCUSDT|5|1790369100000",1b644e2860a1f18d548f818d9838c30bc410bea9cc2fea972c0fb88de6175cd2,1790368800000,1790369100000,25.17771,-2.43785
"TV-FOOTPRINT-CALIBRATION-001|MM-V1|BINANCE:BTCUSDT|5|1790369400000",ec39e3a2bf95d3694150a998e64cde25cb16a6438ee64876eba8905ab5c78e01,1790369100000,1790369400000,17.18611,-2.17845
"TV-FOOTPRINT-CALIBRATION-001|MM-V1|BINANCE:BTCUSDT|5|1790369700000",d399ace8f7a6c309e734b240dffaabdfb5fd94435d175c493c880601f0d0d8ce,1790369400000,1790369700000,31.2046,-12.18336
"TV-FOOTPRINT-CALIBRATION-001|MM-V1|BINANCE:BTCUSDT|5|1790370000000",643a0407097c530baa69273147fce5fe5651e338242b6d20457a670bbb6aaf7c,1790369700000,1790370000000,31.08768,-12.16118
"TV-FOOTPRINT-CALIBRATION-001|MM-V1|BINANCE:BTCUSDT|5|1790370300000",279ebe25eb4fa853de4f0a2d965fb00c9bd1258f200a3265d9f97f5bbad3ac6e,1790370000000,1790370300000,22.04148,2.87338
"TV-FOOTPRINT-CALIBRATION-001|MM-V1|BINANCE:BTCUSDT|5|1790370600000",2ac92148b08adb1732ee6726fc0cb0340dfe27000b32951e9d9974f1946eeccd,1790370300000,1790370600000,78.63233,-31.94333
"TV-FOOTPRINT-CALIBRATION-001|MM-V1|BINANCE:BTCUSDT|5|1790370900000",5837d51236a90465c63d63e675b2b962883ec626424d0ef1281a78d0b38069ff,1790370600000,1790370900000,27.58427,-15.64017
"TV-FOOTPRINT-CALIBRATION-001|MM-V1|BINANCE:BTCUSDT|5|1790371200000",e62e0bf58b3a56f6d8be1e68aa8ac7f24ddc706b451a84296716a93e788e1b55,1790370900000,1790371200000,32.15385,-12.79877
"TV-FOOTPRINT-CALIBRATION-001|MM-V1|BINANCE:BTCUSDT|5|1790371500000",35e3f05af1ac6b0f554352ffde96c88e1804d5969a1799e0de30951a0e3e6381,1790371200000,1790371500000,26.5637,13.53758
"TV-FOOTPRINT-CALIBRATION-001|MM-V1|BINANCE:BTCUSDT|5|1790371800000",8816d85679d3bbe39312f746d6d20826bb5c7364f3f3535c861fc5eb3e812945,1790371500000,1790371800000,11.39268,2.92768
"TV-FOOTPRINT-CALIBRATION-001|MM-V1|BINANCE:BTCUSDT|5|1790372100000",0dda948e5d0db37aba4ea594c393c4358bab896d364c9f68de9694f1d59b741e,1790371800000,1790372100000,12.44646,1.48452
"TV-FOOTPRINT-CALIBRATION-001|MM-V1|BINANCE:BTCUSDT|5|1790372400000",a745f617c12b8c02f4f816612b029083402d74df06d2cb8efb1ded954e42e59f,1790372100000,1790372400000,26.58515,-4.36101
"TV-FOOTPRINT-CALIBRATION-001|MM-V1|BINANCE:BTCUSDT|5|1790372700000",fadd7d9d319dfdc7d47165ff07f9d3f57695ffb4a26f9e69e38c17e22fba879e,1790372400000,1790372700000,14.28147,-1.49303
"TV-FOOTPRINT-CALIBRATION-001|MM-V1|BINANCE:BTCUSDT|5|1790373000000",fa96e52e95fbbbbcac3eae93c22df63ab9aec1b691b30f6e5316873f54074525,1790372700000,1790373000000,8.30747,-1.18589
"TV-FOOTPRINT-CALIBRATION-001|MM-V1|BINANCE:BTCUSDT|5|1790373300000",6c1188d79f6dea7b1f8d3f723da0d23a291effe62ac5303b866b878b548e8396,1790373000000,1790373300000,12.29558,-6.18048
"TV-FOOTPRINT-CALIBRATION-001|MM-V1|BINANCE:BTCUSDT|5|1790373600000",f380157a032d2266bcd53584b3a8c19592ed2928daa46ddeeea9b4cc919f3ae4,1790373300000,1790373600000,93.5448,-80.03464
"TV-FOOTPRINT-CALIBRATION-001|MM-V1|BINANCE:BTCUSDT|5|1790373900000",ae548b93aa3c2d3776ca6fa4282a00351f1f961a17e6279346e012015a5f284e,1790373600000,1790373900000,15.52062,2.7521
"TV-FOOTPRINT-CALIBRATION-001|MM-V1|BINANCE:BTCUSDT|5|1790374200000",32117e939047b19801f1165d2cb1d3988d4259fe3e44bc46880618647f2d13d1,1790373900000,1790374200000,15.53941,4.39547
"TV-FOOTPRINT-CALIBRATION-001|MM-V1|BINANCE:BTCUSDT|5|1790374500000",64e02bb49204a9d9d3b861716589cda253ad1286266bc12f5f507fbe0048e4a0,1790374200000,1790374500000,7.95695,1.10259
"TV-FOOTPRINT-CALIBRATION-001|MM-V1|BINANCE:BTCUSDT|5|1790374800000",8e972af233409a4ebb54c121268fdb67fbbb3cb1ff64426df82f6dbb6bee29ec,1790374500000,1790374800000,13.29322,9.21932
"TV-FOOTPRINT-CALIBRATION-001|MM-V1|BINANCE:BTCUSDT|5|1790375100000",12d81c2ba5ca3e43f67203ad77b1cdd49622fea7cb0385ce209d93d86db3ed25,1790374800000,1790375100000,36.78592,7.62204
"TV-FOOTPRINT-CALIBRATION-001|MM-V1|BINANCE:BTCUSDT|5|1790375400000",912606fdf2bf52042d2d0937f3f79d23508157061674d88eddb5f76b48799960,1790375100000,1790375400000,61.96385,-38.35401
"TV-FOOTPRINT-CALIBRATION-001|MM-V1|BINANCE:BTCUSDT|5|1790375700000",4dd453d636e2029e82906bd4be7d9c00ca422426c53cca5468b6426e1e1ed72d,1790375400000,1790375700000,15.72474,11.28254
"TV-FOOTPRINT-CALIBRATION-001|MM-V1|BINANCE:BTCUSDT|5|1790376000000",e752073247ce512c0fd8f309b7f99090c92f116c1b04878c4c6cdda51dc6f933,1790375700000,1790376000000,23.31673,10.24765
"TV-FOOTPRINT-CALIBRATION-001|MM-V1|BINANCE:BTCUSDT|5|1790376300000",10b627ba19ba4a735f235ed6e63f8e0845e6e372326cbc12325e2b9c4581a760,1790376000000,1790376300000,24.45717,4.11969
"TV-FOOTPRINT-CALIBRATION-001|MM-V1|BINANCE:BTCUSDT|5|1790376600000",12b74a91125b773c096826e57f51083a28e9773f0ef4bf8506fe2862b7ff30ab,1790376300000,1790376600000,26.78748,-18.64554
"TV-FOOTPRINT-CALIBRATION-001|MM-V1|BINANCE:BTCUSDT|5|1790376900000",b2059e9c2a7c81afe1faef8150ffe9636705bea1924ab4ff0e16c902614401c1,1790376600000,1790376900000,12.57337,5.39189
"TV-FOOTPRINT-CALIBRATION-001|MM-V1|BINANCE:BTCUSDT|5|1790377200000",d1378d356aaf2024210ef46ed75b3814a7680c32bd264c8cf6bdd8e001ac9b58,1790376900000,1790377200000,112.54649,47.08319
"TV-FOOTPRINT-CALIBRATION-001|MM-V1|BINANCE:BTCUSDT|5|1790377500000",7f5952e9bc4512fc2783e62c8c3518ec4d9ba255cf32638ed186f8b4f24c4131,1790377200000,1790377500000,7.40896,2.46152
"TV-FOOTPRINT-CALIBRATION-001|MM-V1|BINANCE:BTCUSDT|5|1790377800000",f757715a03d91597daa2938abf741e550538d1506210ae9fb1de98e4729afb19,1790377500000,1790377800000,16.37265,2.36837
"TV-FOOTPRINT-CALIBRATION-001|MM-V1|BINANCE:BTCUSDT|5|1790378100000",2d486dd47cab58c23fc5ff4176f4b9c775598adb45446eee47df860a5f7001ed,1790377800000,1790378100000,69.15933,39.06499
"TV-FOOTPRINT-CALIBRATION-001|MM-V1|BINANCE:BTCUSDT|5|1790378400000",9faab4c17ebb00d1cd8fdb7b1f91f9bd96e2b194730500b26a7e12de9d93ad16,1790378100000,1790378400000,9.81341,6.69181
"TV-FOOTPRINT-CALIBRATION-001|MM-V1|BINANCE:BTCUSDT|5|1790378700000",63ac06f1948b969efc10b787a597d821a39256e87f0c78a057afa8b0c5b400ad,1790378400000,1790378700000,15.78813,-6.65775
"TV-FOOTPRINT-CALIBRATION-001|MM-V1|BINANCE:BTCUSDT|5|1790379000000",04d896f22b73b466294e6ccb5d4704ba299a9f25f5de9d2281130d777546a1c9,1790378700000,1790379000000,80.61217,43.27285
"TV-FOOTPRINT-CALIBRATION-001|MM-V1|BINANCE:BTCUSDT|5|1790379300000",544c6f2b088aeeb2e06eddc25165d2ce3512cfd696262802ec70bdc2dc1824e4,1790379000000,1790379300000,33.64313,13.90667
"TV-FOOTPRINT-CALIBRATION-001|MM-V1|BINANCE:BTCUSDT|5|1790379600000",a83606b5ae66c13d0cd4c9d049edbcc1e0606dccd18d33e4ae429067119ad942,1790379300000,1790379600000,7.45102,1.7596
"TV-FOOTPRINT-CALIBRATION-001|MM-V1|BINANCE:BTCUSDT|5|1790379900000",d990cb9b85463041a6e266031bd9e0617de1432d0bdead426a42e7efdabd4a90,1790379600000,1790379900000,22.25562,-10.29512
"TV-FOOTPRINT-CALIBRATION-001|MM-V1|BINANCE:BTCUSDT|5|1790380200000",871da4c3d39dffe1bc425497b59b7f28be7a2deacadc1e833849fd4cdaf43960,1790379900000,1790380200000,9.7109,-2.64748
"TV-FOOTPRINT-CALIBRATION-001|MM-V1|BINANCE:BTCUSDT|5|1790380500000",5c745dcc7a154a0c47b8f5c6b7198d95d8d0bcd318fbdcf1f2233e20ff1c4990,1790380200000,1790380500000,58.02828,-38.2906
"TV-FOOTPRINT-CALIBRATION-001|MM-V1|BINANCE:BTCUSDT|5|1790380800000",c817e1719158303a546d858ebbeb6b058b82bf2805b1eb0a105338ea3e38bc2c,1790380500000,1790380800000,57.24445,31.15553
"TV-FOOTPRINT-CALIBRATION-001|MM-V1|BINANCE:BTCUSDT|5|1790381100000",b4077904aa50af64980d67eed7cfe9409aeb2b25b413e0b555a85f447ad208ea,1790380800000,1790381100000,29.65939,-20.19091
"TV-FOOTPRINT-CALIBRATION-001|MM-V1|BINANCE:BTCUSDT|5|1790381400000",b78e5abeac1a8a4f17d27a5ce9fedf4c822d5631dc0ed622d0f9820c861cb4e2,1790381100000,1790381400000,55.00082,42.70478
"TV-FOOTPRINT-CALIBRATION-001|MM-V1|BINANCE:BTCUSDT|5|1790381700000",9a91c0ac56ff52e369cfa1490967bc4d9bd55597ac303dc0d8347cfed6d55a2b,1790381400000,1790381700000,27.96458,-9.82002
"TV-FOOTPRINT-CALIBRATION-001|MM-V1|BINANCE:BTCUSDT|5|1790382000000",c17bdb3db259809510848e9c2d6dca19f6698e983d6293d8023d14f11eec3163,1790381700000,1790382000000,26.09011,-12.84263
"TV-FOOTPRINT-CALIBRATION-001|MM-V1|BINANCE:BTCUSDT|5|1790382300000",f5645ca3c37f1fd9b093d79bd912b4e47554798a32fd9d521bb55e6ade0344d3,1790382000000,1790382300000,17.88834,-0.59498
"TV-FOOTPRINT-CALIBRATION-001|MM-V1|BINANCE:BTCUSDT|5|1790382600000",1c89e3c70a54f3ca4dfeca48bb11d57bbdea1aee969ec19c61b8972a5e958242,1790382300000,1790382600000,48.55243,-27.20073
"TV-FOOTPRINT-CALIBRATION-001|MM-V1|BINANCE:BTCUSDT|5|1790382900000",67061bb22d6ce05713babcd58ae5b18131762f79a8c3c073a5b4c7a73a559d48,1790382600000,1790382900000,38.33374,-15.69406
"TV-FOOTPRINT-CALIBRATION-001|MM-V1|BINANCE:BTCUSDT|5|1790383200000",1ba1b87107de1b193155ee7a099ed26d4d1e8788fb1c15eed1284c40775d76c8,1790382900000,1790383200000,46.66641,23.98023
"TV-FOOTPRINT-CALIBRATION-001|MM-V1|BINANCE:BTCUSDT|5|1790383500000",7cb91bc096f6cf6831df3a4a6d47bb6184f3398bffedc8a773ccdb6bf7df7842,1790383200000,1790383500000,48.37914,-18.45634
"TV-FOOTPRINT-CALIBRATION-001|MM-V1|BINANCE:BTCUSDT|5|1790383800000",72027bd25ea1cdb1f5c4792e0537fbde1dc1e02e56253efd5185eafd93f73398,1790383500000,1790383800000,9.39398,3.18242
"TV-FOOTPRINT-CALIBRATION-001|MM-V1|BINANCE:BTCUSDT|5|1790384100000",9e0a922e39f5d603ddc9963eadedb632d4faaac34c370dbdfb0f09bf2f67e54c,1790383800000,1790384100000,10.16099,-2.52177
"TV-FOOTPRINT-CALIBRATION-001|MM-V1|BINANCE:BTCUSDT|5|1790384400000",1b6af43eb85248a262e92cc69e7ff14ab3d7659449a0479a8f629f5cceac2e8d,1790384100000,1790384400000,26.53953,8.95975
"TV-FOOTPRINT-CALIBRATION-001|MM-V1|BINANCE:BTCUSDT|5|1790384700000",718655f048cc0afc3605c63bc871232a15d7d4ec954cb2710af56fad73905e69,1790384400000,1790384700000,80.02068,-21.17054
"TV-FOOTPRINT-CALIBRATION-001|MM-V1|BINANCE:BTCUSDT|5|1790385000000",9bc471a33f2c0d1bc770eb451b75395250d9a69992cc0aa6d1b2c8dcdbb06283,1790384700000,1790385000000,46.48076,-37.17344
"TV-FOOTPRINT-CALIBRATION-001|MM-V1|BINANCE:BTCUSDT|5|1790385300000",ab110cfdd91926763a30703b97ecaaa43095594f18659523b9960e2b28ce84fb,1790385000000,1790385300000,100.01071,77.86673
"TV-FOOTPRINT-CALIBRATION-001|MM-V1|BINANCE:BTCUSDT|5|1790385600000",10bdef4b0b52bef7ac378ff5d46c5a0be27e768485c5cc55f4c7fb1c5ab8bf7a,1790385300000,1790385600000,32.40748,-8.25668
"TV-FOOTPRINT-CALIBRATION-001|MM-V1|BINANCE:BTCUSDT|5|1790385900000",8bc489dd80dec67b72652378bfa05966b3562caac54635f9f61361da01a56d19,1790385600000,1790385900000,24.30673,-6.87591
"TV-FOOTPRINT-CALIBRATION-001|MM-V1|BINANCE:BTCUSDT|5|1790386200000",fd164e27dce323f014ab19693e3ce492f3acbac675aa0df6f339ba598dc27b95,1790385900000,1790386200000,6.0246,-2.07328
"TV-FOOTPRINT-CALIBRATION-001|MM-V1|BINANCE:BTCUSDT|5|1790386500000",49c35113ddfe9da9663fb3c638085cd8f2bc96cc21990f7faeb7919ccb9a2642,1790386200000,1790386500000,7.66839,1.16349
"TV-FOOTPRINT-CALIBRATION-001|MM-V1|BINANCE:BTCUSDT|5|1790386800000",0033a841baffeac493d7f73c098d375915ea4664fe8d842c9526f0bf1b577c6e,1790386500000,1790386800000,22.75377,1.56797
"TV-FOOTPRINT-CALIBRATION-001|MM-V1|BINANCE:BTCUSDT|5|1790387100000",6bd5e15176aff6737386a22a3fa8bbc866f4fd44da3f50e3e28276339ca72803,1790386800000,1790387100000,21.57169,4.83831
"TV-FOOTPRINT-CALIBRATION-001|MM-V1|BINANCE:BTCUSDT|5|1790387400000",78c7d4c49d85129c17be13104acf632b12de92c5e58e50a3dce5efd64bac05f5,1790387100000,1790387400000,18.14797,-10.27807
"TV-FOOTPRINT-CALIBRATION-001|MM-V1|BINANCE:BTCUSDT|5|1790387700000",7e151a0e2803e1e5f5a07c58eb5ab96be744ae68156f3260c35e8af2f48a0bb5,1790387400000,1790387700000,12.13649,1.18853
"TV-FOOTPRINT-CALIBRATION-001|MM-V1|BINANCE:BTCUSDT|5|1790388000000",308b5e1a512da64cd7b100fe0c89ae125fad5de3a50a321d4b4b9a7d50ee6712,1790387700000,1790388000000,8.82802,-4.40152
"TV-FOOTPRINT-CALIBRATION-001|MM-V1|BINANCE:BTCUSDT|5|1790388300000",dc49628ebcb91863273a2b61a67e79c6f4b8add696808f7927d3fd894f6314e6,1790388000000,1790388300000,19.04095,-3.43801
"TV-FOOTPRINT-CALIBRATION-001|MM-V1|BINANCE:BTCUSDT|5|1790388600000",00c546290fc692678f036375794466c14db2094bd0ac4655161e4fb1f1fe57a4,1790388300000,1790388600000,10.40387,-0.48963
"TV-FOOTPRINT-CALIBRATION-001|MM-V1|BINANCE:BTCUSDT|5|1790388900000",928e9e14993a02d7313f70773c42a3bfc1b4037c65e1a1ad47d44b159096bd74,1790388600000,1790388900000,18.79677,8.56019
"TV-FOOTPRINT-CALIBRATION-001|MM-V1|BINANCE:BTCUSDT|5|1790389200000",ef67655fe72530cd64d23ab8029037b027d16a18c05a237916e7baef8a3d3a3e,1790388900000,1790389200000,22.20743,9.43393
"TV-FOOTPRINT-CALIBRATION-001|MM-V1|BINANCE:BTCUSDT|5|1790389500000",b3bee7aa65b6cd3e5501f41c303e5af75b3173f26265996029e4927b900073a2,1790389200000,1790389500000,41.02128,-24.25552
"TV-FOOTPRINT-CALIBRATION-001|MM-V1|BINANCE:BTCUSDT|5|1790389800000",46e25ac9f5a17c45302121210305cc90c6a9929648c6e4f3a112b98ad891c778,1790389500000,1790389800000,13.94605,-7.37157
"TV-FOOTPRINT-CALIBRATION-001|MM-V1|BINANCE:BTCUSDT|5|1790390100000",5ea6f6dcdc41c786910bf3d5674287e1184137e44ef557706ae3c4a9cfaa4ec3,1790389800000,1790390100000,65.37133,9.49743
"TV-FOOTPRINT-CALIBRATION-001|MM-V1|BINANCE:BTCUSDT|5|1790390400000",ba1d953a7e535f45110e65b8784c133cb547924a07f8539c395020766124373d,1790390100000,1790390400000,24.78679,-5.23711
"TV-FOOTPRINT-CALIBRATION-001|MM-V1|BINANCE:BTCUSDT|5|1790390700000",83de6cf431af5f65128dd40e8e5f8e51aeb16028c0e9d7b57644d23644455fc2,1790390400000,1790390700000,53.46195,-27.43589
"TV-FOOTPRINT-CALIBRATION-001|MM-V1|BINANCE:BTCUSDT|5|1790391000000",7f4a569298c4585a0652350776c450df6a0ce132fad463cdc0d607b25343701f,1790390700000,1790391000000,26.47894,11.24468
"TV-FOOTPRINT-CALIBRATION-001|MM-V1|BINANCE:BTCUSDT|5|1790391300000",7ef036a266d771135aa34da39a8d29faf330cdfaef51a0e26566daccd6920d9d,1790391000000,1790391300000,7.17749,-1.33053
"TV-FOOTPRINT-CALIBRATION-001|MM-V1|BINANCE:BTCUSDT|5|1790391600000",b7caa895b6e188c70d06780c5ec51be481aaae72e0ba0f15eb560a84ec028a54,1790391300000,1790391600000,50.20648,-42.99954
"TV-FOOTPRINT-CALIBRATION-001|MM-V1|BINANCE:BTCUSDT|5|1790391900000",939b5158814586b0925391cf5d2c0e21e17d78df0ccdd87ff54cc23d5949c92d,1790391600000,1790391900000,8.44288,0.72456
"TV-FOOTPRINT-CALIBRATION-001|MM-V1|BINANCE:BTCUSDT|5|1790392200000",eabdb3fd6be9a3e24d355b65501779ef1e99b29926d22e4ef6b65042bfb46021,1790391900000,1790392200000,9.78767,0.26645
"TV-FOOTPRINT-CALIBRATION-001|MM-V1|BINANCE:BTCUSDT|5|1790392500000",fa23ebfd98e76e4960c69d190bc6e1d1679bd74c41f89ac0c9e81da439eb95d1,1790392200000,1790392500000,24.43158,-9.28442
"TV-FOOTPRINT-CALIBRATION-001|MM-V1|BINANCE:BTCUSDT|5|1790392800000",ccc60380364b38ff7646087c2f54494369af52ceb0a760b4c0d4c947f21641cd,1790392500000,1790392800000,12.93189,-8.88509
"TV-FOOTPRINT-CALIBRATION-001|MM-V1|BINANCE:BTCUSDT|5|1790393100000",5bff4cd4242e7ec3cb74c92f5ca2663b8cb8b4378ac010df0fb6595ea508063f,1790392800000,1790393100000,43.28117,12.60067
"TV-FOOTPRINT-CALIBRATION-001|MM-V1|BINANCE:BTCUSDT|5|1790393400000",9ff9f3abea30fec55d7672ff33bc9fab29ffa68c761eee72b3e4f499297538c8,1790393100000,1790393400000,18.65396,3.98696
"TV-FOOTPRINT-CALIBRATION-001|MM-V1|BINANCE:BTCUSDT|5|1790393700000",7a05d1328256b57b3f99afa66c965665e000941c804cd7bc9f8d8179387cf05c,1790393400000,1790393700000,19.05455,-8.22845
"TV-FOOTPRINT-CALIBRATION-001|MM-V1|BINANCE:BTCUSDT|5|1790394000000",f3a88c646fd595fe8056bc94490c2fac4cffaeaa2beb33cd67d1abd3afc0fe89,1790393700000,1790394000000,38.78427,29.19435
"TV-FOOTPRINT-CALIBRATION-001|MM-V1|BINANCE:BTCUSDT|5|1790394300000",42cce9048512fc6127bf55b5e9c7ed35eb41c4bedb2fbf4bfa226d9e3f1f126b,1790394000000,1790394300000,16.69641,-13.47095
"TV-FOOTPRINT-CALIBRATION-001|MM-V1|BINANCE:BTCUSDT|5|1790394600000",8c638cb5123595306b54a2c6402ecc639aea55c27f6f9654224d731170f736c1,1790394300000,1790394600000,5.87493,0.72427
"TV-FOOTPRINT-CALIBRATION-001|MM-V1|BINANCE:BTCUSDT|5|1790394900000",0e7e29bf283c9702d8586fac39f8b2217aae86fef12472073bd5b76ee97f43ed,1790394600000,1790394900000,28.72563,14.30551
"TV-FOOTPRINT-CALIBRATION-001|MM-V1|BINANCE:BTCUSDT|5|1790395200000",b35d16af92fde108f8d74d8533509e335163196d396367369223987c6cf0db3c,1790394900000,1790395200000,8.4708,-4.25886
"TV-FOOTPRINT-CALIBRATION-001|MM-V1|BINANCE:BTCUSDT|5|1790395500000",1509c4e4aa2fe12f87239d4bcf482fd173e8eab77d4bfb5bf154631cadcf4b87,1790395200000,1790395500000,17.0003,0.98042
"TV-FOOTPRINT-CALIBRATION-001|MM-V1|BINANCE:BTCUSDT|5|1790395800000",2bcb9e3121257415d5dbc62cb53c9da9cb26922620050218083567f2467df559,1790395500000,1790395800000,34.55565,17.40289
"TV-FOOTPRINT-CALIBRATION-001|MM-V1|BINANCE:BTCUSDT|5|1790396100000",35eea2aa1fff4ece6cdd8ea48b6e76e70d65e45d8460f94be6ab6f0ac7e3aca8,1790395800000,1790396100000,14.66121,-0.53505
"TV-FOOTPRINT-CALIBRATION-001|MM-V1|BINANCE:BTCUSDT|5|1790396400000",dbebde8626f52761bb35106813057737f4ebfb07421c0d8e07cf4dd7243e0e5c,1790396100000,1790396400000,22.10377,13.10211
"TV-FOOTPRINT-CALIBRATION-001|MM-V1|BINANCE:BTCUSDT|5|1790396700000",5acfc1c9529ba69b81536b81c7fee8ac38fe006148f4f63e7711ef845b0b491a,1790396400000,1790396700000,39.63305,-19.06523
"TV-FOOTPRINT-CALIBRATION-001|MM-V1|BINANCE:BTCUSDT|5|1790397000000",5e39059dd3a490c70d1d7ef1029f23a3ad42b2efefca13ca29eb16c6fd467ae2,1790396700000,1790397000000,33.11978,-18.3369
"TV-FOOTPRINT-CALIBRATION-001|MM-V1|BINANCE:BTCUSDT|5|1790397300000",a07425ec33acde6d2fb4e4343fa13c635724f833b9d001b4314852456e8a823e,1790397000000,1790397300000,58.1627,-30.78096
"TV-FOOTPRINT-CALIBRATION-001|MM-V1|BINANCE:BTCUSDT|5|1790397600000",381331ff1e177eee58c7e46e7dcda1f988ccfb7f3f42ab029eb1f05779f19b8f,1790397300000,1790397600000,31.0842,-0.96292
"TV-FOOTPRINT-CALIBRATION-001|MM-V1|BINANCE:BTCUSDT|5|1790397900000",09aeebd113c9750eb93d25c36bfaeb7da4e9ca5f9d4983631a3eb5e00adb24fc,1790397600000,1790397900000,13.28974,9.24946
"TV-FOOTPRINT-CALIBRATION-001|MM-V1|BINANCE:BTCUSDT|5|1790398200000",492b19dcae64693659485eda55503ec113ec1af062c5ecb0f04e8de62a5eafba,1790397900000,1790398200000,66.68585,29.16629
"TV-FOOTPRINT-CALIBRATION-001|MM-V1|BINANCE:BTCUSDT|5|1790398500000",72bc6638c6ce055734e017ba4581f4a2bedf7b27de00036d70a0b08ff2119b51,1790398200000,1790398500000,20.47403,-12.39343
"TV-FOOTPRINT-CALIBRATION-001|MM-V1|BINANCE:BTCUSDT|5|1790398800000",0bb294b69982d83ffd25bd715c0f51b30e5248925d6364751aa0834239c77453,1790398500000,1790398800000,15.72339,-6.39809
"TV-FOOTPRINT-CALIBRATION-001|MM-V1|BINANCE:BTCUSDT|5|1790399100000",5920233310667bf7959a876396f6fbeb55d2626006b91864eab572ff22c08aa5,1790398800000,1790399100000,11.31824,6.4623
"TV-FOOTPRINT-CALIBRATION-001|MM-V1|BINANCE:BTCUSDT|5|1790399400000",6a7c8a890dde3194ae57c616c527c91cf809ff54350cdad8a7a1d54e18538569,1790399100000,1790399400000,16.38548,4.8659
"TV-FOOTPRINT-CALIBRATION-001|MM-V1|BINANCE:BTCUSDT|5|1790399700000",8d7d2c712f6ff0a8c638e746dd2838240e609b620957e2f43b322e9d7e01b3dd,1790399400000,1790399700000,25.04211,-8.19517
"TV-FOOTPRINT-CALIBRATION-001|MM-V1|BINANCE:BTCUSDT|5|1790400000000",c192fa32ff34e2c7ba041fd0ce3dc6b1c86e257e9c733aae0e4a55c9a5f4a887,1790399700000,1790400000000,17.34623,-7.01645
"TV-FOOTPRINT-CALIBRATION-001|MM-V1|BINANCE:BTCUSDT|5|1790400300000",97262b968ef4985e4ce482099b90aa806f2abe749a7695e1cfcd9ea338d3301e,1790400000000,1790400300000,11.21745,6.69853
"TV-FOOTPRINT-CALIBRATION-001|MM-V1|BINANCE:BTCUSDT|5|1790400600000",4ed83f317780338317afab4c0f50bfd4578a016dd2e8284fa8693f1c603da03b,1790400300000,1790400600000,15.96227,-5.29763
"TV-FOOTPRINT-CALIBRATION-001|MM-V1|BINANCE:BTCUSDT|5|1790400900000",b0b609f1c0364e16d762472a742389ba64cd3a4507b8216ac795dc51c9d0439d,1790400600000,1790400900000,8.99869,-6.82029
"TV-FOOTPRINT-CALIBRATION-001|MM-V1|BINANCE:BTCUSDT|5|1790401200000",0e28e6b46d24a92e4b2053036f28811c29ee258a735ce7482e0e9910939c9218,1790400900000,1790401200000,11.58854,4.6364
"TV-FOOTPRINT-CALIBRATION-001|MM-V1|BINANCE:BTCUSDT|5|1790401500000",6776baa08f288ddde202c631a3b0646c3de4454f25bd4660c793449d5bae4383,1790401200000,1790401500000,24.92163,7.89959
"TV-FOOTPRINT-CALIBRATION-001|MM-V1|BINANCE:BTCUSDT|5|1790401800000",d9fca11a3e52c6b83cd80c0f83d4786172878905af3748ae73ed379d0e3dfa13,1790401500000,1790401800000,21.18569,-0.80333
"TV-FOOTPRINT-CALIBRATION-001|MM-V1|BINANCE:BTCUSDT|5|1790402100000",dd3e9ad5eae7da02bd2f2dd3e11f736be6c369ad0e804c478994418c986bf104,1790401800000,1790402100000,15.10142,-11.2017
"TV-FOOTPRINT-CALIBRATION-001|MM-V1|BINANCE:BTCUSDT|5|1790402400000",c7d52fa79aac5847f0438b1e35d5b717f1ded8853c352f8aa22a5531bab0fdcd,1790402100000,1790402400000,17.41063,-1.01393
"TV-FOOTPRINT-CALIBRATION-001|MM-V1|BINANCE:BTCUSDT|5|1790402700000",0bd1642af8e5149f4ee89703df9c572a0d293201d74b79a1fcea1b2d9e2defaf,1790402400000,1790402700000,26.2812,0.56106
"TV-FOOTPRINT-CALIBRATION-001|MM-V1|BINANCE:BTCUSDT|5|1790403000000",10c7bed562795706878661b9ca1b1fcf7b9e912070edce7828fb729d4dc7aaa8,1790402700000,1790403000000,11.99572,-5.03066
"TV-FOOTPRINT-CALIBRATION-001|MM-V1|BINANCE:BTCUSDT|5|1790403300000",1766c89a5a4aa971b16af7009c2eb265021a3aa0786f9c83d4c8a9ece0a24b68,1790403000000,1790403300000,35.73111,-21.97815
"TV-FOOTPRINT-CALIBRATION-001|MM-V1|BINANCE:BTCUSDT|5|1790403600000",ffb9671459737d84fe79def46b3ae1a9b0dafad1ab6bef1da129909030e0a176,1790403300000,1790403600000,31.53816,-13.06174
"TV-FOOTPRINT-CALIBRATION-001|MM-V1|BINANCE:BTCUSDT|5|1790403900000",8e3653ec4fb98514d7ee3e822f28dbb98f9991a4a8e0ff3b90e0d94e1dcd7dab,1790403600000,1790403900000,10.98105,0.20359
"TV-FOOTPRINT-CALIBRATION-001|MM-V1|BINANCE:BTCUSDT|5|1790404200000",ec4d60f4a3b46caeb3d802e86830bb949c7f786d614773e44326b07438be9db7,1790403900000,1790404200000,33.68504,22.89456
"TV-FOOTPRINT-CALIBRATION-001|MM-V1|BINANCE:BTCUSDT|5|1790404500000",5854de905f194f4058fd81b90ad104f21ad326bebb35f0182bace80a59a9c8d3,1790404200000,1790404500000,22.94164,2.9089
"TV-FOOTPRINT-CALIBRATION-001|MM-V1|BINANCE:BTCUSDT|5|1790404800000",c63658a2b2e7d3ad13f4c22705f1db2ca6727c226b558227f868f0e4b1eef2ab,1790404500000,1790404800000,18.91214,1.78194
"TV-FOOTPRINT-CALIBRATION-001|MM-V1|BINANCE:BTCUSDT|5|1790405100000",c3afa1c221cd051cb48810f3550fecbdecccef1fee70fe2ac7b58bcacaac058c,1790404800000,1790405100000,10.55608,-3.22354
"TV-FOOTPRINT-CALIBRATION-001|MM-V1|BINANCE:BTCUSDT|5|1790405400000",a649eda3a37114aa88a4a1c59642b718355eb223e57f10b5c1d0bda0eedf8463,1790405100000,1790405400000,17.31916,8.66736
"TV-FOOTPRINT-CALIBRATION-001|MM-V1|BINANCE:BTCUSDT|5|1790405700000",18043172c9ecaa9cca864ef4f766ece28bcc6c8abb8f53247b21647aaa790925,1790405400000,1790405700000,11.39594,-7.02284
"TV-FOOTPRINT-CALIBRATION-001|MM-V1|BINANCE:BTCUSDT|5|1790406000000",143720d1c1720c36889c8bf18a7cf07b4afe9a37c5860eb9c72abc0122bf90e7,1790405700000,1790406000000,60.73536,-45.82534
"TV-FOOTPRINT-CALIBRATION-001|MM-V1|BINANCE:BTCUSDT|5|1790406300000",b3b77be67b0fcd8a824b544b461958b27e40165e6c9e76631598b37cac1b7813,1790406000000,1790406300000,27.71193,11.49525
"TV-FOOTPRINT-CALIBRATION-001|MM-V1|BINANCE:BTCUSDT|5|1790406600000",3fdb6aaeb7eea90f54ca2dd5ab3a2534984f73dc3a793ad4fb1ddc1f610097d6,1790406300000,1790406600000,27.57968,9.47026
"TV-FOOTPRINT-CALIBRATION-001|MM-V1|BINANCE:BTCUSDT|5|1790406900000",ab309986af41d6b70a7ab0b45dc618708c2029bb1d851ab0f4ae3eb2e766211b,1790406600000,1790406900000,17.76361,-0.16041
"TV-FOOTPRINT-CALIBRATION-001|MM-V1|BINANCE:BTCUSDT|5|1790407200000",1e5bf105e4b448edc80bbf89c4f34ab8b0711979ab8f9a0df6b772afd5587a8b,1790406900000,1790407200000,35.7127,21.85004
"TV-FOOTPRINT-CALIBRATION-001|MM-V1|BINANCE:BTCUSDT|5|1790407500000",fa0c508128e70c7ff7311e87bfd722a4e622df1e967c5e797308c7fb67bc09bc,1790407200000,1790407500000,22.32556,5.41988
"TV-FOOTPRINT-CALIBRATION-001|MM-V1|BINANCE:BTCUSDT|5|1790407800000",fce19b360c5192f912715857643455486eaf7977aaec5fab9f8264c60e085fbc,1790407500000,1790407800000,13.73156,-8.7345
"TV-FOOTPRINT-CALIBRATION-001|MM-V1|BINANCE:BTCUSDT|5|1790408100000",49196bcc2f6c0bf31868e024b523e928d5b3295babd9b190aee704444e10329c,1790407800000,1790408100000,11.08813,4.41741
"TV-FOOTPRINT-CALIBRATION-001|MM-V1|BINANCE:BTCUSDT|5|1790408400000",eb6aa219bef58fdfeb19e8070dc04e4d659d4e11b7cfe3955e72c32904f52f6f,1790408100000,1790408400000,9.52057,4.33983
"TV-FOOTPRINT-CALIBRATION-001|MM-V1|BINANCE:BTCUSDT|5|1790408700000",dcbc6105e07b6b28cc9e48f7d8dd0f7e873bada12fc6b9e891cb3ef707b8200b,1790408400000,1790408700000,22.90458,2.54428
"TV-FOOTPRINT-CALIBRATION-001|MM-V1|BINANCE:BTCUSDT|5|1790409000000",88ca9541bf0e61cb3d1d941df005f59a173cbf4c9ef1f7bcb553a16af579c153,1790408700000,1790409000000,16.59739,9.49107
"TV-FOOTPRINT-CALIBRATION-001|MM-V1|BINANCE:BTCUSDT|5|1790409300000",d884c987dadf6599bcf7daa9a4fa407510368d1d2b1610d46a2595df4d43faba,1790409000000,1790409300000,37.89564,19.43314
"TV-FOOTPRINT-CALIBRATION-001|MM-V1|BINANCE:BTCUSDT|5|1790409600000",e1fce5a81faaad7d294c2d0bf8019c2452a7b4ac62324fa2125704fc213d13e5,1790409300000,1790409600000,37.46084,18.34032
"TV-FOOTPRINT-CALIBRATION-001|MM-V1|BINANCE:BTCUSDT|5|1790409900000",eeb3b9e5684b91aa95101f56fd60acef9ee59fc9de3516a723b886ed2fb193ab,1790409600000,1790409900000,35.14261,1.44297
"TV-FOOTPRINT-CALIBRATION-001|MM-V1|BINANCE:BTCUSDT|5|1790410200000",083248740a667d8b0f60fef85aba6412a7f97b1489f6f15e07d7508cf69daa2f,1790409900000,1790410200000,24.08498,3.22302
"TV-FOOTPRINT-CALIBRATION-001|MM-V1|BINANCE:BTCUSDT|5|1790410500000",f980099cfbb547f8cb63170212292f2ee936f810833b510275121cc46133c850,1790410200000,1790410500000,7.1001,-4.09486
"TV-FOOTPRINT-CALIBRATION-001|MM-V1|BINANCE:BTCUSDT|5|1790410800000",739967e824bffa7a940c832ec9b808e79428bec142b06447fa3f410787b5c691,1790410500000,1790410800000,15.6513,-12.23996
"TV-FOOTPRINT-CALIBRATION-001|MM-V1|BINANCE:BTCUSDT|5|1790411100000",a4da3a7d89a7e34652b444f9278d336bda01ecbbfe5c9fbbe84303bddda7868c,1790410800000,1790411100000,15.75963,-3.16103
"TV-FOOTPRINT-CALIBRATION-001|MM-V1|BINANCE:BTCUSDT|5|1790411400000",c3e750a5304ad4b55bccfebd526b1e4e556ebc645e5b1e55cb34f38a7ce17317,1790411100000,1790411400000,17.46441,12.84327
"TV-FOOTPRINT-CALIBRATION-001|MM-V1|BINANCE:BTCUSDT|5|1790411700000",d7f44439cfd1f57386260f5af705308b66ff2601e08ef602674eaf99a0f995f6,1790411400000,1790411700000,63.84855,39.54993
"TV-FOOTPRINT-CALIBRATION-001|MM-V1|BINANCE:BTCUSDT|5|1790412000000",b640b4b9d749cf19803a99a8b02dd801962c84ceeaea5525d742678d770b76dc,1790411700000,1790412000000,70.40444,37.1174
"TV-FOOTPRINT-CALIBRATION-001|MM-V1|BINANCE:BTCUSDT|5|1790412300000",239bc492ec72c2c2cf5de45ec9ab61372d7c63663f35fffe6a55beb800585f0d,1790412000000,1790412300000,22.10018,-0.67916
"TV-FOOTPRINT-CALIBRATION-001|MM-V1|BINANCE:BTCUSDT|5|1790412600000",17ea97e8d379ce4c4031d6536a1ac3ed9bc4fff5515d9d8924438c9030eeaab0,1790412300000,1790412600000,27.59311,-22.07857
"TV-FOOTPRINT-CALIBRATION-001|MM-V1|BINANCE:BTCUSDT|5|1790412900000",f74eef4e29d5697b2b1e51a2b6474e5e2fb29d65a3a3b8f85c0e2b7d3cc0fd1f,1790412600000,1790412900000,8.36239,1.68673
"TV-FOOTPRINT-CALIBRATION-001|MM-V1|BINANCE:BTCUSDT|5|1790413200000",fa7a3511749ca7672d171442693b78c44eb955b95ba0578bf64ed7fab4831e4c,1790412900000,1790413200000,27.04403,-9.10989
"TV-FOOTPRINT-CALIBRATION-001|MM-V1|BINANCE:BTCUSDT|5|1790413500000",a9fde17efe7c35e4ed8e76492081a3e20604ccad019b4bd801a8043c4ac856cd,1790413200000,1790413500000,12.49394,-6.4637
"TV-FOOTPRINT-CALIBRATION-001|MM-V1|BINANCE:BTCUSDT|5|1790413800000",bc0080c57e1817a0dc10a8d7e563dc4a7c4cd79a1274d7dd4a550b8a87f88e15,1790413500000,1790413800000,23.847,5.7076
"TV-FOOTPRINT-CALIBRATION-001|MM-V1|BINANCE:BTCUSDT|5|1790414100000",123031e4bcbc93ec0485e3e9d0ca65309e41d294310731e72e294f4fc0d91995,1790413800000,1790414100000,49.91385,-20.95861
"TV-FOOTPRINT-CALIBRATION-001|MM-V1|BINANCE:BTCUSDT|5|1790414400000",93ceb030b3482fb9e1b30f423cbd165e80505a6ce8449d14fbc50afee53600fa,1790414100000,1790414400000,29.00636,-8.86468
"TV-FOOTPRINT-CALIBRATION-001|MM-V1|BINANCE:BTCUSDT|5|1790414700000",e5aaf8ef03bc2804ef7c52a0c24b0999f679f5ea2d0064ab6ede8e5bb23cd06d,1790414400000,1790414700000,35.05577,-18.26669
"TV-FOOTPRINT-CALIBRATION-001|MM-V1|BINANCE:BTCUSDT|5|1790415000000",67e038c0cd86af3b304d4075d38cd208d19682fa3a8aa5c0b402406c85258429,1790414700000,1790415000000,29.08105,-13.65611
"TV-FOOTPRINT-CALIBRATION-001|MM-V1|BINANCE:BTCUSDT|5|1790415300000",e325eaebdc6d176853f03976807d421aae0ad0db54c6727ab0d60c4e41057ebb,1790415000000,1790415300000,15.15488,1.05534
"TV-FOOTPRINT-CALIBRATION-001|MM-V1|BINANCE:BTCUSDT|5|1790415600000",7966d5a88895702bff8eec3903faace0e46fecca7565fbba34e13318d512d1f1,1790415300000,1790415600000,13.08959,-0.60423
"TV-FOOTPRINT-CALIBRATION-001|MM-V1|BINANCE:BTCUSDT|5|1790415900000",be6169e006aca62b782b1e85341fd60f23afca2e995c29079c076c8309a60f94,1790415600000,1790415900000,8.08381,-2.00947
"TV-FOOTPRINT-CALIBRATION-001|MM-V1|BINANCE:BTCUSDT|5|1790416200000",be44f1c0abb9425de2798aa5390110d5e5b155cfcf3a4a510a3c494987e430e0,1790415900000,1790416200000,11.71071,1.62137
"TV-FOOTPRINT-CALIBRATION-001|MM-V1|BINANCE:BTCUSDT|5|1790416500000",213839d20888b7ca4277e703e258c7fbcc48139a28e4d9820f64aa625d6d3cda,1790416200000,1790416500000,7.23654,-4.447
"TV-FOOTPRINT-CALIBRATION-001|MM-V1|BINANCE:BTCUSDT|5|1790416800000",92a6d896d7451067c303ba644c0e9841eb8fa5e96dd71b441ef65338d6b6c691,1790416500000,1790416800000,13.06715,1.98217
"TV-FOOTPRINT-CALIBRATION-001|MM-V1|BINANCE:BTCUSDT|5|1790417100000",91862e8f9e35617366b7b52eda0bac8ba7d2e9534ba38e0e9b0a3531a8914f9a,1790416800000,1790417100000,16.73744,6.93046
"TV-FOOTPRINT-CALIBRATION-001|MM-V1|BINANCE:BTCUSDT|5|1790417400000",171c4fc97f8fad290f512544d48c5ce8155283bd4749e204f47a56b3120ef221,1790417100000,1790417400000,14.39321,8.45467
"TV-FOOTPRINT-CALIBRATION-001|MM-V1|BINANCE:BTCUSDT|5|1790417700000",aac6f513d21377ebf6ce01bb977148d0579cde918ea592f82ad656ea7f83205a,1790417400000,1790417700000,10.32393,1.99961
"TV-FOOTPRINT-CALIBRATION-001|MM-V1|BINANCE:BTCUSDT|5|1790418000000",b0d2a9ebc8a09a6724e90cc2e50165c0fbee8ba8bf399172f9a08ebe703e0a7e,1790417700000,1790418000000,9.29005,5.11593
"TV-FOOTPRINT-CALIBRATION-001|MM-V1|BINANCE:BTCUSDT|5|1790418300000",eb0855af028abbc6e1c6f2884875ebb24fb47881814a69e9abe73ad927af0930,1790418000000,1790418300000,26.6646,-2.27754
"TV-FOOTPRINT-CALIBRATION-001|MM-V1|BINANCE:BTCUSDT|5|1790418600000",23ea2c632bc3fcd27790afe6b38f079e94f2055200198dbbe20a645dcfe38141,1790418300000,1790418600000,15.9013,-6.39016
"TV-FOOTPRINT-CALIBRATION-001|MM-V1|BINANCE:BTCUSDT|5|1790418900000",dd353dd4943d6347830b87aa3ad26a588190aaf157aae74e998701cf6468cb45,1790418600000,1790418900000,12.00622,-2.12502
"TV-FOOTPRINT-CALIBRATION-001|MM-V1|BINANCE:BTCUSDT|5|1790419200000",5d3e2f661c220a3fc0a6d69c26e2e4509e1ea4705e9e00a1a991ed85b0df61a3,1790418900000,1790419200000,7.50129,3.36613
"TV-FOOTPRINT-CALIBRATION-001|MM-V1|BINANCE:BTCUSDT|5|1790419500000",11bb8d38890cb167e185424b40707d32eef1e79e5983c7ebbbdee9266c1836d6,1790419200000,1790419500000,42.54201,24.84029
"TV-FOOTPRINT-CALIBRATION-001|MM-V1|BINANCE:BTCUSDT|5|1790419800000",59ceb587d75e652a565689ae5a4bcff6cfe35ff498005e555457da4c6c05167a,1790419500000,1790419800000,7.68873,0.01421
"TV-FOOTPRINT-CALIBRATION-001|MM-V1|BINANCE:BTCUSDT|5|1790420100000",7c33f17cade9ec4a953b19d111eb4283a0cd6bf701d808a0d259c88645f4b313,1790419800000,1790420100000,13.78338,-7.01642
"TV-FOOTPRINT-CALIBRATION-001|MM-V1|BINANCE:BTCUSDT|5|1790420400000",bd1a4685b7861544bf8f78c3e6f7d449d93acb97b87199bb337743ffb8a9bf28,1790420100000,1790420400000,21.96212,8.28548
"TV-FOOTPRINT-CALIBRATION-001|MM-V1|BINANCE:BTCUSDT|5|1790420700000",f0d6e168cef65e8361ed35cc08cf892ee524f111d24070d860f567d2a119fa1d,1790420400000,1790420700000,39.04645,15.09191
"TV-FOOTPRINT-CALIBRATION-001|MM-V1|BINANCE:BTCUSDT|5|1790421000000",2159a49575612ab812a7903d39f95f4854b5f2a04f2e425259c3f6a2fe46cf59,1790420700000,1790421000000,18.84061,4.41599
"TV-FOOTPRINT-CALIBRATION-001|MM-V1|BINANCE:BTCUSDT|5|1790421300000",d34474c5f393a92caad3937a2c925154ca8aea789b36a6bc0468c0ec6aff9846,1790421000000,1790421300000,8.55496,-1.7211
"TV-FOOTPRINT-CALIBRATION-001|MM-V1|BINANCE:BTCUSDT|5|1790421600000",5cbb6dd40f2774eb1d91616b1eee5e8ad0fcca6305e3736baf54f12e6c674c1c,1790421300000,1790421600000,10.79115,2.53233
"TV-FOOTPRINT-CALIBRATION-001|MM-V1|BINANCE:BTCUSDT|5|1790421900000",d608a296612dc593c68ebb3158a4b3bc28e9ca39ec9b3d16e7383d6322d88e57,1790421600000,1790421900000,8.0573,-2.82262
"TV-FOOTPRINT-CALIBRATION-001|MM-V1|BINANCE:BTCUSDT|5|1790422200000",aa40488e5ed86b1901c0c903b29514945d762e5e54cf73fc69afdefab1ed65ba,1790421900000,1790422200000,7.19733,-1.25725
"TV-FOOTPRINT-CALIBRATION-001|MM-V1|BINANCE:BTCUSDT|5|1790422500000",f071ea06a4574f8eb1d1c8b2fdeda2e98a8ac6f217919c41fe6ae50d4a9379b7,1790422200000,1790422500000,20.04434,-13.30174
"TV-FOOTPRINT-CALIBRATION-001|MM-V1|BINANCE:BTCUSDT|5|1790422800000",fd40ddf28c682e58d24a394b80a0adecfd47de4586f3d3d511ab68f928493127,1790422500000,1790422800000,12.01462,0.36028
"TV-FOOTPRINT-CALIBRATION-001|MM-V1|BINANCE:BTCUSDT|5|1790423100000",60405324a469b63e0917a7180653577ff8da394b6946c431aee5c897061f34a8,1790422800000,1790423100000,13.57512,-4.06274
"TV-FOOTPRINT-CALIBRATION-001|MM-V1|BINANCE:BTCUSDT|5|1790423400000",439f010b4d48dee35ce9e4a62a226e749b0a5bd4ebe56b99a2fdbf565c76dfa2,1790423100000,1790423400000,17.64143,-5.13891
"TV-FOOTPRINT-CALIBRATION-001|MM-V1|BINANCE:BTCUSDT|5|1790423700000",827ecda48f6ff4b9c7f6c96517284627fcfbf54ac71cdeb06f0bec4f9cd6ffde,1790423400000,1790423700000,16.11174,-3.53752
"TV-FOOTPRINT-CALIBRATION-001|MM-V1|BINANCE:BTCUSDT|5|1790424000000",17b56ea6009c5a75b8f3afa3a5634cc3904360187792f8b5ef9fe6e7d2890207,1790423700000,1790424000000,10.10167,-2.95887
"TV-FOOTPRINT-CALIBRATION-001|MM-V1|BINANCE:BTCUSDT|5|1790424300000",cb44df67fcbef379992e05dfae154cccc924cbd94aa648293a69b868c0cab0be,1790424000000,1790424300000,24.8106,-7.11394
"TV-FOOTPRINT-CALIBRATION-001|MM-V1|BINANCE:BTCUSDT|5|1790424600000",fe0cdc1ef96a48ab49102f1c9c510f2f3759a34a6f5261c41b0feba2b45e5cfa,1790424300000,1790424600000,31.06617,2.77321
"TV-FOOTPRINT-CALIBRATION-001|MM-V1|BINANCE:BTCUSDT|5|1790424900000",add6ad7a26d58b28d45f6e3d8645baef1bd40f20daf38ae8cbff3ae873da1f84,1790424600000,1790424900000,18.82304,10.03648
"TV-FOOTPRINT-CALIBRATION-001|MM-V1|BINANCE:BTCUSDT|5|1790425200000",6f1461445452d5c8fa94886a2b245205b170f15573c34e528e995819bb165096,1790424900000,1790425200000,37.21851,3.55605
"TV-FOOTPRINT-CALIBRATION-001|MM-V1|BINANCE:BTCUSDT|5|1790425500000",55936ddf8adaceb7c366fa3c68bb3f4f81577a1311e56d297318bf907ee10199,1790425200000,1790425500000,14.57414,-6.44208
"TV-FOOTPRINT-CALIBRATION-001|MM-V1|BINANCE:BTCUSDT|5|1790425800000",1d8adc6c4360d5c9974959fcd606967879df300da3e354a0e0f2985fcb40586d,1790425500000,1790425800000,12.49413,-2.56015
"TV-FOOTPRINT-CALIBRATION-001|MM-V1|BINANCE:BTCUSDT|5|1790426100000",3141e6a82ec943a2a2f22f84338b090dbdb2494682076497045f2101449faecb,1790425800000,1790426100000,7.3932,3.9555
"TV-FOOTPRINT-CALIBRATION-001|MM-V1|BINANCE:BTCUSDT|5|1790426400000",bb13e7f80cbee5f2083102eda52c42906aea03cf5ec4e099b16cdfd00afdb8d1,1790426100000,1790426400000,10.88368,-0.93446
"TV-FOOTPRINT-CALIBRATION-001|MM-V1|BINANCE:BTCUSDT|5|1790426700000",749b6761aec12764ea74dcc587c8682be077bf70b08a3943b7027ebf8217806b,1790426400000,1790426700000,14.73084,-9.65088
"TV-FOOTPRINT-CALIBRATION-001|MM-V1|BINANCE:BTCUSDT|5|1790427000000",534f1d372772074be1030acd3d9579b2e96b5db1f507fbf9f10d6b04b69861fc,1790426700000,1790427000000,9.71607,3.99541
"TV-FOOTPRINT-CALIBRATION-001|MM-V1|BINANCE:BTCUSDT|5|1790427300000",9080b2d3102647516f79d8701d273d9af564f9f5be8803dd806720a1ed65189c,1790427000000,1790427300000,24.52116,-14.21126
"TV-FOOTPRINT-CALIBRATION-001|MM-V1|BINANCE:BTCUSDT|5|1790427600000",41b0c87143d29e477bb39fd97d7b652c27558005d6e26ac6d95b34495034be44,1790427300000,1790427600000,29.71748,11.70378
"TV-FOOTPRINT-CALIBRATION-001|MM-V1|BINANCE:BTCUSDT|5|1790427900000",98680b323a62b3d91463773b8821408af7262cc400296f9fc5f442a214571fd2,1790427600000,1790427900000,14.88503,6.35949
"TV-FOOTPRINT-CALIBRATION-001|MM-V1|BINANCE:BTCUSDT|5|1790428200000",c85518863d3160305765e6001b163430de56f4b1b5adb0c2f6af5bfa66e32df0,1790427900000,1790428200000,20.57882,-0.46222
"TV-FOOTPRINT-CALIBRATION-001|MM-V1|BINANCE:BTCUSDT|5|1790428500000",db2e410c3df6262c63a8390a15b7d3ea43a526efb5916a28bd67c4069e9567dc,1790428200000,1790428500000,48.56436,-23.05558
"TV-FOOTPRINT-CALIBRATION-001|MM-V1|BINANCE:BTCUSDT|5|1790428800000",1e4a0d42010eca8b67b48ae0ac306cc72e277f3821c30bb55a306a708f77bcf0,1790428500000,1790428800000,40.28689,-1.46385
"TV-FOOTPRINT-CALIBRATION-001|MM-V1|BINANCE:BTCUSDT|5|1790429100000",16fc04ddc1c8d71f01ec6562b2d3fd318a42c26d68b9272704f8ae8bcb1d2fee,1790428800000,1790429100000,26.63897,-9.97283
"TV-FOOTPRINT-CALIBRATION-001|MM-V1|BINANCE:BTCUSDT|5|1790429400000",254e807a60ff641d32eccea21257ee9f28dbe31f21a85c1075678168342b31c1,1790429100000,1790429400000,39.9303,-17.12302
"TV-FOOTPRINT-CALIBRATION-001|MM-V1|BINANCE:BTCUSDT|5|1790429700000",7fe6cd6a75c7cbaa055056ed31cbec3837f8a5042f7e1eee65752cd42ec47e83,1790429400000,1790429700000,26.07322,4.14444
"TV-FOOTPRINT-CALIBRATION-001|MM-V1|BINANCE:BTCUSDT|5|1790430000000",03a67d2622a9e35244fab42106c45777e61ab71e68ef24cc821d3a96149e02bb,1790429700000,1790430000000,25.44224,1.38016
"TV-FOOTPRINT-CALIBRATION-001|MM-V1|BINANCE:BTCUSDT|5|1790430300000",c2cd70c1ecf151b9a2295dc4544f46862b28a3e85ad3d61391d12264fa9caef8,1790430000000,1790430300000,40.72687,-19.82513
"TV-FOOTPRINT-CALIBRATION-001|MM-V1|BINANCE:BTCUSDT|5|1790430600000",7c3965e7bcdb6cfe640555e01ae017486922fadf293bb84d7956d440d46a1a8b,1790430300000,1790430600000,20.15784,0.2124
"TV-FOOTPRINT-CALIBRATION-001|MM-V1|BINANCE:BTCUSDT|5|1790430900000",45b1d5d903a05aad454d6f39d5bd1731775cdca962b926284bcb124e415b6e6f,1790430600000,1790430900000,21.54633,-3.28859
"TV-FOOTPRINT-CALIBRATION-001|MM-V1|BINANCE:BTCUSDT|5|1790431200000",4d24e5f7bdb43ac891d00a620a942b6639f70d0f8afe27218b907ec2d11bd13a,1790430900000,1790431200000,109.45456,-56.93606
"TV-FOOTPRINT-CALIBRATION-001|MM-V1|BINANCE:BTCUSDT|5|1790431500000",47634bed3d4aeef7b88a6b05766e5f1dafc6fbdceb389ef8b716161f3bf5004d,1790431200000,1790431500000,44.36591,-22.26915
"TV-FOOTPRINT-CALIBRATION-001|MM-V1|BINANCE:BTCUSDT|5|1790431800000",696a42531dd24295fbceeda307a55f6bb95f4a8e716b1a57ad5953af2bd0bf0e,1790431500000,1790431800000,30.51257,19.86497
"TV-FOOTPRINT-CALIBRATION-001|MM-V1|BINANCE:BTCUSDT|5|1790432100000",7159a77ad1eb8f9ec544deaca17f46111302e856dddcad4a5a1a9c4e3b258d11,1790431800000,1790432100000,26.29906,20.43094
"TV-FOOTPRINT-CALIBRATION-001|MM-V1|BINANCE:BTCUSDT|5|1790432400000",97bf9795648093319b6a4f0710cf1401744c71c9dbd0ca292246eb46dfaf928d,1790432100000,1790432400000,8.4551,0.30124
"TV-FOOTPRINT-CALIBRATION-001|MM-V1|BINANCE:BTCUSDT|5|1790432700000",b0a1115771035ccd2fb3b6b16eb4615acbeae895001ab6d2b56f66d20061030f,1790432400000,1790432700000,13.47309,-2.37701
"TV-FOOTPRINT-CALIBRATION-001|MM-V1|BINANCE:BTCUSDT|5|1790433000000",dad04f611d3c738805a68984a5664def5f0300b9a5faed3ce361d6fb8243012b,1790432700000,1790433000000,11.90288,1.2647
"TV-FOOTPRINT-CALIBRATION-001|MM-V1|BINANCE:BTCUSDT|5|1790433300000",1669736cd089a57cfa823576f1d99a0060269238979f42299f98225bba84f219,1790433000000,1790433300000,18.65633,-0.81087
"TV-FOOTPRINT-CALIBRATION-001|MM-V1|BINANCE:BTCUSDT|5|1790433600000",cc4af6b8f5d984716231edf028df3d95ff238b781b709cd63621451566ef3ef2,1790433300000,1790433600000,20.28319,-9.73007
"TV-FOOTPRINT-CALIBRATION-001|MM-V1|BINANCE:BTCUSDT|5|1790433900000",faa01e181c9deb76a3e5b75beccf27440bb26bd9f6fa0b1850cc2c5c31b4eb9b,1790433600000,1790433900000,23.74395,12.80997
"TV-FOOTPRINT-CALIBRATION-001|MM-V1|BINANCE:BTCUSDT|5|1790434200000",4d6e4669844cf7bbb8f8a491f9343432a59f995cbe488f7355979ccfe11c55a6,1790433900000,1790434200000,18.43893,1.55975
"TV-FOOTPRINT-CALIBRATION-001|MM-V1|BINANCE:BTCUSDT|5|1790434500000",3694d8ca7d8b74738fec0200484fd91aa7fc0c639effc8c25ca7474735f39b4b,1790434200000,1790434500000,15.51274,0.94892
"TV-FOOTPRINT-CALIBRATION-001|MM-V1|BINANCE:BTCUSDT|5|1790434800000",20e982462b63802c1e4b4a54978778bca87bbfce1d7935a68c350599ec0a842e,1790434500000,1790434800000,20.90518,3.04604
"TV-FOOTPRINT-CALIBRATION-001|MM-V1|BINANCE:BTCUSDT|5|1790435100000",1d4a690acef71b0008e4040fe12980b8485de6a0a9a0f69d6893a85781af24da,1790434800000,1790435100000,49.03397,21.06947
"TV-FOOTPRINT-CALIBRATION-001|MM-V1|BINANCE:BTCUSDT|5|1790435400000",d74976626f68e1fb51b794b31487e2016f6a049873e97f8cb29d51bd72a852f2,1790435100000,1790435400000,22.9272,-12.13736
"TV-FOOTPRINT-CALIBRATION-001|MM-V1|BINANCE:BTCUSDT|5|1790435700000",e0bf0102456957ad8a076ba952be3cf380eb162450225d181472aa3aa76aac19,1790435400000,1790435700000,20.54807,10.82409
"TV-FOOTPRINT-CALIBRATION-001|MM-V1|BINANCE:BTCUSDT|5|1790436000000",a6b90ebf244d39b2110b683d085692f34c85fdff294de4d71e5d9cf3d0a58582,1790435700000,1790436000000,11.58202,4.71644
"TV-FOOTPRINT-CALIBRATION-001|MM-V1|BINANCE:BTCUSDT|5|1790436300000",e7b91913e0745ed5fbed3d0980f680220ca24c6296388af39202171f2ccdd809,1790436000000,1790436300000,42.79251,25.59471
"TV-FOOTPRINT-CALIBRATION-001|MM-V1|BINANCE:BTCUSDT|5|1790436600000",cf08931a3ff979bcbcace68c0dfb789a98fcbb6fd4154da41a042f058d3150c5,1790436300000,1790436600000,15.04945,0.78597
"TV-FOOTPRINT-CALIBRATION-001|MM-V1|BINANCE:BTCUSDT|5|1790436900000",7798f3778db95b62f8267e53e26739fa017448e3f5f653b43fc4815a8e72448f,1790436600000,1790436900000,40.74445,8.11715
"TV-FOOTPRINT-CALIBRATION-001|MM-V1|BINANCE:BTCUSDT|5|1790437200000",8ab0cf60a4c82033260063cc1d6badf6c9d94c3b0c54998808f62840c2246499,1790436900000,1790437200000,74.60017,-7.47747
"TV-FOOTPRINT-CALIBRATION-001|MM-V1|BINANCE:BTCUSDT|5|1790437500000",47355c9b0217c9a5cfd8a18263812e86c01f5b6cfe6eb158f2741154e54d9167,1790437200000,1790437500000,33.50494,9.38976
"TV-FOOTPRINT-CALIBRATION-001|MM-V1|BINANCE:BTCUSDT|5|1790437800000",f998adbfe74cb9957358ecbbaaf89956bff5b11c3d0f1fef74815364ff6be3d9,1790437500000,1790437800000,40.8967,-23.02028
"TV-FOOTPRINT-CALIBRATION-001|MM-V1|BINANCE:BTCUSDT|5|1790438100000",90eec674dd3c191e9e9a521a390dc712496d24d07d458b0cba98daf4a988ba2d,1790437800000,1790438100000,54.80637,39.56015
"TV-FOOTPRINT-CALIBRATION-001|MM-V1|BINANCE:BTCUSDT|5|1790438400000",7288b1196cebe9ef7ed9507aa10356d11378e24f4e35126d594350c5676039b8,1790438100000,1790438400000,25.53223,-11.73187
"TV-FOOTPRINT-CALIBRATION-001|MM-V1|BINANCE:BTCUSDT|5|1790438700000",a7d726ab35600cd0b5424b252e914de6cf5ed146361b87b8c46e450f0269c318,1790438400000,1790438700000,36.28646,-1.51882
"TV-FOOTPRINT-CALIBRATION-001|MM-V1|BINANCE:BTCUSDT|5|1790439000000",0f11754faf0355e874a777997d8d15929e508a89a1d960582340615ba67725af,1790438700000,1790439000000,7.52173,1.75629
"TV-FOOTPRINT-CALIBRATION-001|MM-V1|BINANCE:BTCUSDT|5|1790439300000",e7e5cf46cb8d1b44160b84a7d214c8882f44f5b48d22b40df66025e6e58863a2,1790439000000,1790439300000,23.76804,-9.89646
"TV-FOOTPRINT-CALIBRATION-001|MM-V1|BINANCE:BTCUSDT|5|1790439600000",7d142f5256bff450514a68521495e34f181199bca5404f89a5924fe0dd56eec0,1790439300000,1790439600000,33.59749,-12.68865
"TV-FOOTPRINT-CALIBRATION-001|MM-V1|BINANCE:BTCUSDT|5|1790439900000",1242f947dcc75f318714155cdfe569bfe7a500edbb4f1e51980fea273a191c05,1790439600000,1790439900000,12.16429,0.99129
"TV-FOOTPRINT-CALIBRATION-001|MM-V1|BINANCE:BTCUSDT|5|1790440200000",06b0c6d2b9928f73ca2e2b2bfb202af8c2c5baf06f7caad18cb16196aba599b3,1790439900000,1790440200000,11.63481,-1.83121
"TV-FOOTPRINT-CALIBRATION-001|MM-V1|BINANCE:BTCUSDT|5|1790440500000",0f89c01e8da4d3229308707c10ca2060116932f71d9f7ee1bf3f98c63d8edc9d,1790440200000,1790440500000,20.34502,10.29098
"TV-FOOTPRINT-CALIBRATION-001|MM-V1|BINANCE:BTCUSDT|5|1790440800000",5e17660bcd64eed9ba3c2423f5e9dba08b4e91b44ae67591184fc4784db0834e,1790440500000,1790440800000,5.07645,-1.10863
"TV-FOOTPRINT-CALIBRATION-001|MM-V1|BINANCE:BTCUSDT|5|1790441100000",855dce82daa7cbdf2605a3f85fbf0ab4e7d6a4c338ae2aa12e7233e9da8d8da3,1790440800000,1790441100000,5.20553,0.84725
"TV-FOOTPRINT-CALIBRATION-001|MM-V1|BINANCE:BTCUSDT|5|1790441400000",91700ce57ce4e2ec0e7a06ecaaeb1db14a12207f7c5556a35f5de1a967cd36a1,1790441100000,1790441400000,23.99413,-2.40019
"TV-FOOTPRINT-CALIBRATION-001|MM-V1|BINANCE:BTCUSDT|5|1790441700000",cbc25067daa2efa69acf3ca112a76533b1c12c4d3f3cb68dd67b53b9e3b05d3e,1790441400000,1790441700000,62.68446,21.20916
"TV-FOOTPRINT-CALIBRATION-001|MM-V1|BINANCE:BTCUSDT|5|1790442000000",6412c7993c476d093bfda47b1c4b4b05b4ee632831784504ead4f36a17a8b026,1790441700000,1790442000000,17.76741,-4.73925
"TV-FOOTPRINT-CALIBRATION-001|MM-V1|BINANCE:BTCUSDT|5|1790442300000",3bdd247e04707f69982879b316ac8cfd9b0f0bca0329ef83c1f0878277bba3a0,1790442000000,1790442300000,18.27314,-5.81186
"TV-FOOTPRINT-CALIBRATION-001|MM-V1|BINANCE:BTCUSDT|5|1790442600000",8bcbb5f71e2d951d87b772423628db6255f7a5bcb117afb70986703655e30495,1790442300000,1790442600000,17.1671,-2.29624
"TV-FOOTPRINT-CALIBRATION-001|MM-V1|BINANCE:BTCUSDT|5|1790442900000",42b58afdd45ed7fb87ea28f0b761348d18b7a575605161fa643bd18fbc4a4299,1790442600000,1790442900000,24.4042,-3.96196
"TV-FOOTPRINT-CALIBRATION-001|MM-V1|BINANCE:BTCUSDT|5|1790443200000",573fe1e5c71f2a666172a045ed0558aeced7e4af2cccf33808cb0bb535f179d3,1790442900000,1790443200000,29.8599,13.93816
"TV-FOOTPRINT-CALIBRATION-001|MM-V1|BINANCE:BTCUSDT|5|1790443500000",d69d00b602280bf261d5aacbd5d92688e70693c0d02a2742dc02bb119711e884,1790443200000,1790443500000,9.43943,-1.74285
"TV-FOOTPRINT-CALIBRATION-001|MM-V1|BINANCE:BTCUSDT|5|1790443800000",d2d35bc5aa9ce383f9f87ff6d4cfaf0ff8194f12379b5aa34a4be565e9906f30,1790443500000,1790443800000,62.4079,-27.99418
"TV-FOOTPRINT-CALIBRATION-001|MM-V1|BINANCE:BTCUSDT|5|1790444100000",361961bbb4c6751e89ff2267e237d387ca7eac80f12606a315808c79bd6ea2c4,1790443800000,1790444100000,30.73865,1.65041
"TV-FOOTPRINT-CALIBRATION-001|MM-V1|BINANCE:BTCUSDT|5|1790444400000",23bebedd4d1ea80212b902d4fa98b5cb3198d53c202f21ebe39c9a8f5aa75dbf,1790444100000,1790444400000,29.88333,10.60579
"TV-FOOTPRINT-CALIBRATION-001|MM-V1|BINANCE:BTCUSDT|5|1790444700000",e183b23b064350710601503b5d13d6373c17e03ac33236402dc3f6bab09f1683,1790444400000,1790444700000,57.49197,0.34639
"TV-FOOTPRINT-CALIBRATION-001|MM-V1|BINANCE:BTCUSDT|5|1790445000000",883a834b0d1dc7d29ee47426a4a635d56c1e951bda3b2c90fd1facf679fda8d0,1790444700000,1790445000000,33.02487,9.61351
"TV-FOOTPRINT-CALIBRATION-001|MM-V1|BINANCE:BTCUSDT|5|1790445300000",35b8cceb29772ffcf6bc7bb3530ece49a5dc4d42adf0baa8fee27da979b405dc,1790445000000,1790445300000,22.00497,4.10151
"TV-FOOTPRINT-CALIBRATION-001|MM-V1|BINANCE:BTCUSDT|5|1790445600000",ab61ad9bcec1768a4dc0ed98eaec9d11cca033df84de6905f5046ad4073b32ff,1790445300000,1790445600000,19.87325,2.63197
"TV-FOOTPRINT-CALIBRATION-001|MM-V1|BINANCE:BTCUSDT|5|1790445900000",c52fbf3041fcb84b7121a1c467ff2a94682df961b79cabaf711a80f8322097ce,1790445600000,1790445900000,29.18273,9.04797
"TV-FOOTPRINT-CALIBRATION-001|MM-V1|BINANCE:BTCUSDT|5|1790446200000",a43c5e4783258057183ade4e455e31b50f86be3a0cf20dd926ef65e389527fd9,1790445900000,1790446200000,37.88716,-20.56922
"TV-FOOTPRINT-CALIBRATION-001|MM-V1|BINANCE:BTCUSDT|5|1790446500000",ce2e55a2e3bb7ba35d44abbfac8c3322997a34d84c0041fcde3d6b16d27ab07f,1790446200000,1790446500000,16.25119,-5.87565
"TV-FOOTPRINT-CALIBRATION-001|MM-V1|BINANCE:BTCUSDT|5|1790446800000",d02f325fa81b68e9ce90eb08598cce4e73022f06009cab487f8e8395326eff1a,1790446500000,1790446800000,28.27705,-5.26967
"TV-FOOTPRINT-CALIBRATION-001|MM-V1|BINANCE:BTCUSDT|5|1790447100000",01059d71401236fa6a74df26526c4f7429cc8e937ee3447050b3af12a013c651,1790446800000,1790447100000,21.5915,-2.50698
"TV-FOOTPRINT-CALIBRATION-001|MM-V1|BINANCE:BTCUSDT|5|1790447400000",995064c7b5074060568bd4399a45816541c7a11cdb0dddde0c9b49d2efe40998,1790447100000,1790447400000,18.48845,-7.34629
"TV-FOOTPRINT-CALIBRATION-001|MM-V1|BINANCE:BTCUSDT|5|1790447700000",eda28ae6092016887d6e106a2ccb148bb35bdaf13f919b5696c0657386db0676,1790447400000,1790447700000,20.64442,-3.22068
"TV-FOOTPRINT-CALIBRATION-001|MM-V1|BINANCE:BTCUSDT|5|1790448000000",4e768c0b1056cec8c26cdb377d798db26366cc780a8a77145a5aa29a1a4cd670,1790447700000,1790448000000,67.44862,4.2743
"TV-FOOTPRINT-CALIBRATION-001|MM-V1|BINANCE:BTCUSDT|5|1790448300000",c4b2da7a17adbfbccf4ae30c505ed560fea380b1f78e0a4522658dfa9a59f560,1790448000000,1790448300000,26.74058,-11.70916
"TV-FOOTPRINT-CALIBRATION-001|MM-V1|BINANCE:BTCUSDT|5|1790448600000",b8d5db359c10d22d8cdbe3e262f0e9b339873d1924d912887fdb94bf118d06ed,1790448300000,1790448600000,30.58843,-3.53131
"TV-FOOTPRINT-CALIBRATION-001|MM-V1|BINANCE:BTCUSDT|5|1790448900000",d38bc4ec822b83d184abf7172f0f77d63428438d0b34e0f6f17c1d208378ebce,1790448600000,1790448900000,46.77767,-23.19871
"TV-FOOTPRINT-CALIBRATION-001|MM-V1|BINANCE:BTCUSDT|5|1790449200000",44d45fbb28bf2d9fc7b46b329daab7aaa81b28feefe4a34166c8f62db5f75bec,1790448900000,1790449200000,19.90914,2.33772
"TV-FOOTPRINT-CALIBRATION-001|MM-V1|BINANCE:BTCUSDT|5|1790449500000",1393432cf2efbf19bec8153abc33d59f602e81c45d4c9a2df64b49e7372417f1,1790449200000,1790449500000,30.74732,-0.97656
"TV-FOOTPRINT-CALIBRATION-001|MM-V1|BINANCE:BTCUSDT|5|1790449800000",bb736487db24eb03210cc26b073ec25729e8a4d080afff5b0bcbd6d0a0f072c9,1790449500000,1790449800000,69.68946,-48.75878
"TV-FOOTPRINT-CALIBRATION-001|MM-V1|BINANCE:BTCUSDT|5|1790450100000",8cfa18ec8f9e13602a5def75b58ca14e5824560735832ca19aad1a34cefb29b1,1790449800000,1790450100000,32.30582,14.60324
"TV-FOOTPRINT-CALIBRATION-001|MM-V1|BINANCE:BTCUSDT|5|1790450400000",0b9e4b4729102d27cc6b7150f65f6e967bfbe434f869e641324755c2490ba862,1790450100000,1790450400000,20.11372,-1.57544
"TV-FOOTPRINT-CALIBRATION-001|MM-V1|BINANCE:BTCUSDT|5|1790450700000",c61e37f34ea6cd8b2e234b1390dc5421ad6a18e43401425b9b6a1390462d7c33,1790450400000,1790450700000,33.87325,-14.89887
"TV-FOOTPRINT-CALIBRATION-001|MM-V1|BINANCE:BTCUSDT|5|1790451000000",167f25b0f8a226a132f46a6e93b1da97419e9a26ee300ef71940e6ec512e57ee,1790450700000,1790451000000,25.37282,6.60022
"TV-FOOTPRINT-CALIBRATION-001|MM-V1|BINANCE:BTCUSDT|5|1790451300000",e9fd1dee50b76355da703fa85998bba922005a9fbd16f95c511a5ac940436b4c,1790451000000,1790451300000,31.72697,4.60527
"TV-FOOTPRINT-CALIBRATION-001|MM-V1|BINANCE:BTCUSDT|5|1790451600000",d95ed0a16f2fcd9838b783e0635c374354fdefd1868893aae65da1f66e221ff5,1790451300000,1790451600000,18.65651,-11.53333
"TV-FOOTPRINT-CALIBRATION-001|MM-V1|BINANCE:BTCUSDT|5|1790451900000",e13523442c67fd3cb4e61709c4278e9c8a690b150f07177f5fe6c375ce41db7b,1790451600000,1790451900000,22.24874,5.4382
"TV-FOOTPRINT-CALIBRATION-001|MM-V1|BINANCE:BTCUSDT|5|1790452200000",6fcdd15ba73393c0de5289131ec71b55539f25ab7c5212f3f31093ac1e5e516e,1790451900000,1790452200000,20.17598,-7.33564
"TV-FOOTPRINT-CALIBRATION-001|MM-V1|BINANCE:BTCUSDT|5|1790452500000",a73334f1b84a49c71f237642c10ca2ba87528d44f75707abb0196efaa95d108b,1790452200000,1790452500000,15.99935,4.74405
"TV-FOOTPRINT-CALIBRATION-001|MM-V1|BINANCE:BTCUSDT|5|1790452800000",13ad1fc0fa60dd5c49c75c0efeda2b67cc5f2c13a2110edfe0d18f86af854a59,1790452500000,1790452800000,6.9578,-0.98656
"TV-FOOTPRINT-CALIBRATION-001|MM-V1|BINANCE:BTCUSDT|5|1790453100000",efb9145ac3a176166cf8d40c3b5656f8a0b7e89b9d180f221933359a69d89abc,1790452800000,1790453100000,4.87465,1.23077
"TV-FOOTPRINT-CALIBRATION-001|MM-V1|BINANCE:BTCUSDT|5|1790453400000",e18510e69f7e5d93612548b352d0311d3dd484d9d0eccbbe65ddf58df65a7758,1790453100000,1790453400000,13.6353,-7.50466
"TV-FOOTPRINT-CALIBRATION-001|MM-V1|BINANCE:BTCUSDT|5|1790453700000",84123e6a7286e45c246da42e28fcff8ccc6f10ea9157770a31bd75053b75725f,1790453400000,1790453700000,8.78793,6.21479
"TV-FOOTPRINT-CALIBRATION-001|MM-V1|BINANCE:BTCUSDT|5|1790454000000",21543589d5c18f2dab21e414490a7ce0de798cb2bb4ac2ee1ad177bb71daa866,1790453700000,1790454000000,8.50092,3.93756
"TV-FOOTPRINT-CALIBRATION-001|MM-V1|BINANCE:BTCUSDT|5|1790454300000",cb51d2e5ca39af2083bc54f9680b35abd916f79c9f37e193423908dd2f8962f9,1790454000000,1790454300000,10.04842,-2.26502
"TV-FOOTPRINT-CALIBRATION-001|MM-V1|BINANCE:BTCUSDT|5|1790454600000",0d29dd9b89110c59a10b3ef3271b7cdb3ac54b6b9abe993b51e0bb8a24c9bbe8,1790454300000,1790454600000,7.77613,4.88029
"TV-FOOTPRINT-CALIBRATION-001|MM-V1|BINANCE:BTCUSDT|5|1790454900000",1598928a98c11a27ef26c89e1bcf8a0fb66136e811ccc5fa3f3ae3300b9b628d,1790454600000,1790454900000,3.49581,2.33449
"TV-FOOTPRINT-CALIBRATION-001|MM-V1|BINANCE:BTCUSDT|5|1790455200000",3f132c96705753b36e313563137bb984175320bf9d11f17ba8b2fca81cf39ea6,1790454900000,1790455200000,13.06743,-11.04951
"TV-FOOTPRINT-CALIBRATION-001|MM-V1|BINANCE:BTCUSDT|5|1790455500000",eae5616d9fb54f3b79e20744e95b0a21af3a77d0131d3aaf20c47a4150f2a541,1790455200000,1790455500000,70.50889,-34.82347
"TV-FOOTPRINT-CALIBRATION-001|MM-V1|BINANCE:BTCUSDT|5|1790455800000",188ee57d59b13a08b5eb74bc047d7d67fe83bd667c13d8d265ffb533c25e61c5,1790455500000,1790455800000,44.41872,-12.80218
"TV-FOOTPRINT-CALIBRATION-001|MM-V1|BINANCE:BTCUSDT|5|1790456100000",f70f73d659c80d9036225da875e6aa9d5bd3d497969a9a3f7992b3a4ceba2643,1790455800000,1790456100000,25.68202,12.50932
"TV-FOOTPRINT-CALIBRATION-001|MM-V1|BINANCE:BTCUSDT|5|1790456400000",af6db2291fd1cfbace4edd98d0cdb758184c42efff0451896b129363459abc8d,1790456100000,1790456400000,13.51146,1.78678
"TV-FOOTPRINT-CALIBRATION-001|MM-V1|BINANCE:BTCUSDT|5|1790456700000",90f38963ecf8e212b3bbd0f6d17afad118d1976c9855ee203ea7a42729041cc6,1790456400000,1790456700000,13.95267,10.61019
"TV-FOOTPRINT-CALIBRATION-001|MM-V1|BINANCE:BTCUSDT|5|1790457000000",93e1b02fd0e149dbd2e16c25f6803d759dd651e5b864441994b3f3a0a6d75ad3,1790456700000,1790457000000,7.97365,-0.50073
"TV-FOOTPRINT-CALIBRATION-001|MM-V1|BINANCE:BTCUSDT|5|1790457300000",fc776df757041631a5f6f53c331714248af5aa94d5e02f3300575d0e3eef991a,1790457000000,1790457300000,8.55715,3.90365
"TV-FOOTPRINT-CALIBRATION-001|MM-V1|BINANCE:BTCUSDT|5|1790457600000",65755e1b716f028a3b0d4f002bd62fe1f7316764923ae5dbd413ab5da41d434a,1790457300000,1790457600000,13.97403,7.64191
"TV-FOOTPRINT-CALIBRATION-001|MM-V1|BINANCE:BTCUSDT|5|1790457900000",a6adbb7e31a97e006ec4f65d63b388fae3917de09707620be01d5d1ef6cdf4bd,1790457600000,1790457900000,49.17379,28.74757
"TV-FOOTPRINT-CALIBRATION-001|MM-V1|BINANCE:BTCUSDT|5|1790458200000",bda438d8c323c7d4c36d772a8caba53054d286350dbcae4f51baab0836f2127e,1790457900000,1790458200000,34.33289,16.83301
"TV-FOOTPRINT-CALIBRATION-001|MM-V1|BINANCE:BTCUSDT|5|1790458500000",bb33a7c5b8e37d7aba5903335f38112495f3bc7f662d5cdc2f11761f270dc5c2,1790458200000,1790458500000,35.89484,8.6293
"TV-FOOTPRINT-CALIBRATION-001|MM-V1|BINANCE:BTCUSDT|5|1790458800000",5c93c75be8fa800824a6937a6970d98485eed13871928cf05098535ad24ff8fd,1790458500000,1790458800000,12.8417,-5.33432
"TV-FOOTPRINT-CALIBRATION-001|MM-V1|BINANCE:BTCUSDT|5|1790459100000",a28a33be1fb5695f468cc0d93a52821576d04bb830d45884efdedbb7691cc614,1790458800000,1790459100000,36.10027,2.78539
"TV-FOOTPRINT-CALIBRATION-001|MM-V1|BINANCE:BTCUSDT|5|1790459400000",13512fd34bc931a7a040f1d97da8ffab9708e5ad4a76730dccda0faa0cbd9de2,1790459100000,1790459400000,20.83586,5.59878
"TV-FOOTPRINT-CALIBRATION-001|MM-V1|BINANCE:BTCUSDT|5|1790459700000",cfd750c84f596cb84589ebd7a9814ae96b49adfa9196f9ec1db9eff6858467b0,1790459400000,1790459700000,23.83174,-8.1986
"TV-FOOTPRINT-CALIBRATION-001|MM-V1|BINANCE:BTCUSDT|5|1790460000000",71c4e704f8c98baddde4bce1c3fcc2abb70e9bd6c1fc7ce204bacc05837beb3a,1790459700000,1790460000000,13.24581,9.98519
"TV-FOOTPRINT-CALIBRATION-001|MM-V1|BINANCE:BTCUSDT|5|1790460300000",7a135a9128d096a5246365758a6332acb652234882494f65fde3cb8bf37a925d,1790460000000,1790460300000,49.20421,33.88611
"TV-FOOTPRINT-CALIBRATION-001|MM-V1|BINANCE:BTCUSDT|5|1790460600000",a5742cfd5fc3e0b9d93eb2f521d48cc9a34899f243f888515532165e87ffda60,1790460300000,1790460600000,92.45817,47.90409
"TV-FOOTPRINT-CALIBRATION-001|MM-V1|BINANCE:BTCUSDT|5|1790460900000",650e173ed96a4d1c530814704cd577aa2b1b3ff43e2530ca3996c881c6a3ae0e,1790460600000,1790460900000,23.73307,-11.34469
"TV-FOOTPRINT-CALIBRATION-001|MM-V1|BINANCE:BTCUSDT|5|1790461200000",75c9b06bf38eee699eba58b7340aa8e90e90704702aebd46bf0d4d3d4cf3d267,1790460900000,1790461200000,13.5939,-4.2097
"TV-FOOTPRINT-CALIBRATION-001|MM-V1|BINANCE:BTCUSDT|5|1790461500000",a4aa4741641574369b105c59f7d7f6f04cd00bbc3e4b19051040073a69551b92,1790461200000,1790461500000,14.49806,1.28416
"TV-FOOTPRINT-CALIBRATION-001|MM-V1|BINANCE:BTCUSDT|5|1790461800000",ae75f34343bea266829f93db42a11fe61b800c1cd3b25be065544eab54134867,1790461500000,1790461800000,132.37532,52.06464
"TV-FOOTPRINT-CALIBRATION-001|MM-V1|BINANCE:BTCUSDT|5|1790462100000",dd4f37410ae9b660c89a5135ac1bc64931ed18d5c96b30dc60ee558ecb06aca7,1790461800000,1790462100000,19.27746,-6.462
"TV-FOOTPRINT-CALIBRATION-001|MM-V1|BINANCE:BTCUSDT|5|1790462400000",74f87794a5b2b3dcec1ba274baba1bef5f7e25c388a022bc1d2bfaf8037f121f,1790462100000,1790462400000,5.87838,-1.12056
"TV-FOOTPRINT-CALIBRATION-001|MM-V1|BINANCE:BTCUSDT|5|1790462700000",e0effad8aac660129cb2122791e7b3d768521080fc910ef270f2a4336fcdc66b,1790462400000,1790462700000,17.37627,-8.03127
"TV-FOOTPRINT-CALIBRATION-001|MM-V1|BINANCE:BTCUSDT|5|1790463000000",5f3495d735ccb570b3f4bf543f4748722c111a2d60dbba8e0a9bbe3bd7688e31,1790462700000,1790463000000,6.42007,2.08421
"TV-FOOTPRINT-CALIBRATION-001|MM-V1|BINANCE:BTCUSDT|5|1790463300000",b4dddc33bf13b6d26d4a254f43a33b11db7d19d1e33346b933134db34e73aeee,1790463000000,1790463300000,45.60708,-24.60134
"TV-FOOTPRINT-CALIBRATION-001|MM-V1|BINANCE:BTCUSDT|5|1790463600000",5d19561c8853927a8c6c02785b3382e88f73d17090d0397f86e5b820a693f60d,1790463300000,1790463600000,119.35564,-17.87206
"TV-FOOTPRINT-CALIBRATION-001|MM-V1|BINANCE:BTCUSDT|5|1790463900000",b0d98c7378239a2d1283146301ce094e34e1080028884d107a7a2d77632fe305,1790463600000,1790463900000,20.54245,0.78311
"TV-FOOTPRINT-CALIBRATION-001|MM-V1|BINANCE:BTCUSDT|5|1790464200000",30d902d5880be5b3ea83ec585df4e60f8ee02f0534982a9f8eaaf882315f6113,1790463900000,1790464200000,4.02316,-2.89496
"TV-FOOTPRINT-CALIBRATION-001|MM-V1|BINANCE:BTCUSDT|5|1790464500000",7c9ec68d09877ee3863e41ab0ddb6e40d6aaae9217323de408a7f2350b398ade,1790464200000,1790464500000,14.37674,6.9458
"TV-FOOTPRINT-CALIBRATION-001|MM-V1|BINANCE:BTCUSDT|5|1790464800000",4877d6f94155bf72535ca18747de138a6be19076314d2e50aa65f1a20f0d4d2b,1790464500000,1790464800000,31.41436,0.1396
"TV-FOOTPRINT-CALIBRATION-001|MM-V1|BINANCE:BTCUSDT|5|1790465100000",7731f01a0f5f3a30d690aebe7452020aa4a13a7a0c8cbca7c93e0ed411294656,1790464800000,1790465100000,25.86323,2.30795
"TV-FOOTPRINT-CALIBRATION-001|MM-V1|BINANCE:BTCUSDT|5|1790465400000",f84b8d6f6654402d5032adce31dc0a2a7ef1098a2789f576e7030809d5d9c2c7,1790465100000,1790465400000,218.80702,43.18834
"TV-FOOTPRINT-CALIBRATION-001|MM-V1|BINANCE:BTCUSDT|5|1790465700000",621dda06ca4d9d1ad729f1d05df2724c32e8eb2ae3445c79997ab7b7e49349bc,1790465400000,1790465700000,38.68947,-3.84731
"TV-FOOTPRINT-CALIBRATION-001|MM-V1|BINANCE:BTCUSDT|5|1790466000000",c70fc800ef0347a62d1bfd4d995de19fd515feee78043c0d3da39c4ed37e4b09,1790465700000,1790466000000,144.11584,-96.67174
"TV-FOOTPRINT-CALIBRATION-001|MM-V1|BINANCE:BTCUSDT|5|1790466300000",1071e58c3cc3e7f6c697dfb06479ae14c818063be407ef0ea97afd91dc5a2aa7,1790466000000,1790466300000,67.29495,-43.72521
"TV-FOOTPRINT-CALIBRATION-001|MM-V1|BINANCE:BTCUSDT|5|1790466600000",d36ee8f3ec2a4f75cdddef1d6000ba4eb7fa4e8e1afc113284b220d254688b2b,1790466300000,1790466600000,73.67231,36.49283
"TV-FOOTPRINT-CALIBRATION-001|MM-V1|BINANCE:BTCUSDT|5|1790466900000",a9ccff2e78fc19a9d18d93f6775a28abe50e6f29d112957c2af3a6457cdbccde,1790466600000,1790466900000,12.22823,2.31297
"TV-FOOTPRINT-CALIBRATION-001|MM-V1|BINANCE:BTCUSDT|5|1790467200000",089335bdedfac5b3c81fa009fd753eb0965ce385d27e84292cef198f8c2b3b67,1790466900000,1790467200000,29.90641,10.29163
"TV-FOOTPRINT-CALIBRATION-001|MM-V1|BINANCE:BTCUSDT|5|1790467500000",eb5c4870e94e7802ffb21438280fb3891d8678b471d01e478bb90e5c1333e6c9,1790467200000,1790467500000,41.63442,-9.1305
"TV-FOOTPRINT-CALIBRATION-001|MM-V1|BINANCE:BTCUSDT|5|1790467800000",ab170aa81a967cb0e4ba95386bc0cac71e6bb490a031e3b8b3557f0be3d6e327,1790467500000,1790467800000,13.3651,1.4533
"TV-FOOTPRINT-CALIBRATION-001|MM-V1|BINANCE:BTCUSDT|5|1790468100000",426ce38370859e97ee92c1ab5a051e787e77ab3d45f393012f6430c6547dc5eb,1790467800000,1790468100000,12.61576,-0.04174
"TV-FOOTPRINT-CALIBRATION-001|MM-V1|BINANCE:BTCUSDT|5|1790468400000",add3f644d97ed8bf8fe8054e8b5e5bb5fa3ddba388c548acfd816d11cad5bed0,1790468100000,1790468400000,14.1938,-7.9806
"TV-FOOTPRINT-CALIBRATION-001|MM-V1|BINANCE:BTCUSDT|5|1790468700000",075c7f40422eb8201b8c0f7c1f5990c3471f0fe3fae3342bada338edfc9d1d4b,1790468400000,1790468700000,16.57157,5.42025
"TV-FOOTPRINT-CALIBRATION-001|MM-V1|BINANCE:BTCUSDT|5|1790469000000",d2d62970c02c6bf9a4fd45a805080576d7749b85273a37609fdae3a3473b1ad8,1790468700000,1790469000000,8.83242,0.9254
"TV-FOOTPRINT-CALIBRATION-001|MM-V1|BINANCE:BTCUSDT|5|1790469300000",f11be7b9f3c5f52ccec81751aa0007880dbe6a8104e55ec6bcd301f710b133ba,1790469000000,1790469300000,19.24072,8.73866
"TV-FOOTPRINT-CALIBRATION-001|MM-V1|BINANCE:BTCUSDT|5|1790469600000",989b22d09f41943f86fd10c7ec70c69e759487ca5578f161416e5e20c2b03895,1790469300000,1790469600000,25.27738,6.95392
"TV-FOOTPRINT-CALIBRATION-001|MM-V1|BINANCE:BTCUSDT|5|1790469900000",63323375c4e9badf1823b0c868fa9fab831f67b6fb7f96861f44663f97539d35,1790469600000,1790469900000,8.75459,-0.95723
"TV-FOOTPRINT-CALIBRATION-001|MM-V1|BINANCE:BTCUSDT|5|1790470200000",03bb0b10432c873be9bda0ed9275edcd598704cd306ed05bea78a6bbb63cc796,1790469900000,1790470200000,8.91885,-0.71199
"TV-FOOTPRINT-CALIBRATION-001|MM-V1|BINANCE:BTCUSDT|5|1790470500000",531259317ff16bb17badf8cc760b91af9aa2eac95f868a0e7fa72d9c3315efff,1790470200000,1790470500000,9.23318,-5.40628
"TV-FOOTPRINT-CALIBRATION-001|MM-V1|BINANCE:BTCUSDT|5|1790470800000",debb629abf32e901b1fa0d1b6e848204cb279b7bf6257dcc04b646e7f6ea51d8,1790470500000,1790470800000,1.62005,-0.16695
"TV-FOOTPRINT-CALIBRATION-001|MM-V1|BINANCE:BTCUSDT|5|1790471100000",7ea8774607be29ce4bd52fd303400a9a790e1af1a287fed6fe2c4e28b5961f83,1790470800000,1790471100000,5.81286,-2.77612
"TV-FOOTPRINT-CALIBRATION-001|MM-V1|BINANCE:BTCUSDT|5|1790471400000",d881914459df09363122e6cdf08cc6f5a8b6fca6c4d97c9a33f918fee0f12db2,1790471100000,1790471400000,8.13441,4.13503
"TV-FOOTPRINT-CALIBRATION-001|MM-V1|BINANCE:BTCUSDT|5|1790471700000",be2c3fa6b7755c1da419fd9845419c57d86f829a5a22eeea1bd30453092d5cdd,1790471400000,1790471700000,12.56378,5.75196
"TV-FOOTPRINT-CALIBRATION-001|MM-V1|BINANCE:BTCUSDT|5|1790472000000",5602138a75f26994893779a471218016221839f657beff50e80bc4fc56c928f1,1790471700000,1790472000000,21.22372,0.09378
"TV-FOOTPRINT-CALIBRATION-001|MM-V1|BINANCE:BTCUSDT|5|1790472300000",a1f02985b57798665bf73021a97b78aa12725b51065b7ba95f8b749c6d94166b,1790472000000,1790472300000,11.39414,-3.25976
"TV-FOOTPRINT-CALIBRATION-001|MM-V1|BINANCE:BTCUSDT|5|1790472600000",7c8526335c68ffbd49c8dbb854eb9939e709f06855103f30c9b2d98517dfce52,1790472300000,1790472600000,33.73373,-18.09415
"TV-FOOTPRINT-CALIBRATION-001|MM-V1|BINANCE:BTCUSDT|5|1790472900000",246301a47b5a51b565f663d96a593cec744922d28ce2735145628e48ceed58e2,1790472600000,1790472900000,23.89273,12.82821
"TV-FOOTPRINT-CALIBRATION-001|MM-V1|BINANCE:BTCUSDT|5|1790473200000",44eb99f2c23178cc4e1ad98dd5e1cb658fbf83ec5c179f78f149cafc124535c0,1790472900000,1790473200000,12.63482,10.42488
"TV-FOOTPRINT-CALIBRATION-001|MM-V1|BINANCE:BTCUSDT|5|1790473500000",1d57d1edea51ba7e99121c54978dc7c6058f4ca1afe69a2df4a59a73339b7231,1790473200000,1790473500000,14.69153,6.92923
"TV-FOOTPRINT-CALIBRATION-001|MM-V1|BINANCE:BTCUSDT|5|1790473800000",887584b8622beb7921d7e263b00afa18a797cf0d1c7345e5fc9cf3c6706cfb81,1790473500000,1790473800000,19.09032,16.75056
"TV-FOOTPRINT-CALIBRATION-001|MM-V1|BINANCE:BTCUSDT|5|1790474100000",a0a5cc602d1c08bb56da7159fbbaeeecf5658f5d7fe5bbaeea28883d4380b9d9,1790473800000,1790474100000,100.68411,60.04065
"TV-FOOTPRINT-CALIBRATION-001|MM-V1|BINANCE:BTCUSDT|5|1790474400000",78bf6899f31c40ded537423fdce04a4e82b4992d3771d18b5b6941d77a27bb08,1790474100000,1790474400000,38.65137,-0.07627
"TV-FOOTPRINT-CALIBRATION-001|MM-V1|BINANCE:BTCUSDT|5|1790474700000",64dd012b110e65edbbe5d1eb6df6a93f4d68138a3096491cd887df24d0ad8740,1790474400000,1790474700000,29.7027,1.34456
"TV-FOOTPRINT-CALIBRATION-001|MM-V1|BINANCE:BTCUSDT|5|1790475000000",30c9c6383112eeb652b3a15401c42ef70a8090ba27aa461f50664eccf7877a45,1790474700000,1790475000000,31.81029,6.84379
"TV-FOOTPRINT-CALIBRATION-001|MM-V1|BINANCE:BTCUSDT|5|1790475300000",8dfe0e4cfe106e0a46d144b62de095cdd437fb0458cadb5c577a525ca8a95253,1790475000000,1790475300000,23.60661,-11.70037
"TV-FOOTPRINT-CALIBRATION-001|MM-V1|BINANCE:BTCUSDT|5|1790475600000",8dc9f3bce8aacf1fa02944432c5a3556a2bd3f45428575529dbdbf123504137a,1790475300000,1790475600000,17.60246,-1.13228
"TV-FOOTPRINT-CALIBRATION-001|MM-V1|BINANCE:BTCUSDT|5|1790475900000",f42ce4c8831df3d01fee9b1d5a2334d2d63d92a50ae6b579d39a6b200767c54b,1790475600000,1790475900000,11.06477,0.44421
"TV-FOOTPRINT-CALIBRATION-001|MM-V1|BINANCE:BTCUSDT|5|1790476200000",f849ee087d6a11b2634e1f2aab734a91e0c711dcb69f70445f8c1bce9c909f76,1790475900000,1790476200000,24.88387,-10.75755
"TV-FOOTPRINT-CALIBRATION-001|MM-V1|BINANCE:BTCUSDT|5|1790476500000",a0603f5259a5b418b8e102e2405d2461754e777a3d6667e3b6157b5d23c14626,1790476200000,1790476500000,13.01383,-2.92989
"TV-FOOTPRINT-CALIBRATION-001|MM-V1|BINANCE:BTCUSDT|5|1790476800000",fa0d41b858adab9b6196605032c82c33c3506f00b858ac38906790d4e7c4d9b8,1790476500000,1790476800000,10.37368,-8.44964
"TV-FOOTPRINT-CALIBRATION-001|MM-V1|BINANCE:BTCUSDT|5|1790477100000",baa7d982325ab04d7240f603631cb2ba1d124d2766ab0f4157f4d121357c1116,1790476800000,1790477100000,8.96289,3.84139
"TV-FOOTPRINT-CALIBRATION-001|MM-V1|BINANCE:BTCUSDT|5|1790477400000",5b7a8620066b8a219ed33a4b8d75bbc46541193b77c3400889b8bb30db231eb8,1790477100000,1790477400000,11.38677,-6.96347
"TV-FOOTPRINT-CALIBRATION-001|MM-V1|BINANCE:BTCUSDT|5|1790477700000",714a9027dd38474acbe59da8376f8fa4397f52993d0bcc1b1ab3faf7f3924f0d,1790477400000,1790477700000,10.54126,-2.29622
"TV-FOOTPRINT-CALIBRATION-001|MM-V1|BINANCE:BTCUSDT|5|1790478000000",6992199392bb6f0208aea044a7503fe76d66f2dad19aa3683e7818ce3ba0bfa7,1790477700000,1790478000000,12.07364,-0.95428
"TV-FOOTPRINT-CALIBRATION-001|MM-V1|BINANCE:BTCUSDT|5|1790478300000",d7f466b0472493845e598e5a348f7ab49d272485e4f823b13a6f87861f0c258d,1790478000000,1790478300000,18.39978,14.4624
"TV-FOOTPRINT-CALIBRATION-001|MM-V1|BINANCE:BTCUSDT|5|1790478600000",0ad635df72fa3f88193becbab3be792fcb621cddb91e3c09e1408f775331e0c2,1790478300000,1790478600000,32.48689,-25.76123
"TV-FOOTPRINT-CALIBRATION-001|MM-V1|BINANCE:BTCUSDT|5|1790478900000",985674695f62dc42c187d6ec6fd95dba73888c47ca993b8e0fe26bacf9375e5e,1790478600000,1790478900000,15.68196,-2.95208
"TV-FOOTPRINT-CALIBRATION-001|MM-V1|BINANCE:BTCUSDT|5|1790479200000",8687b6e72eb43e2700a73c4651630f4c732a61e23c93099b0d49e19ec2489e00,1790478900000,1790479200000,10.79853,-3.35769
"TV-FOOTPRINT-CALIBRATION-001|MM-V1|BINANCE:BTCUSDT|5|1790479500000",f5bedfac3bf77a4788e1ef715e3e1011541e43d8a0b6d445d0b0ab028ba5ae54,1790479200000,1790479500000,14.52886,-9.53646
"TV-FOOTPRINT-CALIBRATION-001|MM-V1|BINANCE:BTCUSDT|5|1790479800000",485a6efd85cedd6d600119a54e97b9bacf8a1f2f811fb94dd7af7902d1ceec2c,1790479500000,1790479800000,16.97857,5.77285
"TV-FOOTPRINT-CALIBRATION-001|MM-V1|BINANCE:BTCUSDT|5|1790480100000",9d1d4a017b0bfde984b92afc7f44ec0e0eb3a60392880e2cd5a35255c860a7b2,1790479800000,1790480100000,8.02498,6.24678
"TV-FOOTPRINT-CALIBRATION-001|MM-V1|BINANCE:BTCUSDT|5|1790480400000",4453ec0e4f4116672d64a4140224225034cb971d6477808b189ccff9c28ada64,1790480100000,1790480400000,14.95473,-7.18763
"TV-FOOTPRINT-CALIBRATION-001|MM-V1|BINANCE:BTCUSDT|5|1790480700000",e8ebee5eee1c2fd44939a9d7e0b3522ded62911ae5c5352e631eafdd9a6b9ba9,1790480400000,1790480700000,13.72537,-4.28979
"TV-FOOTPRINT-CALIBRATION-001|MM-V1|BINANCE:BTCUSDT|5|1790481000000",0c94a67e411f3ab30253582c6534259df2be004c00964a7a8828b01b796aa8c4,1790480700000,1790481000000,23.19784,-1.43894
"TV-FOOTPRINT-CALIBRATION-001|MM-V1|BINANCE:BTCUSDT|5|1790481300000",ce1db82f812c344a3b317e263529f818d008126fd90b07523358288df1ad9cfe,1790481000000,1790481300000,9.09273,2.10523
"TV-FOOTPRINT-CALIBRATION-001|MM-V1|BINANCE:BTCUSDT|5|1790481600000",43b84b30ac15b48565eec9a1956cf4e61692a1bbfdffe32d963d13adc04cd5d2,1790481300000,1790481600000,15.89966,-1.48244
"TV-FOOTPRINT-CALIBRATION-001|MM-V1|BINANCE:BTCUSDT|5|1790481900000",50475628272bbba1f651c484f71e561568def5e75fbddac34cb60bbda7a664fe,1790481600000,1790481900000,17.34076,4.33782
"TV-FOOTPRINT-CALIBRATION-001|MM-V1|BINANCE:BTCUSDT|5|1790482200000",d77d2a9d10768ed15c1afb7590e1b0d0a16101e1842191683e4314eece13509f,1790481900000,1790482200000,12.06895,-0.53933
"TV-FOOTPRINT-CALIBRATION-001|MM-V1|BINANCE:BTCUSDT|5|1790482500000",f1d5f843c8fec0bdd9b737fdf33c20bfda0ef5c1bb400d00426851499f11906f,1790482200000,1790482500000,10.6703,2.66134
"TV-FOOTPRINT-CALIBRATION-001|MM-V1|BINANCE:BTCUSDT|5|1790482800000",3551ae5ed26552d16779851b1bf5314d95de7e13b4024d1375dd0196bdb7030e,1790482500000,1790482800000,8.1199,-1.51128
"TV-FOOTPRINT-CALIBRATION-001|MM-V1|BINANCE:BTCUSDT|5|1790483100000",4784dc382da64b11ff2220f0847a69334382881d2b7f267a2274d9792454bd90,1790482800000,1790483100000,22.293,-5.17934
"TV-FOOTPRINT-CALIBRATION-001|MM-V1|BINANCE:BTCUSDT|5|1790483400000",f02b7899ec1be38f7fdc7b3706d72d2e6c15e3ca10c39081d5ebdfc67acd097e,1790483100000,1790483400000,10.82793,-4.03257
"TV-FOOTPRINT-CALIBRATION-001|MM-V1|BINANCE:BTCUSDT|5|1790483700000",d69057956ca042a32d74874b9f0864b3a936beca8affd6ca80b003357437ce05,1790483400000,1790483700000,25.59823,-18.58233
"TV-FOOTPRINT-CALIBRATION-001|MM-V1|BINANCE:BTCUSDT|5|1790484000000",7953e25cf8da843ab84d6aa19f156fa152e2bd4dc64c780443b9071e5cb5436c,1790483700000,1790484000000,25.27615,-4.25861
"TV-FOOTPRINT-CALIBRATION-001|MM-V1|BINANCE:BTCUSDT|5|1790484300000",908cd526eab8825e336128e84a217d2845c5938628573688596164457dcd795f,1790484000000,1790484300000,15.22209,-5.79369
"TV-FOOTPRINT-CALIBRATION-001|MM-V1|BINANCE:BTCUSDT|5|1790484600000",02800fd1de8cccbb21cce7655897dcd6402ee1ef86d256169815b825abada066,1790484300000,1790484600000,15.26251,0.42573
"TV-FOOTPRINT-CALIBRATION-001|MM-V1|BINANCE:BTCUSDT|5|1790484900000",340fbd08d23a852c330d63c38d7d7d1736bd88bae4814f4757ea5749dc858db2,1790484600000,1790484900000,9.83953,-0.30617
"TV-FOOTPRINT-CALIBRATION-001|MM-V1|BINANCE:BTCUSDT|5|1790485200000",c3da2548d4b284b2709854312a53af6944d5ea3bf08f2142eeadf91260591db0,1790484900000,1790485200000,26.62415,-10.28987
"TV-FOOTPRINT-CALIBRATION-001|MM-V1|BINANCE:BTCUSDT|5|1790485500000",42e15085f4edbf8450318343ab3c94c82f7bc716e4e4d5c175afe6c4675208ec,1790485200000,1790485500000,26.40974,-12.40218
"TV-FOOTPRINT-CALIBRATION-001|MM-V1|BINANCE:BTCUSDT|5|1790485800000",e4d14fa938ab25f9fb885053e4bdc18fe66b335fbb95bf8f7ee82dcff5a9ea28,1790485500000,1790485800000,10.12089,-1.80821
"TV-FOOTPRINT-CALIBRATION-001|MM-V1|BINANCE:BTCUSDT|5|1790486100000",70099fd103ff0aaf3af268bff7ecd13d5e56824ca3ba7d8c0cec615d0ba7131f,1790485800000,1790486100000,9.91447,-3.04735
"TV-FOOTPRINT-CALIBRATION-001|MM-V1|BINANCE:BTCUSDT|5|1790486400000",a9c3b6deb137ec44702d167d560b0d292acedb678eecaa4170d8e248b7d7ec51,1790486100000,1790486400000,3.73792,1.476
"TV-FOOTPRINT-CALIBRATION-001|MM-V1|BINANCE:BTCUSDT|5|1790486700000",4086a27378a57ad9e2a4c8db852eb80afb9387530bb6e89cc7aa306854b555f4,1790486400000,1790486700000,9.03507,2.63147
"TV-FOOTPRINT-CALIBRATION-001|MM-V1|BINANCE:BTCUSDT|5|1790487000000",0393460d95ef43afe8485932e831101fd7665633a8cdced0d8758a758f27a50b,1790486700000,1790487000000,7.44046,-2.35068
"TV-FOOTPRINT-CALIBRATION-001|MM-V1|BINANCE:BTCUSDT|5|1790487300000",7cd552a732f6f985f6386c795d4a9e41e4c23dba141138d1999cbdc2eb401f16,1790487000000,1790487300000,40.60247,8.99697
"TV-FOOTPRINT-CALIBRATION-001|MM-V1|BINANCE:BTCUSDT|5|1790487600000",c1266b52894180f29127f50f672c9c2d3d1668d19f741a7e2ef617dc4460c325,1790487300000,1790487600000,107.67614,30.68448
"TV-FOOTPRINT-CALIBRATION-001|MM-V1|BINANCE:BTCUSDT|5|1790487900000",d6ac8b887c2210928f00e576e534dce58f72686570502d53cb3ccb248867f414,1790487600000,1790487900000,20.54137,2.91045
"TV-FOOTPRINT-CALIBRATION-001|MM-V1|BINANCE:BTCUSDT|5|1790488200000",ffcf71a3cd10bba1f610ba642c0e8d2f1ef527f4563e6fa42766242b50db1838,1790487900000,1790488200000,13.02356,-3.99656
"TV-FOOTPRINT-CALIBRATION-001|MM-V1|BINANCE:BTCUSDT|5|1790488500000",46a12e86bd70a21aa5341403c91482dfedeccfc97ce6700912e15923faa7d2c2,1790488200000,1790488500000,16.64116,-10.59188
"TV-FOOTPRINT-CALIBRATION-001|MM-V1|BINANCE:BTCUSDT|5|1790488800000",2a21baff4d889104271a3e77f54498c6fc86eee465d54e66505abfbcf9c794d3,1790488500000,1790488800000,86.79762,-7.18274
"TV-FOOTPRINT-CALIBRATION-001|MM-V1|BINANCE:BTCUSDT|5|1790489100000",602f8ec8fe0dc9623d29d0005e1d970a5d6fe527160eef0b85768b0c2076b2cf,1790488800000,1790489100000,32.93343,9.65073
"TV-FOOTPRINT-CALIBRATION-001|MM-V1|BINANCE:BTCUSDT|5|1790489400000",2e1aa7cfdb683c8448efdfc76067f297a1e44a6ed3fec4f6f76dcaec50dd8134,1790489100000,1790489400000,13.98757,11.11525
"TV-FOOTPRINT-CALIBRATION-001|MM-V1|BINANCE:BTCUSDT|5|1790489700000",ad96d6bbb5820c702f2174525a76cd43d291e7070a529fea7c1a83a9b4977628,1790489400000,1790489700000,39.61594,12.10834
"TV-FOOTPRINT-CALIBRATION-001|MM-V1|BINANCE:BTCUSDT|5|1790490000000",f205213855f6df4cbb8b2c4ab659cfa6f0e00fdf321ed8bd9b3206fd2c316f27,1790489700000,1790490000000,53.76738,1.18384
"TV-FOOTPRINT-CALIBRATION-001|MM-V1|BINANCE:BTCUSDT|5|1790490300000",9ee11e692ee89988ed4159054a2453fd5129ecdf6c0fa7f70f4a7d201f7f4eb6,1790490000000,1790490300000,92.20015,-18.37475
"TV-FOOTPRINT-CALIBRATION-001|MM-V1|BINANCE:BTCUSDT|5|1790490600000",343e74e3af602987fbed12e2e636e7cf04074d4ee89f08ff8872f9ad25ed039e,1790490300000,1790490600000,22.63218,-1.81708
"TV-FOOTPRINT-CALIBRATION-001|MM-V1|BINANCE:BTCUSDT|5|1790490900000",2f81325a09f63828cbcc68c5b5056870009069a2bbb027ec305ca9ffa71b10b1,1790490600000,1790490900000,32.24241,2.66009
"TV-FOOTPRINT-CALIBRATION-001|MM-V1|BINANCE:BTCUSDT|5|1790491200000",e4983068db656a3582f40f50b3f399dcb2b0ec036b7f26db969e4dce1aff857b,1790490900000,1790491200000,47.78739,16.82033
"TV-FOOTPRINT-CALIBRATION-001|MM-V1|BINANCE:BTCUSDT|5|1790491500000",5f861a3131a00bb5c206a43632ced2da74d762e414d8d60438c4c990d5e4411d,1790491200000,1790491500000,28.39761,-3.13109
"TV-FOOTPRINT-CALIBRATION-001|MM-V1|BINANCE:BTCUSDT|5|1790491800000",3010778a3380eea8b9c84cb5055c9559ceba9a51469eb5670b62b80f5c83993b,1790491500000,1790491800000,26.10072,13.14858
"TV-FOOTPRINT-CALIBRATION-001|MM-V1|BINANCE:BTCUSDT|5|1790492100000",90ddfa7ee08c7e6eee2f6203090d59bf8d7aaa88daa4682525b7d5813c64744b,1790491800000,1790492100000,18.2794,-12.8325
"TV-FOOTPRINT-CALIBRATION-001|MM-V1|BINANCE:BTCUSDT|5|1790492400000",c269489fc45c46073c61f95da45180ae87fd97e353a30acf5d9b31f4d4759580,1790492100000,1790492400000,32.49245,-0.55179
"TV-FOOTPRINT-CALIBRATION-001|MM-V1|BINANCE:BTCUSDT|5|1790492700000",06cc1a9750bfaf522b3af4c6df5659f85990c50a7551668a2d2e6ac631ecf237,1790492400000,1790492700000,9.48894,3.0273
"TV-FOOTPRINT-CALIBRATION-001|MM-V1|BINANCE:BTCUSDT|5|1790493000000",2777eb11b850231c2fc6760da449e42b0fdfdaef8ba996969da6f449baa1f1e2,1790492700000,1790493000000,6.83442,-0.44098
"TV-FOOTPRINT-CALIBRATION-001|MM-V1|BINANCE:BTCUSDT|5|1790493300000",708aabd8c25563c68d01c8e767466fe999e284897a65df8284277575748b04f0,1790493000000,1790493300000,49.40991,19.29723
"TV-FOOTPRINT-CALIBRATION-001|MM-V1|BINANCE:BTCUSDT|5|1790493600000",f5b52b180cb540846a7e10f7c3560c02ddf35a558de5a79e740a6a9cf8ad1cf0,1790493300000,1790493600000,44.54841,4.46121
"TV-FOOTPRINT-CALIBRATION-001|MM-V1|BINANCE:BTCUSDT|5|1790493900000",dea4ce6af93f9267aca58c4be4e4de83c4309be533581c9ac4b77ebc4b0926a0,1790493600000,1790493900000,24.72608,-2.16882
"TV-FOOTPRINT-CALIBRATION-001|MM-V1|BINANCE:BTCUSDT|5|1790494200000",a32d3c9c0bbf059df9a960cf27af1d864b045bec8b9c21042f849db44b906283,1790493900000,1790494200000,43.27106,23.48764
"TV-FOOTPRINT-CALIBRATION-001|MM-V1|BINANCE:BTCUSDT|5|1790494500000",eed8384eca8cff0499c0e5e2a49eafa338dfba2b329f9a9f42d3cd0afa29debb,1790494200000,1790494500000,14.24987,8.42425
"TV-FOOTPRINT-CALIBRATION-001|MM-V1|BINANCE:BTCUSDT|5|1790494800000",9c39c23e4f9ffbcf502165c890c8e738ce7525f800245b523f16e1fc1dca2f4f,1790494500000,1790494800000,28.98613,-6.94781
"TV-FOOTPRINT-CALIBRATION-001|MM-V1|BINANCE:BTCUSDT|5|1790495100000",f1fccea6cb22963a9c40d4e410ef5b0425d9d864b0718ce65347c2c5fcde92df,1790494800000,1790495100000,34.55828,0.4294
"TV-FOOTPRINT-CALIBRATION-001|MM-V1|BINANCE:BTCUSDT|5|1790495400000",5cdf08028c32d319974311e5c63b061c30dc4b74e2f506abc1ea10d8c97789e0,1790495100000,1790495400000,43.05023,12.97939
"TV-FOOTPRINT-CALIBRATION-001|MM-V1|BINANCE:BTCUSDT|5|1790495700000",e29c14a2934b7a387b330fe8667deda44a62f20592b6a7c5d8ef8148f2f6c5ea,1790495400000,1790495700000,78.16957,26.17921
"TV-FOOTPRINT-CALIBRATION-001|MM-V1|BINANCE:BTCUSDT|5|1790496000000",e49eafe943889af3de9ee427351d6f8baaeb1079436e0070d714064bf7f0d5be,1790495700000,1790496000000,88.69611,34.66921
"TV-FOOTPRINT-CALIBRATION-001|MM-V1|BINANCE:BTCUSDT|5|1790496300000",8c2b105493507d8aed1ffada098802a46ba5848566256d62ce27b8e7437168cd,1790496000000,1790496300000,174.1085,-44.50146
"TV-FOOTPRINT-CALIBRATION-001|MM-V1|BINANCE:BTCUSDT|5|1790496600000",afb6eedfcd784ec8eac9a3a9e2b4f6bc05ab9ca1cab549098b13461b52cb6588,1790496300000,1790496600000,102.50032,8.23648
"TV-FOOTPRINT-CALIBRATION-001|MM-V1|BINANCE:BTCUSDT|5|1790496900000",30cb9cd23e9445a2111853c5a5218b027135348d3a8f45551c7ef96c4f571554,1790496600000,1790496900000,54.58609,-5.55835
"TV-FOOTPRINT-CALIBRATION-001|MM-V1|BINANCE:BTCUSDT|5|1790497200000",5e95db289cf60ba75ff8b91e146fd5cae7f4a1e0798f800b3e86f961a265b292,1790496900000,1790497200000,67.79954,-22.2094
"TV-FOOTPRINT-CALIBRATION-001|MM-V1|BINANCE:BTCUSDT|5|1790497500000",8ecde9d4b9a51dfced688d7fe7fb01d7d020dec44ebb55f9a3c1b0b979d8a9c1,1790497200000,1790497500000,46.04215,-9.69109
"TV-FOOTPRINT-CALIBRATION-001|MM-V1|BINANCE:BTCUSDT|5|1790497800000",2d5f77554a4400158372ed88fde7a5fc102dcf7225829de0b07e099903b0c7fa,1790497500000,1790497800000,74.49434,11.58228
"TV-FOOTPRINT-CALIBRATION-001|MM-V1|BINANCE:BTCUSDT|5|1790498100000",21347967154ab96d8bf3bde818f25983932846dd76eec53cfc2bc6bdcf02c91e,1790497800000,1790498100000,84.00546,15.0585
"TV-FOOTPRINT-CALIBRATION-001|MM-V1|BINANCE:BTCUSDT|5|1790498400000",d447e8ed7a4cdbe4cd25e9cebe52ee8853dcca427a33fcc54b89347fbf7692d0,1790498100000,1790498400000,60.55546,0.35768
"TV-FOOTPRINT-CALIBRATION-001|MM-V1|BINANCE:BTCUSDT|5|1790498700000",e57d239d36242968f2d2d1945b4c76220f01e7916cacb08ac37312b7c4272083,1790498400000,1790498700000,68.77178,39.1017
"TV-FOOTPRINT-CALIBRATION-001|MM-V1|BINANCE:BTCUSDT|5|1790499000000",1e66d6df7e9ed0692d483c5c31d168523584638ac6c32d06761606facd17504c,1790498700000,1790499000000,62.36695,20.86043
"TV-FOOTPRINT-CALIBRATION-001|MM-V1|BINANCE:BTCUSDT|5|1790499300000",5a0c62f64301275bf98f8c33b77cf672c9ffc40cf775a4b49fe62a3e6490cc97,1790499000000,1790499300000,78.76435,12.69747
"TV-FOOTPRINT-CALIBRATION-001|MM-V1|BINANCE:BTCUSDT|5|1790499600000",e5d4d85e0e159f3f142e78a393cabf39af6c6f93fb279324fd097d690d97160e,1790499300000,1790499600000,82.99957,-37.97713
"TV-FOOTPRINT-CALIBRATION-001|MM-V1|BINANCE:BTCUSDT|5|1790499900000",32ffe6f35c248fbf64848dd5c4f196cfda9dde0818d407d7bf0006dfb766913e,1790499600000,1790499900000,81.75169,-26.39411
"TV-FOOTPRINT-CALIBRATION-001|MM-V1|BINANCE:BTCUSDT|5|1790500200000",2aca64b1286fa9749e8d0c7f6203d7a61b1e50c1b333c57c8448df795ba6999c,1790499900000,1790500200000,78.25465,-55.09891
"TV-FOOTPRINT-CALIBRATION-001|MM-V1|BINANCE:BTCUSDT|5|1790500500000",b56ebe434b883e3ab2954c57ba904172ed52a4be954000e85194f8dec627060b,1790500200000,1790500500000,86.78073,5.09199
"TV-FOOTPRINT-CALIBRATION-001|MM-V1|BINANCE:BTCUSDT|5|1790500800000",1de4681d4755a802564f180806c5b9c1cd1240247ddd0499685a40ac25da1c3a,1790500500000,1790500800000,63.30755,-0.25753
"TV-FOOTPRINT-CALIBRATION-001|MM-V1|BINANCE:BTCUSDT|5|1790501100000",74008135f5272575a746a469bc1f804673e423c0193335ff0411c1bc10bdf8c5,1790500800000,1790501100000,83.99942,-37.25144
"TV-FOOTPRINT-CALIBRATION-001|MM-V1|BINANCE:BTCUSDT|5|1790501400000",9ec886a4bac0db53f5227f46fd40e3d71394771d46807964fb724dcba1667530,1790501100000,1790501400000,63.74495,6.11505
"TV-FOOTPRINT-CALIBRATION-001|MM-V1|BINANCE:BTCUSDT|5|1790501700000",de0441157921a36b6c13a0d1a4c05c07b3b522b19265f3d467895ab5211af162,1790501400000,1790501700000,95.28252,-7.52844
"TV-FOOTPRINT-CALIBRATION-001|MM-V1|BINANCE:BTCUSDT|5|1790502000000",4262c001196f757f592a837cb4816f561b6aeae798c6fd0d659d029283ca0904,1790501700000,1790502000000,66.25764,-10.76524
"TV-FOOTPRINT-CALIBRATION-001|MM-V1|BINANCE:BTCUSDT|5|1790502300000",eaa98c4f1ba9b8d1f45a89550d0aef7876e12fe25d74a560f28c46d669703ed9,1790502000000,1790502300000,125.03442,-10.1116
"TV-FOOTPRINT-CALIBRATION-001|MM-V1|BINANCE:BTCUSDT|5|1790502600000",6dde3555cc2b67e43b9413cffce152d49962bf85864143fb70b718c122e6dfef,1790502300000,1790502600000,117.85515,21.27395
"TV-FOOTPRINT-CALIBRATION-001|MM-V1|BINANCE:BTCUSDT|5|1790502900000",8ca66cf97f75275f0bae01a5214ea14958d234d8592f395bec04487e15e38090,1790502600000,1790502900000,172.13411,-12.93725
"TV-FOOTPRINT-CALIBRATION-001|MM-V1|BINANCE:BTCUSDT|5|1790503200000",02f4a352bd70bb2bc7d0453848bc0c622e1e68489f72446c9b8980ea9fbc6e10,1790502900000,1790503200000,286.06876,-98.32486
"TV-FOOTPRINT-CALIBRATION-001|MM-V1|BINANCE:BTCUSDT|5|1790503500000",ef8d988745622801fa3d19078e375800484d833fa451c783a9f2b2ebc3c358be,1790503200000,1790503500000,88.89986,1.90476
"TV-FOOTPRINT-CALIBRATION-001|MM-V1|BINANCE:BTCUSDT|5|1790503800000",2db0245e711359915b084eada78509a80f07b08eec413209da2c0d2bb13581a0,1790503500000,1790503800000,49.267,6.61096
"TV-FOOTPRINT-CALIBRATION-001|MM-V1|BINANCE:BTCUSDT|5|1790504100000",23e3f0764a0bd98337d1395c75f849bb0836d3646000337fcaa8bee968222e56,1790503800000,1790504100000,82.37505,29.62197
"TV-FOOTPRINT-CALIBRATION-001|MM-V1|BINANCE:BTCUSDT|5|1790504400000",100010c83964f525a9f135c7f1b64ecf76963b4a8671ebbd4521f24e716e1d71,1790504100000,1790504400000,79.50872,6.66096
"TV-FOOTPRINT-CALIBRATION-001|MM-V1|BINANCE:BTCUSDT|5|1790504700000",bc4789047d35322f035a2cb2a27a24ce8b80abd8962ceb3ea93500f2a0d60b85,1790504400000,1790504700000,41.33842,-14.66614
"TV-FOOTPRINT-CALIBRATION-001|MM-V1|BINANCE:BTCUSDT|5|1790505000000",720c409c5ebe195b12d7a327ec31c920bbfc9902276c75ca6d45882a31c8f89d,1790504700000,1790505000000,39.26494,-19.72666
"TV-FOOTPRINT-CALIBRATION-001|MM-V1|BINANCE:BTCUSDT|5|1790505300000",75d9f310e4c0caf12f2fe464faa7fedd67f5bbd42a7e384e04a6a5c1a24e768a,1790505000000,1790505300000,36.17326,-23.20986
"TV-FOOTPRINT-CALIBRATION-001|MM-V1|BINANCE:BTCUSDT|5|1790505600000",76b5ba685b0b82abda0c3511bd72d68a260cbc4e35a16e0209dd25f877f84ee9,1790505300000,1790505600000,24.16268,-20.32202
"TV-FOOTPRINT-CALIBRATION-001|MM-V1|BINANCE:BTCUSDT|5|1790505900000",1e898578c32576cca64cfe46ac128f875c1c89d7975dc63a4e074464186e67d7,1790505600000,1790505900000,20.12153,-4.30791
"TV-FOOTPRINT-CALIBRATION-001|MM-V1|BINANCE:BTCUSDT|5|1790506200000",33b5088fdbd90475355866f9e0fd4f2675f48f5b658f92bf74e3256231a455a5,1790505900000,1790506200000,16.6057,7.76734
"TV-FOOTPRINT-CALIBRATION-001|MM-V1|BINANCE:BTCUSDT|5|1790506500000",b34926856299a57e37a9d7734b1658a72635aa1e94cc1e782c142f0c05410971,1790506200000,1790506500000,14.52307,-6.87959
"TV-FOOTPRINT-CALIBRATION-001|MM-V1|BINANCE:BTCUSDT|5|1790506800000",64bc1da98ff3fa1e6772482d9712a00642f4182545183cd38628609847f62075,1790506500000,1790506800000,36.27488,29.1006
"TV-FOOTPRINT-CALIBRATION-001|MM-V1|BINANCE:BTCUSDT|5|1790507100000",777427b5c0dff8e58ce83d3392b76568e79ef3d1443744dae4fa02438e97c892,1790506800000,1790507100000,26.2817,-2.3128
"TV-FOOTPRINT-CALIBRATION-001|MM-V1|BINANCE:BTCUSDT|5|1790507400000",ee06448eee4039d83fff44497e5caa7924204ecbe73008060d6fcff877fbfd02,1790507100000,1790507400000,13.57913,1.14765
"TV-FOOTPRINT-CALIBRATION-001|MM-V1|BINANCE:BTCUSDT|5|1790507700000",e39e6a31cab0cc0331f4981c890b144ff5a3b045e3f62069ceb0abc413ab11a9,1790507400000,1790507700000,22.82185,-4.12689
"TV-FOOTPRINT-CALIBRATION-001|MM-V1|BINANCE:BTCUSDT|5|1790508000000",bad94f2f6bf05c5a327f9996607dc4de743de5cf23afe3bd177cb75a056010af,1790507700000,1790508000000,33.12833,-11.51435
"TV-FOOTPRINT-CALIBRATION-001|MM-V1|BINANCE:BTCUSDT|5|1790508300000",2805c299d563fbb9fea35691183bd83d39381cecdf97acd8d49eff36caacd8d8,1790508000000,1790508300000,17.32815,11.15721
"TV-FOOTPRINT-CALIBRATION-001|MM-V1|BINANCE:BTCUSDT|5|1790508600000",58561e3198d81297d403ecafed24255cc8e24f0cbb2019a11242b391dd6dc0c3,1790508300000,1790508600000,20.03917,-7.15647
"TV-FOOTPRINT-CALIBRATION-001|MM-V1|BINANCE:BTCUSDT|5|1790508900000",68d98234b5b48fb520f878f012daf4124098ae13879c3734f2236dcee81bbf52,1790508600000,1790508900000,12.40897,-8.66845
"TV-FOOTPRINT-CALIBRATION-001|MM-V1|BINANCE:BTCUSDT|5|1790509200000",8d8b52c48bae754d838fca16abfdc271c76ac4d000d14a9d0189525a759abbff,1790508900000,1790509200000,35.41442,-11.32376
"TV-FOOTPRINT-CALIBRATION-001|MM-V1|BINANCE:BTCUSDT|5|1790509500000",9212f309f814bca3c1c44299511a363e1b4401a8ad3812b30faf5bdab6141420,1790509200000,1790509500000,6.46046,4.80844
"TV-FOOTPRINT-CALIBRATION-001|MM-V1|BINANCE:BTCUSDT|5|1790509800000",027054109422cc014f0c1052437cbf8489bf22d23dfd7d450c6e316a6ebf0642,1790509500000,1790509800000,11.81832,-6.7116
"TV-FOOTPRINT-CALIBRATION-001|MM-V1|BINANCE:BTCUSDT|5|1790510100000",f73eb0b19d7be97bfdf81695e0d761e426ecef07ebe61068b5cd0e4e210d662e,1790509800000,1790510100000,16.04579,7.19925
"TV-FOOTPRINT-CALIBRATION-001|MM-V1|BINANCE:BTCUSDT|5|1790510400000",51bbf20c3f3fed8cdaa7c0ef90d7142a9d046a7ec2bcbf2fe24cebb4f0f2c7b1,1790510100000,1790510400000,17.07587,-1.66091
"TV-FOOTPRINT-CALIBRATION-001|MM-V1|BINANCE:BTCUSDT|5|1790510700000",a6e758d4b7d729145cb4ce6a2e9c31b5963964a4247ba65be3742fcf240d9e59,1790510400000,1790510700000,13.06994,5.7834
"TV-FOOTPRINT-CALIBRATION-001|MM-V1|BINANCE:BTCUSDT|5|1790511000000",c8d17c384f041a2bbb2d2f92e42efdfe97658776dc673d058fc58d5cad8548df,1790510700000,1790511000000,10.35498,3.88828
"TV-FOOTPRINT-CALIBRATION-001|MM-V1|BINANCE:BTCUSDT|5|1790511300000",e7a91472610b89a63511db698065024ba318d4709c727a8c99fe8dd3d7d1c303,1790511000000,1790511300000,29.29242,-1.40762
"TV-FOOTPRINT-CALIBRATION-001|MM-V1|BINANCE:BTCUSDT|5|1790511600000",c1edb7dd7045d60fcb15d9b9adf38db22dbb6dc06d2e7b5d748c18f45d01833f,1790511300000,1790511600000,61.27099,-21.38011
"TV-FOOTPRINT-CALIBRATION-001|MM-V1|BINANCE:BTCUSDT|5|1790511900000",a9f58b309dee31c0ce97eae6659f8658059d932a253bc2c042c94332ef72cbf7,1790511600000,1790511900000,37.86882,-16.0672
"TV-FOOTPRINT-CALIBRATION-001|MM-V1|BINANCE:BTCUSDT|5|1790512200000",f864feb21f0c5e188350d99566612aae9dcd73ed9e82f07299e0edce1dce1cd9,1790511900000,1790512200000,9.41395,2.34797
"TV-FOOTPRINT-CALIBRATION-001|MM-V1|BINANCE:BTCUSDT|5|1790512500000",72ce54d9b19bb047c05a28c4c2b62cfe65af3ccaafe25f6bf768e11043c7c5e9,1790512200000,1790512500000,9.94375,-1.38271
"TV-FOOTPRINT-CALIBRATION-001|MM-V1|BINANCE:BTCUSDT|5|1790512800000",a4359fb1dd5eea0b665f32bc13563a5ebcfb4f146519fa74660a3902f9a8209c,1790512500000,1790512800000,41.29588,26.5101
"TV-FOOTPRINT-CALIBRATION-001|MM-V1|BINANCE:BTCUSDT|5|1790513100000",f2734135fcb9c0ca5e8e2edd6a7f367515548a535c4c90437534ccdf949e0139,1790512800000,1790513100000,19.97207,-3.81627
"TV-FOOTPRINT-CALIBRATION-001|MM-V1|BINANCE:BTCUSDT|5|1790513400000",6fb30d8cae12ae10b408d6cf090e5e48dfdebffe3fa0b6da13502ec1f8baa155,1790513100000,1790513400000,12.2271,1.00776
"TV-FOOTPRINT-CALIBRATION-001|MM-V1|BINANCE:BTCUSDT|5|1790513700000",8fc243824a25ecfa2e6ce2262684bb2c3313731668a038538fa3542ff7d17699,1790513400000,1790513700000,11.72197,-2.39487
"TV-FOOTPRINT-CALIBRATION-001|MM-V1|BINANCE:BTCUSDT|5|1790514000000",07bee8081163a426fd1088acd1d6d45aea65fd948d3fd8c6ecfc662a8df29d21,1790513700000,1790514000000,37.52604,-6.1904
"TV-FOOTPRINT-CALIBRATION-001|MM-V1|BINANCE:BTCUSDT|5|1790514300000",5460d6d090d78c4d1266a08cd34ad4e5e084004d9c05ee088e1623fca92e085c,1790514000000,1790514300000,82.06395,-11.05149
"TV-FOOTPRINT-CALIBRATION-001|MM-V1|BINANCE:BTCUSDT|5|1790514600000",c6042c53f9b1cc8ee65d7ca445a081413b558c39f01a13b36927017ab34065ce,1790514300000,1790514600000,51.0148,15.03334
"TV-FOOTPRINT-CALIBRATION-001|MM-V1|BINANCE:BTCUSDT|5|1790514900000",9e1a6cb27769056b21e2f22a4d032e723ccfaf5c06c2f8d4d4651f494f4495b9,1790514600000,1790514900000,50.93203,-15.10397
"TV-FOOTPRINT-CALIBRATION-001|MM-V1|BINANCE:BTCUSDT|5|1790515200000",fae9bdb7fcdfe45ff9f9670485d0f68a57b328c167dee9823f7246d5484411c7,1790514900000,1790515200000,35.41757,15.33243
"TV-FOOTPRINT-CALIBRATION-001|MM-V1|BINANCE:BTCUSDT|5|1790515500000",73d8c84241391d75d889744b339784d662a13a016dd6192db5cccf4416c45aba,1790515200000,1790515500000,28.95019,19.88013
"TV-FOOTPRINT-CALIBRATION-001|MM-V1|BINANCE:BTCUSDT|5|1790515800000",615591c91995f7a7e0d94f75be369a61c4453004aa8613bf9e3652b35053aec6,1790515500000,1790515800000,24.86337,6.47099
"TV-FOOTPRINT-CALIBRATION-001|MM-V1|BINANCE:BTCUSDT|5|1790516100000",92e7903a5ebd576e5d88eac377569488c8551e2cb53687ece230a3a94801c339,1790515800000,1790516100000,83.85542,36.73366
"TV-FOOTPRINT-CALIBRATION-001|MM-V1|BINANCE:BTCUSDT|5|1790516400000",9481bd82efa3f845d52590d563cda9783c15e39b672b00dcae57b640b735d8d0,1790516100000,1790516400000,61.03791,-22.22367
"TV-FOOTPRINT-CALIBRATION-001|MM-V1|BINANCE:BTCUSDT|5|1790516700000",9133cc67fa5ea47e945cc4da31183a56919ce127b8792b6c418aa5fa6f86e027,1790516400000,1790516700000,24.7643,-8.59518
"TV-FOOTPRINT-CALIBRATION-001|MM-V1|BINANCE:BTCUSDT|5|1790517000000",6936bb681c4c5db04a7bd3730c347224a7e396d6fd1d4dc3d4375299967b571f,1790516700000,1790517000000,38.64061,0.93617
"TV-FOOTPRINT-CALIBRATION-001|MM-V1|BINANCE:BTCUSDT|5|1790517300000",8ba7402348e694287685537a8a4669903dacd88930c6450095fb5b0f9ce2abee,1790517000000,1790517300000,21.32671,0.64095
"TV-FOOTPRINT-CALIBRATION-001|MM-V1|BINANCE:BTCUSDT|5|1790517600000",50ea495bf7a3633a01033f4a930f29b5549d2962933ff57c02b13a4f36be4844,1790517300000,1790517600000,41.87449,23.39545
"TV-FOOTPRINT-CALIBRATION-001|MM-V1|BINANCE:BTCUSDT|5|1790517900000",e374d3932f06ea3e776df1a733f69dfda1035a49a3061195b1cc6cf6f5452231,1790517600000,1790517900000,43.32884,-12.46876
"TV-FOOTPRINT-CALIBRATION-001|MM-V1|BINANCE:BTCUSDT|5|1790518200000",840717fa2972b16004adefdbeb546637885ae45cdaecd6b124ef069832177fa3,1790517900000,1790518200000,29.06883,7.86363
"TV-FOOTPRINT-CALIBRATION-001|MM-V1|BINANCE:BTCUSDT|5|1790518500000",69c2302bfb01cb386fd2a3468c1d2ea65b09d526b1dc0c28f57adbb9ea078ae6,1790518200000,1790518500000,23.46295,-13.66689
"TV-FOOTPRINT-CALIBRATION-001|MM-V1|BINANCE:BTCUSDT|5|1790518800000",bf880deddceb5a8a862b25845cb8c1aee069695a78099cb50ad8148a4ce85008,1790518500000,1790518800000,14.12415,-5.26971
"TV-FOOTPRINT-CALIBRATION-001|MM-V1|BINANCE:BTCUSDT|5|1790519100000",e3f9c7e6ff4e568d1886a1d08dbe2bf6c6042910487d9358efc0dec231efc9a7,1790518800000,1790519100000,23.26677,-4.60489
"TV-FOOTPRINT-CALIBRATION-001|MM-V1|BINANCE:BTCUSDT|5|1790519400000",2f243f0d285943d886b228ea707c553d247a6079807cdfe6761fb75801f7e6a8,1790519100000,1790519400000,62.55614,-25.57568
"TV-FOOTPRINT-CALIBRATION-001|MM-V1|BINANCE:BTCUSDT|5|1790519700000",df4b6ebb71fa3d81145b0bbb783a220aac93a63715d5f805cbd1ec2169cbbc8d,1790519400000,1790519700000,33.27274,-0.2527
"TV-FOOTPRINT-CALIBRATION-001|MM-V1|BINANCE:BTCUSDT|5|1790520000000",31947bd356f99e9cbbeea493338da49d5633fc98af945400dd0eb2a3e715c8a0,1790519700000,1790520000000,67.6858,-28.82774
"TV-FOOTPRINT-CALIBRATION-001|MM-V1|BINANCE:BTCUSDT|5|1790520300000",4b2bd871ede9364ce5e3bb9325c73ab3c56488a0fde281ab718d53cdce8f8e20,1790520000000,1790520300000,35.11527,13.69751
"TV-FOOTPRINT-CALIBRATION-001|MM-V1|BINANCE:BTCUSDT|5|1790520600000",96c39f7606543b165dca4aed12d3962ee0aee307ddfbd446273a16b9e56f5323,1790520300000,1790520600000,133.9929,-98.64058
"TV-FOOTPRINT-CALIBRATION-001|MM-V1|BINANCE:BTCUSDT|5|1790520900000",0d5071e54a250c5b1a03e78615012cfc3ba8551718e2c359327a6c94f5ef3363,1790520600000,1790520900000,43.36558,9.67758
"TV-FOOTPRINT-CALIBRATION-001|MM-V1|BINANCE:BTCUSDT|5|1790521200000",0fca4e62173f15feb5d70e87b62ba3c0a32577b95686d93e15fc1acf0a0920cf,1790520900000,1790521200000,29.71019,-7.74505
"TV-FOOTPRINT-CALIBRATION-001|MM-V1|BINANCE:BTCUSDT|5|1790521500000",85949cf931e112006d18572d819e3b933471a41255b5a6d15ffebea53ba39113,1790521200000,1790521500000,54.78118,0.6176
"TV-FOOTPRINT-CALIBRATION-001|MM-V1|BINANCE:BTCUSDT|5|1790521800000",c3391b415d44a3850a0a6c1745d3c63c3c9c5bd9d2db7843e823135938c06572,1790521500000,1790521800000,110.63263,22.64417
"TV-FOOTPRINT-CALIBRATION-001|MM-V1|BINANCE:BTCUSDT|5|1790522100000",e133d0adb47c3c90010e846b38e59cfc32c7c215d64d3d834568639e072965da,1790521800000,1790522100000,32.45363,12.26989
"TV-FOOTPRINT-CALIBRATION-001|MM-V1|BINANCE:BTCUSDT|5|1790522400000",4833b0c49c9cc9581d77846b947f525f1c342fed795cb7f4fe2635627c762561,1790522100000,1790522400000,31.38652,2.41818
"TV-FOOTPRINT-CALIBRATION-001|MM-V1|BINANCE:BTCUSDT|5|1790522700000",4840ba562c08262a54162b2ad7890bdedbe260e8d69c716b6f9810e437d6d2ec,1790522400000,1790522700000,33.90056,8.00312
"TV-FOOTPRINT-CALIBRATION-001|MM-V1|BINANCE:BTCUSDT|5|1790523000000",1f61eec9ec3f27cf02dca62823bb6b3209b9cd45b66bc8162d37a1f4e8927715,1790522700000,1790523000000,52.64096,11.77354
"TV-FOOTPRINT-CALIBRATION-001|MM-V1|BINANCE:BTCUSDT|5|1790523300000",2d74e0b4e12f2f65e5f38adf52e4d2c91151596cb8eb6cffe13dab71e54652a8,1790523000000,1790523300000,43.75509,-11.54357
"TV-FOOTPRINT-CALIBRATION-001|MM-V1|BINANCE:BTCUSDT|5|1790523600000",1a1d90fdee2fb85d4ff917f2cbabf70e7572f14be1d2e89252cdc7a24868ae71,1790523300000,1790523600000,20.10594,5.28808
"TV-FOOTPRINT-CALIBRATION-001|MM-V1|BINANCE:BTCUSDT|5|1790523900000",ead42510cef5252c10cdf16adbfe5feaa4aa6ae988c98814315f1b879c4587e8,1790523600000,1790523900000,41.69413,-0.31701
"TV-FOOTPRINT-CALIBRATION-001|MM-V1|BINANCE:BTCUSDT|5|1790524200000",51bbed584d3099f783b06b77876752013f953a3a4022f9744f07b2b320290f57,1790523900000,1790524200000,14.59474,0.01242
"TV-FOOTPRINT-CALIBRATION-001|MM-V1|BINANCE:BTCUSDT|5|1790524500000",143addf381ef51442b813779635ea63b7f6561bfc9c9e2fe2a2445f341189eee,1790524200000,1790524500000,21.92468,-5.26236
"TV-FOOTPRINT-CALIBRATION-001|MM-V1|BINANCE:BTCUSDT|5|1790524800000",00d6e780d473c4736f2f53bf54c3dd8b0eeb8decd9c68eb6f4fc26f4f8c1a9a6,1790524500000,1790524800000,18.92921,1.48315
"TV-FOOTPRINT-CALIBRATION-001|MM-V1|BINANCE:BTCUSDT|5|1790525100000",23435912e62188fca0ef0a9ccb9edcbc7f29c20d73d4ffdad7963f9ccd5eb380,1790524800000,1790525100000,19.20143,4.73947
"TV-FOOTPRINT-CALIBRATION-001|MM-V1|BINANCE:BTCUSDT|5|1790525400000",b57a5a0bafb6023e1347bc477f3c46c94eb287e025114d7c4ae67974dc603718,1790525100000,1790525400000,19.19209,4.37513
"TV-FOOTPRINT-CALIBRATION-001|MM-V1|BINANCE:BTCUSDT|5|1790525700000",2364a44416a6782954d9ba2f5f37ad95fdbd0d22866f3e0d3c1de97da7485bbf,1790525400000,1790525700000,8.8837,-1.87724
"TV-FOOTPRINT-CALIBRATION-001|MM-V1|BINANCE:BTCUSDT|5|1790526000000",eb0e3f738b5086b89b47bf4be1a4adf43b1867605ae169f6d1da25d969b4386b,1790525700000,1790526000000,20.7905,4.9758
"TV-FOOTPRINT-CALIBRATION-001|MM-V1|BINANCE:BTCUSDT|5|1790526300000",52ab9aaa376d6683b0951f0c31e8944d07cf07a0698ce37e9af8514fe1e21f1d,1790526000000,1790526300000,45.36843,19.78445
"TV-FOOTPRINT-CALIBRATION-001|MM-V1|BINANCE:BTCUSDT|5|1790526600000",aef88477b6d11f0265a7c188317b754b45309225e4f11bcba23e68ac45219318,1790526300000,1790526600000,34.13546,-1.319
"TV-FOOTPRINT-CALIBRATION-001|MM-V1|BINANCE:BTCUSDT|5|1790526900000",113a8e169bb2f13515d7d725872c11184f04b38e30cc9f2775712e5dcd9979b5,1790526600000,1790526900000,35.70368,-4.28104
"TV-FOOTPRINT-CALIBRATION-001|MM-V1|BINANCE:BTCUSDT|5|1790527200000",1b58d42596965080d86674052586880f75d62e7344e81c07618dcfa2719925d0,1790526900000,1790527200000,35.37916,-10.74116
"TV-FOOTPRINT-CALIBRATION-001|MM-V1|BINANCE:BTCUSDT|5|1790527500000",868cacc1b9d6d32d3cfc35017da05336f5a9bf4ad2c81fb9e067da56da41c384,1790527200000,1790527500000,23.88983,-10.82599
"TV-FOOTPRINT-CALIBRATION-001|MM-V1|BINANCE:BTCUSDT|5|1790527800000",dc44d5ef776c54fcab2cfce24278d5428b7f7e6824b9af56a94fd4959deff834,1790527500000,1790527800000,27.25277,-0.51341
"TV-FOOTPRINT-CALIBRATION-001|MM-V1|BINANCE:BTCUSDT|5|1790528100000",72713c2d3a4a162e299dcf9c5273c31c791ef04f55d388979f40a085c5dcfb2a,1790527800000,1790528100000,20.1392,0.59912
"TV-FOOTPRINT-CALIBRATION-001|MM-V1|BINANCE:BTCUSDT|5|1790528400000",1392d431ef3b554de963de7f8299c545ced8823c60fafbda99be0f55d53d70bd,1790528100000,1790528400000,13.18106,-1.51832
"TV-FOOTPRINT-CALIBRATION-001|MM-V1|BINANCE:BTCUSDT|5|1790528700000",a312c060f965312184cae52aec20c502bb9b3505e7777da57de2962803ceccc5,1790528400000,1790528700000,17.06454,2.94384
"TV-FOOTPRINT-CALIBRATION-001|MM-V1|BINANCE:BTCUSDT|5|1790529000000",1fc60ff785dbf45f7f711c75c409ae6ffe3e1c23aefc444b592e720715149a00,1790528700000,1790529000000,43.84745,-15.05635
"TV-FOOTPRINT-CALIBRATION-001|MM-V1|BINANCE:BTCUSDT|5|1790529300000",a76c019bc1babd9926831617a8c9370840941df439daf8e4703ba0141df52295,1790529000000,1790529300000,41.66627,-13.84387
"TV-FOOTPRINT-CALIBRATION-001|MM-V1|BINANCE:BTCUSDT|5|1790529600000",195099923cd44adb33dc3ce923b5fdbf3d40f820c1fc7197ddd5622f3ecd92d7,1790529300000,1790529600000,22.659,3.31992
"TV-FOOTPRINT-CALIBRATION-001|MM-V1|BINANCE:BTCUSDT|5|1790529900000",ba90817cbf152afe3c32e5d210281bcb1663a0e781ae4878b54367b768fb9aa8,1790529600000,1790529900000,28.74122,-16.80414
"TV-FOOTPRINT-CALIBRATION-001|MM-V1|BINANCE:BTCUSDT|5|1790530200000",0f1c3d256d5998bc81f9b067daabc234e0bacc60300d6ed9084ab58ff6468706,1790529900000,1790530200000,9.14142,-4.84554
"TV-FOOTPRINT-CALIBRATION-001|MM-V1|BINANCE:BTCUSDT|5|1790530500000",89ea518b44f470e0d1a05c424a70a7cc4ea13ae9b317f861b21375daf0ddd1b2,1790530200000,1790530500000,25.55615,-4.92337
"TV-FOOTPRINT-CALIBRATION-001|MM-V1|BINANCE:BTCUSDT|5|1790530800000",5b71d281d5704854a55b6a3558d110e4f891255d66afac2e9e20d10b15a71532,1790530500000,1790530800000,31.98601,-18.76203
"TV-FOOTPRINT-CALIBRATION-001|MM-V1|BINANCE:BTCUSDT|5|1790531100000",2d17c7155524d5cd15d42fbf93632d1e18e36ce97f7b51c650e4224177333489,1790530800000,1790531100000,6.19782,0.01316
"TV-FOOTPRINT-CALIBRATION-001|MM-V1|BINANCE:BTCUSDT|5|1790531400000",412f7a7a5df1ff6d14bcccf29c32408c89596bb960925058244734da15109d3f,1790531100000,1790531400000,9.85855,7.38405
"TV-FOOTPRINT-CALIBRATION-001|MM-V1|BINANCE:BTCUSDT|5|1790531700000",f339b6c2c77b7eb5b9af0862f7b9f7fad4ba401f4f04c8f53f87932cea221442,1790531400000,1790531700000,6.2281,-3.14188
"TV-FOOTPRINT-CALIBRATION-001|MM-V1|BINANCE:BTCUSDT|5|1790532000000",4880d559220d00321a13b47beff2e577ecdec4085a012476782cfeb2b01fb155,1790531700000,1790532000000,5.0562,2.4533
"TV-FOOTPRINT-CALIBRATION-001|MM-V1|BINANCE:BTCUSDT|5|1790532300000",b0bef1d5657c410389ef6bb615c3f1727e74c199e8d189b17776985df388588c,1790532000000,1790532300000,13.83714,-3.47696
"TV-FOOTPRINT-CALIBRATION-001|MM-V1|BINANCE:BTCUSDT|5|1790532600000",5c0cd49602c5cd68a859018402a19194c9957f64c7ae30cd49089650d420295e,1790532300000,1790532600000,10.82275,3.99847
"TV-FOOTPRINT-CALIBRATION-001|MM-V1|BINANCE:BTCUSDT|5|1790532900000",698ef65fdb8febbe5bc92fa2f54963eff7074131f9ec83e840dd2c02b13addd1,1790532600000,1790532900000,18.50919,2.05841
"TV-FOOTPRINT-CALIBRATION-001|MM-V1|BINANCE:BTCUSDT|5|1790533200000",09d7162608e12246e941a538992b922bd036bbc2b55b413ce8bf4ec3b4506b19,1790532900000,1790533200000,14.86335,1.37291
"TV-FOOTPRINT-CALIBRATION-001|MM-V1|BINANCE:BTCUSDT|5|1790533500000",ccd8e5ef27de984d6eeb2cecb91b9a5fcfe15d310c1ddb8eb44e9b99cf62faaa,1790533200000,1790533500000,26.77455,6.41437
"TV-FOOTPRINT-CALIBRATION-001|MM-V1|BINANCE:BTCUSDT|5|1790533800000",f2ae3cab33d200f96a2c78736c1267b5c3222a78899b10022158aaff5a9f5fb1,1790533500000,1790533800000,10.99504,5.84048
"TV-FOOTPRINT-CALIBRATION-001|MM-V1|BINANCE:BTCUSDT|5|1790534100000",a37fc18a63bfc4ec61e66a8a445251ea1f5d1bb395d540b4d0a6e0b691a4fad2,1790533800000,1790534100000,25.34307,-6.36951
"TV-FOOTPRINT-CALIBRATION-001|MM-V1|BINANCE:BTCUSDT|5|1790534400000",fd2616a13222a9fef310edcac6e70502826d5e813acc15909f23abb92d06e4b8,1790534100000,1790534400000,12.18905,-3.06317
"TV-FOOTPRINT-CALIBRATION-001|MM-V1|BINANCE:BTCUSDT|5|1790534700000",d8aa2373becd6e77782fea1a0e34106e808ad6d1dd4d7eb829e7ff4139e00e96,1790534400000,1790534700000,49.57366,37.74662
"TV-FOOTPRINT-CALIBRATION-001|MM-V1|BINANCE:BTCUSDT|5|1790535000000",892e21678b4e58770d7eca7c2eb3c5cb47eaf9fcb8cfd4a4831219c029b63c24,1790534700000,1790535000000,23.80823,5.52913
"TV-FOOTPRINT-CALIBRATION-001|MM-V1|BINANCE:BTCUSDT|5|1790535300000",3b7d515d05168468d51e59a24388d8576b4008861d3d860c478a7874070b83c1,1790535000000,1790535300000,16.74257,2.10727
"TV-FOOTPRINT-CALIBRATION-001|MM-V1|BINANCE:BTCUSDT|5|1790535600000",6a510c1af724eb5564acd1ed4f63f4e20ce78db8daf1649fe95f748eeaabc707,1790535300000,1790535600000,20.85788,9.1241
"TV-FOOTPRINT-CALIBRATION-001|MM-V1|BINANCE:BTCUSDT|5|1790535900000",5dc14bdbd205a2da9bfee4095b1859b7b5391009ac3a1b7740e7c7db619796c8,1790535600000,1790535900000,21.89707,-5.71229
"TV-FOOTPRINT-CALIBRATION-001|MM-V1|BINANCE:BTCUSDT|5|1790536200000",9b1bcd6dcc3e310a7a08e160328bfe7ac3894ac5bd61c35eb3a9b4a446e4cf54,1790535900000,1790536200000,6.21543,3.24287
"TV-FOOTPRINT-CALIBRATION-001|MM-V1|BINANCE:BTCUSDT|5|1790536500000",d4bf0c4e0b13dd7f03f59d929e8d72b79c31b62d0dbe0b6a9dc9175402e1f9ff,1790536200000,1790536500000,11.91627,-4.13221
"TV-FOOTPRINT-CALIBRATION-001|MM-V1|BINANCE:BTCUSDT|5|1790536800000",e61ab6b1b5ce4a5499a75893b11a109e49852cdee51e052df31591b710c56dd4,1790536500000,1790536800000,14.2232,8.06456
"TV-FOOTPRINT-CALIBRATION-001|MM-V1|BINANCE:BTCUSDT|5|1790537100000",5baf80ac91afc3bb3a151ecd9ab18a54b37452cd3f64fc4428da10756be37678,1790536800000,1790537100000,12.61219,-4.72735
"TV-FOOTPRINT-CALIBRATION-001|MM-V1|BINANCE:BTCUSDT|5|1790537400000",8077bf646df4218f2f9a7436b788e8d3608b2c6142e86651502696ef580da28c,1790537100000,1790537400000,37.25221,-18.70419
"TV-FOOTPRINT-CALIBRATION-001|MM-V1|BINANCE:BTCUSDT|5|1790537700000",43b1507fb6f0e181e121ce388deb088eb90d614c008a0aec3ea44b9d4b2f2704,1790537400000,1790537700000,28.91592,7.23984
"TV-FOOTPRINT-CALIBRATION-001|MM-V1|BINANCE:BTCUSDT|5|1790538000000",e92e6b72a72d4faf1adbbd07a603cd4018bb57d96e906d56a6d29a43bfd63719,1790537700000,1790538000000,16.7428,9.11256
"TV-FOOTPRINT-CALIBRATION-001|MM-V1|BINANCE:BTCUSDT|5|1790538300000",c8f90bf7487caef6c1ae7e1296e122ee67bd02c5c586c939e92432cb7661267b,1790538000000,1790538300000,16.23508,-7.19976
"TV-FOOTPRINT-CALIBRATION-001|MM-V1|BINANCE:BTCUSDT|5|1790538600000",dadd25c98b82bb6b59d0aa0225f3cf4127045e0fd6f7ee91a8abde1c079bb680,1790538300000,1790538600000,14.51789,-1.00491
"TV-FOOTPRINT-CALIBRATION-001|MM-V1|BINANCE:BTCUSDT|5|1790538900000",a609001574b1c13594039e95c87357029f1e90b3dfc322e7e8f9dcab01e080d1,1790538600000,1790538900000,7.21148,-4.51916
"TV-FOOTPRINT-CALIBRATION-001|MM-V1|BINANCE:BTCUSDT|5|1790539200000",97fd6d5b8b1de58c7ad2434c0ca51ec46630dd0da0467812c3c9fffa5568634b,1790538900000,1790539200000,19.44324,-0.63074
"TV-FOOTPRINT-CALIBRATION-001|MM-V1|BINANCE:BTCUSDT|5|1790539500000",9919c24b13d704ef2490184894dc600d1cf0b15ef9213878a137e89aee91db7a,1790539200000,1790539500000,4.55423,2.24435
"TV-FOOTPRINT-CALIBRATION-001|MM-V1|BINANCE:BTCUSDT|5|1790539800000",0c4a2ea39ced95a5029cf708a6b1581593f6e8a55d5f99d9b34747afab7d2ae7,1790539500000,1790539800000,14.30535,4.80411
"TV-FOOTPRINT-CALIBRATION-001|MM-V1|BINANCE:BTCUSDT|5|1790540100000",7dfe4d274d72724cb34603e2e1d0439bf56c6ce02782025f805dff41e87f78c9,1790539800000,1790540100000,8.90693,8.04841
"TV-FOOTPRINT-CALIBRATION-001|MM-V1|BINANCE:BTCUSDT|5|1790540400000",dc0246cb9da4f95e39f834b41e7a9de3e03868035a78178cf5b70cfdf7526bc0,1790540100000,1790540400000,17.42284,-2.19566
"TV-FOOTPRINT-CALIBRATION-001|MM-V1|BINANCE:BTCUSDT|5|1790540700000",ee1023945b6273de2c0aeb1c2db34f641e54276959cd1569deebde61503af86d,1790540400000,1790540700000,27.59106,-6.7396
"TV-FOOTPRINT-CALIBRATION-001|MM-V1|BINANCE:BTCUSDT|5|1790541000000",72fce8e98d91b92338519cb1b82d838ccd4aa50a95e329ce7e352bb69ab9253f,1790540700000,1790541000000,16.44678,-3.24166
"TV-FOOTPRINT-CALIBRATION-001|MM-V1|BINANCE:BTCUSDT|5|1790541300000",945ef96c6e40d6057ef0b27de55b3a0d14e86d9bd75c9052ede7d2a46760075f,1790541000000,1790541300000,16.1922,-4.3418
"TV-FOOTPRINT-CALIBRATION-001|MM-V1|BINANCE:BTCUSDT|5|1790541600000",6943aa67c8d972534141f9b9d10c7c0500ec0518d2e079baee8b31c49c099516,1790541300000,1790541600000,24.80559,-14.03521
"TV-FOOTPRINT-CALIBRATION-001|MM-V1|BINANCE:BTCUSDT|5|1790541900000",6cc50eae673fd79ca2139774ac64871c9129069261754a581f9fb4acbf82eeb3,1790541600000,1790541900000,11.87916,10.23894
"TV-FOOTPRINT-CALIBRATION-001|MM-V1|BINANCE:BTCUSDT|5|1790542200000",16c1f1f06028e6e4b03fc5f6c3606ff3a0b865d2fed9c4a7c3c67ddc1dc6a78a,1790541900000,1790542200000,48.8039,-18.34124
"TV-FOOTPRINT-CALIBRATION-001|MM-V1|BINANCE:BTCUSDT|5|1790542500000",f5cae65d908d02880bd3c63240aba304141fd373c0e27ea61e7faf9d40186b93,1790542200000,1790542500000,18.27387,-2.01579
"TV-FOOTPRINT-CALIBRATION-001|MM-V1|BINANCE:BTCUSDT|5|1790542800000",114ba48cbacbabdf6d566d6848606ce3fe2d8371f168e5ca1c1579e9dfb2a8a3,1790542500000,1790542800000,12.05678,-1.30506
"TV-FOOTPRINT-CALIBRATION-001|MM-V1|BINANCE:BTCUSDT|5|1790543100000",3ef21881432d287d116378523066e8e39ab47e043fca14985c5e7b35223f5a41,1790542800000,1790543100000,17.74256,1.32572
"TV-FOOTPRINT-CALIBRATION-001|MM-V1|BINANCE:BTCUSDT|5|1790543400000",b289f3f020e37ad9bba5ad0d1f78a7ccffaecce0e50a5d9cab79deeae36ca1ff,1790543100000,1790543400000,8.89961,-1.89643
"TV-FOOTPRINT-CALIBRATION-001|MM-V1|BINANCE:BTCUSDT|5|1790543700000",238677693b77126a5c5cfe947217bcc8ef5bd6b9ad36bf83c24b98ceb13efcac,1790543400000,1790543700000,14.40256,10.92846
"TV-FOOTPRINT-CALIBRATION-001|MM-V1|BINANCE:BTCUSDT|5|1790544000000",83c72c6423480543b42c9c48a6e5cb33335d5afb641e36dfa76b542bba4151e1,1790543700000,1790544000000,16.99089,-8.02861
"TV-FOOTPRINT-CALIBRATION-001|MM-V1|BINANCE:BTCUSDT|5|1790544300000",2650eed333700d93a6ca6479e006078a1aeb641ef9525d7cec5a248acbd87c2b,1790544000000,1790544300000,8.20472,-3.67358
"TV-FOOTPRINT-CALIBRATION-001|MM-V1|BINANCE:BTCUSDT|5|1790544600000",20c655bfaf0309cb16e6dbd30ad7cd7ee80dfccdb2758de13c5bb6236cc2ed4f,1790544300000,1790544600000,17.49179,-8.03799
"TV-FOOTPRINT-CALIBRATION-001|MM-V1|BINANCE:BTCUSDT|5|1790544900000",42d456e20d3b8ced4782f36665f95bf4d60b44f2538dc5463f310b08a1c9894b,1790544600000,1790544900000,18.47348,0.83634
"TV-FOOTPRINT-CALIBRATION-001|MM-V1|BINANCE:BTCUSDT|5|1790545200000",c1eec7405f40ada2b373a7f783ebcd132053105cbd10937a3687e9cc654113e4,1790544900000,1790545200000,25.94945,-8.50071
"TV-FOOTPRINT-CALIBRATION-001|MM-V1|BINANCE:BTCUSDT|5|1790545500000",bdf386a91f910bfd91d9b70979a492beab95c7234d7e3bebaf085b0e990bfb1f,1790545200000,1790545500000,58.95548,-21.07808
"TV-FOOTPRINT-CALIBRATION-001|MM-V1|BINANCE:BTCUSDT|5|1790545800000",4704a3bcdf42394754552b8b375b8453cc3f818d4879ceda6e9ebdd5b1271c82,1790545500000,1790545800000,30.52949,20.88223
"TV-FOOTPRINT-CALIBRATION-001|MM-V1|BINANCE:BTCUSDT|5|1790546100000",4f82ce0db04d6d998b8d6cc000c6c6f9d103a7db5c7aa5e67f6babe333bf7c9c,1790545800000,1790546100000,9.22119,2.07893
"TV-FOOTPRINT-CALIBRATION-001|MM-V1|BINANCE:BTCUSDT|5|1790546400000",9a80f9010378e6d9a532a295110ab893c4704236aaf8e47e2b5f738238b89e2c,1790546100000,1790546400000,21.61524,2.72794
"TV-FOOTPRINT-CALIBRATION-001|MM-V1|BINANCE:BTCUSDT|5|1790546700000",82140de06a3ea88fb69b0b3df8c249af14c5737dea5217a8e35cef498a4ef769,1790546400000,1790546700000,64.52538,-5.8267
"TV-FOOTPRINT-CALIBRATION-001|MM-V1|BINANCE:BTCUSDT|5|1790547000000",a96ef1d10860537b0c4f6799337e4f4bfbb19a7ac1bad6b0431f5f3279151f00,1790546700000,1790547000000,40.50159,-2.41677
"TV-FOOTPRINT-CALIBRATION-001|MM-V1|BINANCE:BTCUSDT|5|1790547300000",0372047d21945690fb7d5016285305503dac6434dfa449895abb9a24385faea4,1790547000000,1790547300000,47.31349,-25.18469
"TV-FOOTPRINT-CALIBRATION-001|MM-V1|BINANCE:BTCUSDT|5|1790547600000",4e9912bf0ea614e5867d400898eca103b5d14b432d0d756f1cce857d09b73f42,1790547300000,1790547600000,38.41609,-2.19543
"TV-FOOTPRINT-CALIBRATION-001|MM-V1|BINANCE:BTCUSDT|5|1790547900000",e333f590567daa627b5eb3b3b71076f5a631ddb25eff01dbc2843af8b810e493,1790547600000,1790547900000,21.16135,-2.87403
"TV-FOOTPRINT-CALIBRATION-001|MM-V1|BINANCE:BTCUSDT|5|1790548200000",000bde61a60684bf02e0673b889806f0302ba0fa4f29da9448300736d38590d3,1790547900000,1790548200000,16.74304,-0.77856
"TV-FOOTPRINT-CALIBRATION-001|MM-V1|BINANCE:BTCUSDT|5|1790548500000",aa0344d955e87fb5e4c4e6362135df1d00a485424228f5513aac0281c5ce522b,1790548200000,1790548500000,25.2453,-18.44796
"TV-FOOTPRINT-CALIBRATION-001|MM-V1|BINANCE:BTCUSDT|5|1790548800000",f66b4f0f6cb1a351ae7389fd41955bd4912fe99a823b55c79952f62488c081d7,1790548500000,1790548800000,89.67302,-44.82784
"TV-FOOTPRINT-CALIBRATION-001|MM-V1|BINANCE:BTCUSDT|5|1790549100000",ab9c704345d599219958d4a66bbc9c7fec0ff8aae1c5fe7c40ce54a7dff00856,1790548800000,1790549100000,25.84706,0.8447
"TV-FOOTPRINT-CALIBRATION-001|MM-V1|BINANCE:BTCUSDT|5|1790549400000",ed80922eb4d288fb70d184044a490e68fb2ff99acc70656903775fcd8045ccc4,1790549100000,1790549400000,24.74131,-2.51205
"TV-FOOTPRINT-CALIBRATION-001|MM-V1|BINANCE:BTCUSDT|5|1790549700000",9766ff5d8fce938b18193d44125745e6f5daf37626dbfe09ef0710c184eb6a4e,1790549400000,1790549700000,22.35261,6.71691
"TV-FOOTPRINT-CALIBRATION-001|MM-V1|BINANCE:BTCUSDT|5|1790550000000",60f7eedb8f0ac831e220af9e93b9d168c6bd49e9a78c0135df9e5152d68769d9,1790549700000,1790550000000,15.56982,0.13324
"TV-FOOTPRINT-CALIBRATION-001|MM-V1|BINANCE:BTCUSDT|5|1790550300000",ae715e4ce4ad0055af2a98ac439afa1959e725b780a2fe2a7232955b47540ac0,1790550000000,1790550300000,29.32965,4.76343
"TV-FOOTPRINT-CALIBRATION-001|MM-V1|BINANCE:BTCUSDT|5|1790550600000",a4ca71ab593bedf90287326e3334d6ac4eb42fdfe18259a4f0bf1f3f3e41c134,1790550300000,1790550600000,19.48708,-9.54876
"TV-FOOTPRINT-CALIBRATION-001|MM-V1|BINANCE:BTCUSDT|5|1790550900000",4eb7c08a65630e6344365de3f1e554a101f22881d21caa1a30abe55d1ff89ccf,1790550600000,1790550900000,47.48067,20.74595
"TV-FOOTPRINT-CALIBRATION-001|MM-V1|BINANCE:BTCUSDT|5|1790551200000",8d8e0f6f63a3e0258248bea39a31cdffc522a5016ab823b08bad360669d6d90b,1790550900000,1790551200000,45.0336,6.66872
"TV-FOOTPRINT-CALIBRATION-001|MM-V1|BINANCE:BTCUSDT|5|1790551500000",a2506c2e33ab3aedbdc0f1dc6cb4c4e3d4a46b88e59f7acb3bdb6e5b8c05de60,1790551200000,1790551500000,25.02544,7.61336
"TV-FOOTPRINT-CALIBRATION-001|MM-V1|BINANCE:BTCUSDT|5|1790551800000",e898b61f5f4f7a87d665cf7a50084061d78582b33bd6805ee851f529925e9fae,1790551500000,1790551800000,42.9171,12.3261
"TV-FOOTPRINT-CALIBRATION-001|MM-V1|BINANCE:BTCUSDT|5|1790552100000",26baa1812333ae943e457989cc36f680dfc940daf112c50f33665b23610bf205,1790551800000,1790552100000,29.61553,10.71801
"TV-FOOTPRINT-CALIBRATION-001|MM-V1|BINANCE:BTCUSDT|5|1790552400000",53db92f53fd6a4fb00dbaa8e69e510f4ddd520c14d2158058d6b1a69026d07a7,1790552100000,1790552400000,18.13121,-2.10799
"TV-FOOTPRINT-CALIBRATION-001|MM-V1|BINANCE:BTCUSDT|5|1790552700000",589c55838464bc00ca4c436581ceef0884a86be104071606c80cc828ec120a52,1790552400000,1790552700000,15.04066,-4.37322
"TV-FOOTPRINT-CALIBRATION-001|MM-V1|BINANCE:BTCUSDT|5|1790553000000",48edef8b5149a169f57e1a87181b597aa32b0bdcb76eda9917d7d282ff9f66c2,1790552700000,1790553000000,25.65199,14.12695
"TV-FOOTPRINT-CALIBRATION-001|MM-V1|BINANCE:BTCUSDT|5|1790553300000",df907fd4ddbf28f67b6472d54f24f40b46efd1f04289d99ad3711159b9adf52b,1790553000000,1790553300000,35.0358,-8.88952
"TV-FOOTPRINT-CALIBRATION-001|MM-V1|BINANCE:BTCUSDT|5|1790553600000",20730aafc0bc49cafc4d3aafe580fac8ea60509db8c1c4fb1b87ee9e7defc945,1790553300000,1790553600000,59.04327,31.25447
"TV-FOOTPRINT-CALIBRATION-001|MM-V1|BINANCE:BTCUSDT|5|1790553900000",301fef02a0c67d1d3ab9ff75b9ecd6fa85f9defa3f5fcc591274fe7db32c11dd,1790553600000,1790553900000,27.73869,7.41939
"TV-FOOTPRINT-CALIBRATION-001|MM-V1|BINANCE:BTCUSDT|5|1790554200000",a9c42baade2b5039bd2ac2bc9c64c9d15113a60a739b6f0725b7f215262aded5,1790553900000,1790554200000,30.49515,-14.05769
"TV-FOOTPRINT-CALIBRATION-001|MM-V1|BINANCE:BTCUSDT|5|1790554500000",b04b56636a4bb603b003d9b9af77e41d6d95c12b54d1e275c9dcdb0c44f65e58,1790554200000,1790554500000,16.02864,3.6336
"TV-FOOTPRINT-CALIBRATION-001|MM-V1|BINANCE:BTCUSDT|5|1790554800000",5b0fcefe6113e1fce6e4e0436f2bda50bc854375f200c9e3c54fa838ff4efb38,1790554500000,1790554800000,38.42046,24.46592
"TV-FOOTPRINT-CALIBRATION-001|MM-V1|BINANCE:BTCUSDT|5|1790555100000",2fc8e53ab7afb4916c4396c51b12cba36f9a88e08a4052295ac8a86955215b2e,1790554800000,1790555100000,164.08594,51.14306
"TV-FOOTPRINT-CALIBRATION-001|MM-V1|BINANCE:BTCUSDT|5|1790555400000",c5408bd562f693df914dff5b962c6d24edf85d2560170eb215ddb224e6b83ef0,1790555100000,1790555400000,56.63571,-3.56061
"TV-FOOTPRINT-CALIBRATION-001|MM-V1|BINANCE:BTCUSDT|5|1790555700000",bb6335b6f4c1169c58f2c991682f4b9b6aff450c6549ffcb2d8d5ae44e7f4298,1790555400000,1790555700000,175.70145,-33.89907
